[0.000000] (-) TimerEvent: {}
[0.001273] (-) JobUnselected: {'identifier': 'car_base_driver'}
[0.001989] (-) JobUnselected: {'identifier': 'car_control_tools'}
[0.002817] (-) JobUnselected: {'identifier': 'car_model_urdf'}
[0.003743] (-) JobUnselected: {'identifier': 'car_navigation'}
[0.004032] (-) JobUnselected: {'identifier': 'ydlidar_ros2_driver'}
[0.004247] (openslam_gmapping) JobQueued: {'identifier': 'openslam_gmapping', 'dependencies': OrderedDict()}
[0.004452] (slam_gmapping) JobQueued: {'identifier': 'slam_gmapping', 'dependencies': OrderedDict([('openslam_gmapping', '/home/sunrise/Robot_Car/install/openslam_gmapping')])}
[0.004657] (openslam_gmapping) JobStarted: {'identifier': 'openslam_gmapping'}
[0.058280] (openslam_gmapping) JobProgress: {'identifier': 'openslam_gmapping', 'progress': 'cmake'}
[0.060935] (openslam_gmapping) Command: {'cmd': ['/usr/bin/cmake', '/home/sunrise/Robot_Car/src/openslam_gmapping', '-DCMAKE_BUILD_TYPE=Release', '-DAMENT_CMAKE_SYMLINK_INSTALL=1', '-DCMAKE_INSTALL_PREFIX=/home/sunrise/Robot_Car/install/openslam_gmapping'], 'cwd': '/home/sunrise/Robot_Car/build/openslam_gmapping', 'env': OrderedDict([('LANGUAGE', 'zh_CN'), ('USER', 'sunrise'), ('XDG_SEAT', 'seat0'), ('SSH_AGENT_PID', '4283'), ('XDG_SESSION_TYPE', 'x11'), ('SHLVL', '1'), ('LD_LIBRARY_PATH', '/opt/ros/humble/opt/rviz_ogre_vendor/lib:/opt/ros/humble/lib/aarch64-linux-gnu:/opt/ros/humble/lib'), ('HOME', '/home/sunrise'), ('OLDPWD', '/home/sunrise/Robot_Car'), ('DESKTOP_SESSION', 'xfce'), ('ROS_PYTHON_VERSION', '3'), ('XDG_SEAT_PATH', '/org/freedesktop/DisplayManager/Seat0'), ('DBUS_SESSION_BUS_ADDRESS', 'unix:path=/run/user/1000/bus'), ('COLORTERM', 'truecolor'), ('ROS_DISTRO', 'humble'), ('GTK_IM_MODULE', 'ibus'), ('LOGNAME', 'sunrise'), ('WINDOWID', '67119595'), ('_', '/usr/bin/colcon'), ('ROS_VERSION', '2'), ('XDG_SESSION_CLASS', 'user'), ('TERM', 'xterm-256color'), ('XDG_SESSION_ID', 'c2'), ('ROS_LOCALHOST_ONLY', '0'), ('PATH', '/opt/ros/humble/bin:/usr/local/sbin:/usr/local/bin:/usr/sbin:/usr/bin:/sbin:/bin:/usr/games:/usr/local/games:/snap/bin'), ('SESSION_MANAGER', 'local/ubuntu:@/tmp/.ICE-unix/3780,unix/ubuntu:/tmp/.ICE-unix/3780'), ('GDM_LANG', 'zh_CN'), ('XDG_SESSION_PATH', '/org/freedesktop/DisplayManager/Session0'), ('XDG_MENU_PREFIX', 'xfce-'), ('XDG_RUNTIME_DIR', '/run/user/1000'), ('DISPLAY', ':0.0'), ('LANG', 'zh_CN.UTF-8'), ('XDG_CURRENT_DESKTOP', 'XFCE'), ('XMODIFIERS', '@im=ibus'), ('XDG_SESSION_DESKTOP', 'xfce'), ('XAUTHORITY', '/home/sunrise/.Xauthority'), ('LS_COLORS', 'rs=0:di=01;34:ln=01;36:mh=00:pi=40;33:so=01;35:do=01;35:bd=40;33;01:cd=40;33;01:or=40;31;01:mi=00:su=37;41:sg=30;43:ca=30;41:tw=30;42:ow=34;42:st=37;44:ex=01;32:*.tar=01;31:*.tgz=01;31:*.arc=01;31:*.arj=01;31:*.taz=01;31:*.lha=01;31:*.lz4=01;31:*.lzh=01;31:*.lzma=01;31:*.tlz=01;31:*.txz=01;31:*.tzo=01;31:*.t7z=01;31:*.zip=01;31:*.z=01;31:*.dz=01;31:*.gz=01;31:*.lrz=01;31:*.lz=01;31:*.lzo=01;31:*.xz=01;31:*.zst=01;31:*.tzst=01;31:*.bz2=01;31:*.bz=01;31:*.tbz=01;31:*.tbz2=01;31:*.tz=01;31:*.deb=01;31:*.rpm=01;31:*.jar=01;31:*.war=01;31:*.ear=01;31:*.sar=01;31:*.rar=01;31:*.alz=01;31:*.ace=01;31:*.zoo=01;31:*.cpio=01;31:*.7z=01;31:*.rz=01;31:*.cab=01;31:*.wim=01;31:*.swm=01;31:*.dwm=01;31:*.esd=01;31:*.jpg=01;35:*.jpeg=01;35:*.mjpg=01;35:*.mjpeg=01;35:*.gif=01;35:*.bmp=01;35:*.pbm=01;35:*.pgm=01;35:*.ppm=01;35:*.tga=01;35:*.xbm=01;35:*.xpm=01;35:*.tif=01;35:*.tiff=01;35:*.png=01;35:*.svg=01;35:*.svgz=01;35:*.mng=01;35:*.pcx=01;35:*.mov=01;35:*.mpg=01;35:*.mpeg=01;35:*.m2v=01;35:*.mkv=01;35:*.webm=01;35:*.webp=01;35:*.ogm=01;35:*.mp4=01;35:*.m4v=01;35:*.mp4v=01;35:*.vob=01;35:*.qt=01;35:*.nuv=01;35:*.wmv=01;35:*.asf=01;35:*.rm=01;35:*.rmvb=01;35:*.flc=01;35:*.avi=01;35:*.fli=01;35:*.flv=01;35:*.gl=01;35:*.dl=01;35:*.xcf=01;35:*.xwd=01;35:*.yuv=01;35:*.cgm=01;35:*.emf=01;35:*.ogv=01;35:*.ogx=01;35:*.aac=00;36:*.au=00;36:*.flac=00;36:*.m4a=00;36:*.mid=00;36:*.midi=00;36:*.mka=00;36:*.mp3=00;36:*.mpc=00;36:*.ogg=00;36:*.ra=00;36:*.wav=00;36:*.oga=00;36:*.opus=00;36:*.spx=00;36:*.xspf=00;36:'), ('SSH_AUTH_SOCK', '/tmp/ssh-XXXXXX0nnUTh/agent.4275'), ('ROS_DOMAIN_ID', '0'), ('XDG_GREETER_DATA_DIR', '/var/lib/lightdm-data/sunrise'), ('AMENT_PREFIX_PATH', '/opt/ros/humble'), ('SHELL', '/bin/bash'), ('GDMSESSION', 'xfce'), ('QT_IM_MODULE', 'ibus'), ('XDG_VTNR', '7'), ('PWD', '/home/sunrise/Robot_Car/build/openslam_gmapping'), ('XDG_CONFIG_DIRS', '/etc/xdg/xdg-xfce:/etc/xdg:/etc/xdg'), ('CLUTTER_IM_MODULE', 'ibus'), ('XDG_DATA_DIRS', '/usr/share/xfce4:/usr/local/share/:/usr/share/:/usr/share'), ('PYTHONPATH', '/opt/ros/humble/lib/python3.10/site-packages:/opt/ros/humble/local/lib/python3.10/dist-packages'), ('COLCON', '1'), ('VTE_VERSION', '6800'), ('CMAKE_PREFIX_PATH', '/opt/ros/humble')]), 'shell': False}
[0.098842] (-) TimerEvent: {}
[0.200160] (-) TimerEvent: {}
[0.301936] (-) TimerEvent: {}
[0.402853] (-) TimerEvent: {}
[0.503757] (-) TimerEvent: {}
[0.604628] (-) TimerEvent: {}
[0.641371] (openslam_gmapping) StdoutLine: {'line': b'-- The C compiler identification is GNU 11.2.0\n'}
[0.704833] (-) TimerEvent: {}
[0.805662] (-) TimerEvent: {}
[0.906615] (-) TimerEvent: {}
[1.007475] (-) TimerEvent: {}
[1.108425] (-) TimerEvent: {}
[1.186890] (openslam_gmapping) StdoutLine: {'line': b'-- The CXX compiler identification is GNU 11.2.0\n'}
[1.208600] (-) TimerEvent: {}
[1.227528] (openslam_gmapping) StdoutLine: {'line': b'-- Detecting C compiler ABI info\n'}
[1.308836] (-) TimerEvent: {}
[1.409985] (-) TimerEvent: {}
[1.510901] (-) TimerEvent: {}
[1.577732] (openslam_gmapping) StdoutLine: {'line': b'-- Detecting C compiler ABI info - done\n'}
[1.611084] (-) TimerEvent: {}
[1.629793] (openslam_gmapping) StdoutLine: {'line': b'-- Check for working C compiler: /usr/bin/cc - skipped\n'}
[1.632017] (openslam_gmapping) StdoutLine: {'line': b'-- Detecting C compile features\n'}
[1.635469] (openslam_gmapping) StdoutLine: {'line': b'-- Detecting C compile features - done\n'}
[1.659427] (openslam_gmapping) StdoutLine: {'line': b'-- Detecting CXX compiler ABI info\n'}
[1.711297] (-) TimerEvent: {}
[1.812219] (-) TimerEvent: {}
[1.913149] (-) TimerEvent: {}
[2.014015] (-) TimerEvent: {}
[2.047069] (openslam_gmapping) StdoutLine: {'line': b'-- Detecting CXX compiler ABI info - done\n'}
[2.104266] (openslam_gmapping) StdoutLine: {'line': b'-- Check for working CXX compiler: /usr/bin/c++ - skipped\n'}
[2.105619] (openslam_gmapping) StdoutLine: {'line': b'-- Detecting CXX compile features\n'}
[2.108557] (openslam_gmapping) StdoutLine: {'line': b'-- Detecting CXX compile features - done\n'}
[2.114248] (-) TimerEvent: {}
[2.126343] (openslam_gmapping) StdoutLine: {'line': b'-- Found ament_cmake: 1.3.12 (/opt/ros/humble/share/ament_cmake/cmake)\n'}
[2.214472] (-) TimerEvent: {}
[2.315426] (-) TimerEvent: {}
[2.416221] (-) TimerEvent: {}
[2.517113] (-) TimerEvent: {}
[2.618434] (-) TimerEvent: {}
[2.719335] (-) TimerEvent: {}
[2.820114] (-) TimerEvent: {}
[2.920947] (-) TimerEvent: {}
[3.021799] (-) TimerEvent: {}
[3.122705] (-) TimerEvent: {}
[3.223601] (-) TimerEvent: {}
[3.324471] (-) TimerEvent: {}
[3.425289] (-) TimerEvent: {}
[3.526079] (-) TimerEvent: {}
[3.626903] (-) TimerEvent: {}
[3.727822] (-) TimerEvent: {}
[3.828704] (-) TimerEvent: {}
[3.929549] (-) TimerEvent: {}
[4.030357] (-) TimerEvent: {}
[4.131208] (-) TimerEvent: {}
[4.232051] (-) TimerEvent: {}
[4.332954] (-) TimerEvent: {}
[4.433804] (-) TimerEvent: {}
[4.534841] (-) TimerEvent: {}
[4.635877] (-) TimerEvent: {}
[4.694202] (openslam_gmapping) StdoutLine: {'line': b'-- Found Python3: /usr/bin/python3 (found version "3.10.12") found components: Interpreter \n'}
[4.736060] (-) TimerEvent: {}
[4.836901] (-) TimerEvent: {}
[4.937671] (-) TimerEvent: {}
[5.038480] (-) TimerEvent: {}
[5.139408] (-) TimerEvent: {}
[5.161707] (openslam_gmapping) StdoutLine: {'line': b'-- Override CMake install command with custom implementation using symlinks instead of copying resources\n'}
[5.239634] (-) TimerEvent: {}
[5.340503] (-) TimerEvent: {}
[5.441378] (-) TimerEvent: {}
[5.542205] (-) TimerEvent: {}
[5.643078] (-) TimerEvent: {}
[5.743986] (-) TimerEvent: {}
[5.837257] (openslam_gmapping) StdoutLine: {'line': b'-- Configuring done\n'}
[5.844160] (-) TimerEvent: {}
[5.909568] (openslam_gmapping) StdoutLine: {'line': b'-- Generating done\n'}
[5.930069] (openslam_gmapping) StdoutLine: {'line': b'-- Build files have been written to: /home/sunrise/Robot_Car/build/openslam_gmapping\n'}
[5.944427] (-) TimerEvent: {}
[5.957729] (openslam_gmapping) CommandEnded: {'returncode': 0}
[5.960534] (openslam_gmapping) JobProgress: {'identifier': 'openslam_gmapping', 'progress': 'build'}
[5.964420] (openslam_gmapping) Command: {'cmd': ['/usr/bin/cmake', '--build', '/home/sunrise/Robot_Car/build/openslam_gmapping', '--', '-j4', '-l4'], 'cwd': '/home/sunrise/Robot_Car/build/openslam_gmapping', 'env': OrderedDict([('LANGUAGE', 'zh_CN'), ('USER', 'sunrise'), ('XDG_SEAT', 'seat0'), ('SSH_AGENT_PID', '4283'), ('XDG_SESSION_TYPE', 'x11'), ('SHLVL', '1'), ('LD_LIBRARY_PATH', '/opt/ros/humble/opt/rviz_ogre_vendor/lib:/opt/ros/humble/lib/aarch64-linux-gnu:/opt/ros/humble/lib'), ('HOME', '/home/sunrise'), ('OLDPWD', '/home/sunrise/Robot_Car'), ('DESKTOP_SESSION', 'xfce'), ('ROS_PYTHON_VERSION', '3'), ('XDG_SEAT_PATH', '/org/freedesktop/DisplayManager/Seat0'), ('DBUS_SESSION_BUS_ADDRESS', 'unix:path=/run/user/1000/bus'), ('COLORTERM', 'truecolor'), ('ROS_DISTRO', 'humble'), ('GTK_IM_MODULE', 'ibus'), ('LOGNAME', 'sunrise'), ('WINDOWID', '67119595'), ('_', '/usr/bin/colcon'), ('ROS_VERSION', '2'), ('XDG_SESSION_CLASS', 'user'), ('TERM', 'xterm-256color'), ('XDG_SESSION_ID', 'c2'), ('ROS_LOCALHOST_ONLY', '0'), ('PATH', '/opt/ros/humble/bin:/usr/local/sbin:/usr/local/bin:/usr/sbin:/usr/bin:/sbin:/bin:/usr/games:/usr/local/games:/snap/bin'), ('SESSION_MANAGER', 'local/ubuntu:@/tmp/.ICE-unix/3780,unix/ubuntu:/tmp/.ICE-unix/3780'), ('GDM_LANG', 'zh_CN'), ('XDG_SESSION_PATH', '/org/freedesktop/DisplayManager/Session0'), ('XDG_MENU_PREFIX', 'xfce-'), ('XDG_RUNTIME_DIR', '/run/user/1000'), ('DISPLAY', ':0.0'), ('LANG', 'zh_CN.UTF-8'), ('XDG_CURRENT_DESKTOP', 'XFCE'), ('XMODIFIERS', '@im=ibus'), ('XDG_SESSION_DESKTOP', 'xfce'), ('XAUTHORITY', '/home/sunrise/.Xauthority'), ('LS_COLORS', 'rs=0:di=01;34:ln=01;36:mh=00:pi=40;33:so=01;35:do=01;35:bd=40;33;01:cd=40;33;01:or=40;31;01:mi=00:su=37;41:sg=30;43:ca=30;41:tw=30;42:ow=34;42:st=37;44:ex=01;32:*.tar=01;31:*.tgz=01;31:*.arc=01;31:*.arj=01;31:*.taz=01;31:*.lha=01;31:*.lz4=01;31:*.lzh=01;31:*.lzma=01;31:*.tlz=01;31:*.txz=01;31:*.tzo=01;31:*.t7z=01;31:*.zip=01;31:*.z=01;31:*.dz=01;31:*.gz=01;31:*.lrz=01;31:*.lz=01;31:*.lzo=01;31:*.xz=01;31:*.zst=01;31:*.tzst=01;31:*.bz2=01;31:*.bz=01;31:*.tbz=01;31:*.tbz2=01;31:*.tz=01;31:*.deb=01;31:*.rpm=01;31:*.jar=01;31:*.war=01;31:*.ear=01;31:*.sar=01;31:*.rar=01;31:*.alz=01;31:*.ace=01;31:*.zoo=01;31:*.cpio=01;31:*.7z=01;31:*.rz=01;31:*.cab=01;31:*.wim=01;31:*.swm=01;31:*.dwm=01;31:*.esd=01;31:*.jpg=01;35:*.jpeg=01;35:*.mjpg=01;35:*.mjpeg=01;35:*.gif=01;35:*.bmp=01;35:*.pbm=01;35:*.pgm=01;35:*.ppm=01;35:*.tga=01;35:*.xbm=01;35:*.xpm=01;35:*.tif=01;35:*.tiff=01;35:*.png=01;35:*.svg=01;35:*.svgz=01;35:*.mng=01;35:*.pcx=01;35:*.mov=01;35:*.mpg=01;35:*.mpeg=01;35:*.m2v=01;35:*.mkv=01;35:*.webm=01;35:*.webp=01;35:*.ogm=01;35:*.mp4=01;35:*.m4v=01;35:*.mp4v=01;35:*.vob=01;35:*.qt=01;35:*.nuv=01;35:*.wmv=01;35:*.asf=01;35:*.rm=01;35:*.rmvb=01;35:*.flc=01;35:*.avi=01;35:*.fli=01;35:*.flv=01;35:*.gl=01;35:*.dl=01;35:*.xcf=01;35:*.xwd=01;35:*.yuv=01;35:*.cgm=01;35:*.emf=01;35:*.ogv=01;35:*.ogx=01;35:*.aac=00;36:*.au=00;36:*.flac=00;36:*.m4a=00;36:*.mid=00;36:*.midi=00;36:*.mka=00;36:*.mp3=00;36:*.mpc=00;36:*.ogg=00;36:*.ra=00;36:*.wav=00;36:*.oga=00;36:*.opus=00;36:*.spx=00;36:*.xspf=00;36:'), ('SSH_AUTH_SOCK', '/tmp/ssh-XXXXXX0nnUTh/agent.4275'), ('ROS_DOMAIN_ID', '0'), ('XDG_GREETER_DATA_DIR', '/var/lib/lightdm-data/sunrise'), ('AMENT_PREFIX_PATH', '/opt/ros/humble'), ('SHELL', '/bin/bash'), ('GDMSESSION', 'xfce'), ('QT_IM_MODULE', 'ibus'), ('XDG_VTNR', '7'), ('PWD', '/home/sunrise/Robot_Car/build/openslam_gmapping'), ('XDG_CONFIG_DIRS', '/etc/xdg/xdg-xfce:/etc/xdg:/etc/xdg'), ('CLUTTER_IM_MODULE', 'ibus'), ('XDG_DATA_DIRS', '/usr/share/xfce4:/usr/local/share/:/usr/share/:/usr/share'), ('PYTHONPATH', '/opt/ros/humble/lib/python3.10/site-packages:/opt/ros/humble/local/lib/python3.10/dist-packages'), ('COLCON', '1'), ('VTE_VERSION', '6800'), ('CMAKE_PREFIX_PATH', '/opt/ros/humble')]), 'shell': False}
[6.044617] (-) TimerEvent: {}
[6.137527] (openslam_gmapping) StdoutLine: {'line': b'[  9%] \x1b[32mBuilding CXX object utils/CMakeFiles/utils.dir/movement.cpp.o\x1b[0m\n'}
[6.139078] (openslam_gmapping) StdoutLine: {'line': b'[  9%] \x1b[32mBuilding CXX object sensor/sensor_base/CMakeFiles/sensor_base.dir/sensorreading.cpp.o\x1b[0m\n'}
[6.140503] (openslam_gmapping) StdoutLine: {'line': b'[ 13%] \x1b[32mBuilding CXX object sensor/sensor_base/CMakeFiles/sensor_base.dir/sensor.cpp.o\x1b[0m\n'}
[6.141937] (openslam_gmapping) StdoutLine: {'line': b'[ 18%] \x1b[32mBuilding CXX object utils/CMakeFiles/utils.dir/stat.cpp.o\x1b[0m\n'}
[6.144879] (-) TimerEvent: {}
[6.245940] (-) TimerEvent: {}
[6.346856] (-) TimerEvent: {}
[6.447820] (-) TimerEvent: {}
[6.548686] (-) TimerEvent: {}
[6.649837] (-) TimerEvent: {}
[6.757531] (-) TimerEvent: {}
[6.858842] (-) TimerEvent: {}
[6.960002] (-) TimerEvent: {}
[7.061140] (-) TimerEvent: {}
[7.162353] (-) TimerEvent: {}
[7.263589] (-) TimerEvent: {}
[7.364743] (-) TimerEvent: {}
[7.465892] (-) TimerEvent: {}
[7.567062] (-) TimerEvent: {}
[7.668226] (-) TimerEvent: {}
[7.769364] (-) TimerEvent: {}
[7.870580] (-) TimerEvent: {}
[7.971733] (-) TimerEvent: {}
[8.018861] (openslam_gmapping) StdoutLine: {'line': b'[ 22%] \x1b[32m\x1b[1mLinking CXX static library libsensor_base.a\x1b[0m\n'}
[8.071977] (-) TimerEvent: {}
[8.153911] (openslam_gmapping) StdoutLine: {'line': b'[ 22%] Built target sensor_base\n'}
[8.172248] (-) TimerEvent: {}
[8.240374] (openslam_gmapping) StdoutLine: {'line': b'[ 27%] \x1b[32mBuilding CXX object sensor/sensor_odometry/CMakeFiles/sensor_odometry.dir/odometryreading.cpp.o\x1b[0m\n'}
[8.272521] (-) TimerEvent: {}
[8.288136] (openslam_gmapping) StdoutLine: {'line': b'[ 31%] \x1b[32mBuilding CXX object sensor/sensor_range/CMakeFiles/sensor_range.dir/rangereading.cpp.o\x1b[0m\n'}
[8.372763] (-) TimerEvent: {}
[8.474104] (-) TimerEvent: {}
[8.575483] (-) TimerEvent: {}
[8.676907] (-) TimerEvent: {}
[8.778346] (-) TimerEvent: {}
[8.879929] (-) TimerEvent: {}
[8.940974] (openslam_gmapping) StdoutLine: {'line': b'[ 36%] \x1b[32mBuilding CXX object sensor/sensor_range/CMakeFiles/sensor_range.dir/rangesensor.cpp.o\x1b[0m\n'}
[8.942547] (openslam_gmapping) StdoutLine: {'line': b'[ 40%] \x1b[32m\x1b[1mLinking CXX static library libutils.a\x1b[0m\n'}
[8.980175] (-) TimerEvent: {}
[9.083310] (-) TimerEvent: {}
[9.090610] (openslam_gmapping) StdoutLine: {'line': b'[ 40%] Built target utils\n'}
[9.135044] (openslam_gmapping) StdoutLine: {'line': b'[ 45%] \x1b[32mBuilding CXX object sensor/sensor_odometry/CMakeFiles/sensor_odometry.dir/odometrysensor.cpp.o\x1b[0m\n'}
[9.183586] (-) TimerEvent: {}
[9.285053] (-) TimerEvent: {}
[9.386345] (-) TimerEvent: {}
[9.487835] (-) TimerEvent: {}
[9.589341] (-) TimerEvent: {}
[9.690853] (-) TimerEvent: {}
[9.795732] (-) TimerEvent: {}
[9.897218] (-) TimerEvent: {}
[9.998726] (-) TimerEvent: {}
[10.100188] (-) TimerEvent: {}
[10.201621] (-) TimerEvent: {}
[10.303200] (-) TimerEvent: {}
[10.404719] (-) TimerEvent: {}
[10.506274] (-) TimerEvent: {}
[10.609381] (-) TimerEvent: {}
[10.710632] (-) TimerEvent: {}
[10.812087] (-) TimerEvent: {}
[10.913620] (-) TimerEvent: {}
[11.015236] (-) TimerEvent: {}
[11.116593] (-) TimerEvent: {}
[11.118527] (openslam_gmapping) StdoutLine: {'line': b'[ 50%] \x1b[32m\x1b[1mLinking CXX static library libsensor_odometry.a\x1b[0m\n'}
[11.216852] (-) TimerEvent: {}
[11.265691] (openslam_gmapping) StdoutLine: {'line': b'[ 50%] Built target sensor_odometry\n'}
[11.317088] (-) TimerEvent: {}
[11.418146] (-) TimerEvent: {}
[11.519468] (-) TimerEvent: {}
[11.623175] (-) TimerEvent: {}
[11.724204] (-) TimerEvent: {}
[11.825185] (-) TimerEvent: {}
[11.869071] (openslam_gmapping) StdoutLine: {'line': b'[ 54%] \x1b[32m\x1b[1mLinking CXX static library libsensor_range.a\x1b[0m\n'}
[11.925445] (-) TimerEvent: {}
[11.975140] (openslam_gmapping) StdoutLine: {'line': b'[ 54%] Built target sensor_range\n'}
[12.025632] (-) TimerEvent: {}
[12.107242] (openslam_gmapping) StdoutLine: {'line': b'[ 63%] \x1b[32mBuilding CXX object scanmatcher/CMakeFiles/scanmatcher.dir/scanmatcherprocessor.cpp.o\x1b[0m\n'}
[12.108267] (openslam_gmapping) StdoutLine: {'line': b'[ 63%] \x1b[32mBuilding CXX object scanmatcher/CMakeFiles/scanmatcher.dir/eig3.cpp.o\x1b[0m\n'}
[12.111543] (openslam_gmapping) StdoutLine: {'line': b'[ 68%] \x1b[32mBuilding CXX object scanmatcher/CMakeFiles/scanmatcher.dir/smmap.cpp.o\x1b[0m\n'}
[12.115061] (openslam_gmapping) StdoutLine: {'line': b'[ 72%] \x1b[32mBuilding CXX object scanmatcher/CMakeFiles/scanmatcher.dir/scanmatcher.cpp.o\x1b[0m\n'}
[12.125901] (-) TimerEvent: {}
[12.226984] (-) TimerEvent: {}
[12.328143] (-) TimerEvent: {}
[12.429432] (-) TimerEvent: {}
[12.530794] (-) TimerEvent: {}
[12.632233] (-) TimerEvent: {}
[12.733766] (-) TimerEvent: {}
[12.835332] (-) TimerEvent: {}
[12.936855] (-) TimerEvent: {}
[13.038280] (-) TimerEvent: {}
[13.139873] (-) TimerEvent: {}
[13.241387] (-) TimerEvent: {}
[13.342821] (-) TimerEvent: {}
[13.444325] (-) TimerEvent: {}
[13.545710] (-) TimerEvent: {}
[13.647271] (-) TimerEvent: {}
[13.749025] (-) TimerEvent: {}
[13.850500] (-) TimerEvent: {}
[13.952033] (-) TimerEvent: {}
[14.053565] (-) TimerEvent: {}
[14.155414] (-) TimerEvent: {}
[14.256988] (-) TimerEvent: {}
[14.359100] (-) TimerEvent: {}
[14.460831] (-) TimerEvent: {}
[14.562426] (-) TimerEvent: {}
[14.663477] (-) TimerEvent: {}
[14.764510] (-) TimerEvent: {}
[14.865547] (-) TimerEvent: {}
[14.966591] (-) TimerEvent: {}
[15.067671] (-) TimerEvent: {}
[15.168718] (-) TimerEvent: {}
[15.269720] (-) TimerEvent: {}
[15.370764] (-) TimerEvent: {}
[15.471791] (-) TimerEvent: {}
[15.572820] (-) TimerEvent: {}
[15.673812] (-) TimerEvent: {}
[15.775039] (-) TimerEvent: {}
[15.876065] (-) TimerEvent: {}
[15.977352] (-) TimerEvent: {}
[16.078548] (-) TimerEvent: {}
[16.179611] (-) TimerEvent: {}
[16.280580] (-) TimerEvent: {}
[16.381526] (-) TimerEvent: {}
[16.482493] (-) TimerEvent: {}
[16.583526] (-) TimerEvent: {}
[16.684479] (-) TimerEvent: {}
[16.785468] (-) TimerEvent: {}
[16.886454] (-) TimerEvent: {}
[16.987502] (-) TimerEvent: {}
[17.088368] (-) TimerEvent: {}
[17.189239] (-) TimerEvent: {}
[17.290193] (-) TimerEvent: {}
[17.391106] (-) TimerEvent: {}
[17.492050] (-) TimerEvent: {}
[17.592925] (-) TimerEvent: {}
[17.693806] (-) TimerEvent: {}
[17.794730] (-) TimerEvent: {}
[17.895621] (-) TimerEvent: {}
[17.996542] (-) TimerEvent: {}
[18.097438] (-) TimerEvent: {}
[18.198335] (-) TimerEvent: {}
[18.299336] (-) TimerEvent: {}
[18.400498] (-) TimerEvent: {}
[18.501424] (-) TimerEvent: {}
[18.602419] (-) TimerEvent: {}
[18.703386] (-) TimerEvent: {}
[18.804267] (-) TimerEvent: {}
[18.905171] (-) TimerEvent: {}
[19.006133] (-) TimerEvent: {}
[19.107021] (-) TimerEvent: {}
[19.207943] (-) TimerEvent: {}
[19.308866] (-) TimerEvent: {}
[19.409766] (-) TimerEvent: {}
[19.510724] (-) TimerEvent: {}
[19.611619] (-) TimerEvent: {}
[19.712479] (-) TimerEvent: {}
[19.813387] (-) TimerEvent: {}
[19.914369] (-) TimerEvent: {}
[20.015320] (-) TimerEvent: {}
[20.116310] (-) TimerEvent: {}
[20.217169] (-) TimerEvent: {}
[20.318016] (-) TimerEvent: {}
[20.418819] (-) TimerEvent: {}
[20.519654] (-) TimerEvent: {}
[20.620633] (-) TimerEvent: {}
[20.721477] (-) TimerEvent: {}
[20.822341] (-) TimerEvent: {}
[20.923222] (-) TimerEvent: {}
[21.024117] (-) TimerEvent: {}
[21.124986] (-) TimerEvent: {}
[21.225878] (-) TimerEvent: {}
[21.241121] (openslam_gmapping) StdoutLine: {'line': b'[ 77%] \x1b[32m\x1b[1mLinking CXX static library libscanmatcher.a\x1b[0m\n'}
[21.326117] (-) TimerEvent: {}
[21.352339] (openslam_gmapping) StdoutLine: {'line': b'[ 77%] Built target scanmatcher\n'}
[21.424740] (openslam_gmapping) StdoutLine: {'line': b'[ 86%] \x1b[32mBuilding CXX object gridfastslam/CMakeFiles/gridfastslam.dir/gridslamprocessor.cpp.o\x1b[0m\n'}
[21.425777] (openslam_gmapping) StdoutLine: {'line': b'[ 86%] \x1b[32mBuilding CXX object gridfastslam/CMakeFiles/gridfastslam.dir/gfsreader.cpp.o\x1b[0m\n'}
[21.426853] (-) TimerEvent: {}
[21.428581] (openslam_gmapping) StdoutLine: {'line': b'[ 95%] \x1b[32mBuilding CXX object gridfastslam/CMakeFiles/gridfastslam.dir/gridslamprocessor_tree.cpp.o\x1b[0m\n'}
[21.429622] (openslam_gmapping) StdoutLine: {'line': b'[ 95%] \x1b[32mBuilding CXX object gridfastslam/CMakeFiles/gridfastslam.dir/motionmodel.cpp.o\x1b[0m\n'}
[21.527141] (-) TimerEvent: {}
[21.628364] (-) TimerEvent: {}
[21.730036] (-) TimerEvent: {}
[21.831265] (-) TimerEvent: {}
[21.932459] (-) TimerEvent: {}
[22.041373] (-) TimerEvent: {}
[22.142920] (-) TimerEvent: {}
[22.244437] (-) TimerEvent: {}
[22.345996] (-) TimerEvent: {}
[22.447550] (-) TimerEvent: {}
[22.549061] (-) TimerEvent: {}
[22.650569] (-) TimerEvent: {}
[22.752518] (-) TimerEvent: {}
[22.854099] (-) TimerEvent: {}
[22.955555] (-) TimerEvent: {}
[23.057046] (-) TimerEvent: {}
[23.158971] (-) TimerEvent: {}
[23.260739] (-) TimerEvent: {}
[23.362154] (-) TimerEvent: {}
[23.463686] (-) TimerEvent: {}
[23.565257] (-) TimerEvent: {}
[23.666782] (-) TimerEvent: {}
[23.771189] (-) TimerEvent: {}
[23.872712] (-) TimerEvent: {}
[23.974580] (-) TimerEvent: {}
[24.076118] (-) TimerEvent: {}
[24.177523] (-) TimerEvent: {}
[24.279079] (-) TimerEvent: {}
[24.380612] (-) TimerEvent: {}
[24.483325] (-) TimerEvent: {}
[24.584772] (-) TimerEvent: {}
[24.686317] (-) TimerEvent: {}
[24.787821] (-) TimerEvent: {}
[24.889304] (-) TimerEvent: {}
[24.991125] (-) TimerEvent: {}
[25.092621] (-) TimerEvent: {}
[25.194199] (-) TimerEvent: {}
[25.295726] (-) TimerEvent: {}
[25.397607] (-) TimerEvent: {}
[25.499234] (-) TimerEvent: {}
[25.600781] (-) TimerEvent: {}
[25.702258] (-) TimerEvent: {}
[25.805150] (-) TimerEvent: {}
[25.906745] (-) TimerEvent: {}
[26.008436] (-) TimerEvent: {}
[26.110053] (-) TimerEvent: {}
[26.212068] (-) TimerEvent: {}
[26.313590] (-) TimerEvent: {}
[26.415158] (-) TimerEvent: {}
[26.516638] (-) TimerEvent: {}
[26.618427] (-) TimerEvent: {}
[26.719954] (-) TimerEvent: {}
[26.821406] (-) TimerEvent: {}
[26.922956] (-) TimerEvent: {}
[27.024461] (-) TimerEvent: {}
[27.125943] (-) TimerEvent: {}
[27.227463] (-) TimerEvent: {}
[27.329030] (-) TimerEvent: {}
[27.430702] (-) TimerEvent: {}
[27.532307] (-) TimerEvent: {}
[27.633733] (-) TimerEvent: {}
[27.735762] (-) TimerEvent: {}
[27.836715] (-) TimerEvent: {}
[27.938070] (-) TimerEvent: {}
[28.039246] (-) TimerEvent: {}
[28.140208] (-) TimerEvent: {}
[28.241157] (-) TimerEvent: {}
[28.342089] (-) TimerEvent: {}
[28.443195] (-) TimerEvent: {}
[28.544337] (-) TimerEvent: {}
[28.645362] (-) TimerEvent: {}
[28.746312] (-) TimerEvent: {}
[28.847374] (-) TimerEvent: {}
[28.948381] (-) TimerEvent: {}
[29.049319] (-) TimerEvent: {}
[29.150348] (-) TimerEvent: {}
[29.251394] (-) TimerEvent: {}
[29.352432] (-) TimerEvent: {}
[29.453421] (-) TimerEvent: {}
[29.554341] (-) TimerEvent: {}
[29.655335] (-) TimerEvent: {}
[29.756190] (-) TimerEvent: {}
[29.857099] (-) TimerEvent: {}
[29.957974] (-) TimerEvent: {}
[30.058888] (-) TimerEvent: {}
[30.159802] (-) TimerEvent: {}
[30.260700] (-) TimerEvent: {}
[30.361616] (-) TimerEvent: {}
[30.462563] (-) TimerEvent: {}
[30.563518] (-) TimerEvent: {}
[30.664414] (-) TimerEvent: {}
[30.765269] (-) TimerEvent: {}
[30.866164] (-) TimerEvent: {}
[30.967079] (-) TimerEvent: {}
[31.067978] (-) TimerEvent: {}
[31.168982] (-) TimerEvent: {}
[31.269838] (-) TimerEvent: {}
[31.370767] (-) TimerEvent: {}
[31.471739] (-) TimerEvent: {}
[31.572608] (-) TimerEvent: {}
[31.673485] (-) TimerEvent: {}
[31.774341] (-) TimerEvent: {}
[31.875313] (-) TimerEvent: {}
[31.976157] (-) TimerEvent: {}
[32.077004] (-) TimerEvent: {}
[32.177938] (-) TimerEvent: {}
[32.278845] (-) TimerEvent: {}
[32.379721] (-) TimerEvent: {}
[32.480597] (-) TimerEvent: {}
[32.581452] (-) TimerEvent: {}
[32.682289] (-) TimerEvent: {}
[32.783150] (-) TimerEvent: {}
[32.884089] (-) TimerEvent: {}
[32.984943] (-) TimerEvent: {}
[33.085784] (-) TimerEvent: {}
[33.186750] (-) TimerEvent: {}
[33.287624] (-) TimerEvent: {}
[33.388555] (-) TimerEvent: {}
[33.489434] (-) TimerEvent: {}
[33.590320] (-) TimerEvent: {}
[33.691231] (-) TimerEvent: {}
[33.792168] (-) TimerEvent: {}
[33.893123] (-) TimerEvent: {}
[33.993038] (openslam_gmapping) StdoutLine: {'line': b'[100%] \x1b[32m\x1b[1mLinking CXX static library libgridfastslam.a\x1b[0m\n'}
[33.993860] (-) TimerEvent: {}
[34.094631] (-) TimerEvent: {}
[34.106982] (openslam_gmapping) StdoutLine: {'line': b'[100%] Built target gridfastslam\n'}
[34.150872] (openslam_gmapping) CommandEnded: {'returncode': 0}
[34.154509] (openslam_gmapping) JobProgress: {'identifier': 'openslam_gmapping', 'progress': 'install'}
[34.184531] (openslam_gmapping) Command: {'cmd': ['/usr/bin/cmake', '--install', '/home/sunrise/Robot_Car/build/openslam_gmapping'], 'cwd': '/home/sunrise/Robot_Car/build/openslam_gmapping', 'env': OrderedDict([('LANGUAGE', 'zh_CN'), ('USER', 'sunrise'), ('XDG_SEAT', 'seat0'), ('SSH_AGENT_PID', '4283'), ('XDG_SESSION_TYPE', 'x11'), ('SHLVL', '1'), ('LD_LIBRARY_PATH', '/opt/ros/humble/opt/rviz_ogre_vendor/lib:/opt/ros/humble/lib/aarch64-linux-gnu:/opt/ros/humble/lib'), ('HOME', '/home/sunrise'), ('OLDPWD', '/home/sunrise/Robot_Car'), ('DESKTOP_SESSION', 'xfce'), ('ROS_PYTHON_VERSION', '3'), ('XDG_SEAT_PATH', '/org/freedesktop/DisplayManager/Seat0'), ('DBUS_SESSION_BUS_ADDRESS', 'unix:path=/run/user/1000/bus'), ('COLORTERM', 'truecolor'), ('ROS_DISTRO', 'humble'), ('GTK_IM_MODULE', 'ibus'), ('LOGNAME', 'sunrise'), ('WINDOWID', '67119595'), ('_', '/usr/bin/colcon'), ('ROS_VERSION', '2'), ('XDG_SESSION_CLASS', 'user'), ('TERM', 'xterm-256color'), ('XDG_SESSION_ID', 'c2'), ('ROS_LOCALHOST_ONLY', '0'), ('PATH', '/opt/ros/humble/bin:/usr/local/sbin:/usr/local/bin:/usr/sbin:/usr/bin:/sbin:/bin:/usr/games:/usr/local/games:/snap/bin'), ('SESSION_MANAGER', 'local/ubuntu:@/tmp/.ICE-unix/3780,unix/ubuntu:/tmp/.ICE-unix/3780'), ('GDM_LANG', 'zh_CN'), ('XDG_SESSION_PATH', '/org/freedesktop/DisplayManager/Session0'), ('XDG_MENU_PREFIX', 'xfce-'), ('XDG_RUNTIME_DIR', '/run/user/1000'), ('DISPLAY', ':0.0'), ('LANG', 'zh_CN.UTF-8'), ('XDG_CURRENT_DESKTOP', 'XFCE'), ('XMODIFIERS', '@im=ibus'), ('XDG_SESSION_DESKTOP', 'xfce'), ('XAUTHORITY', '/home/sunrise/.Xauthority'), ('LS_COLORS', 'rs=0:di=01;34:ln=01;36:mh=00:pi=40;33:so=01;35:do=01;35:bd=40;33;01:cd=40;33;01:or=40;31;01:mi=00:su=37;41:sg=30;43:ca=30;41:tw=30;42:ow=34;42:st=37;44:ex=01;32:*.tar=01;31:*.tgz=01;31:*.arc=01;31:*.arj=01;31:*.taz=01;31:*.lha=01;31:*.lz4=01;31:*.lzh=01;31:*.lzma=01;31:*.tlz=01;31:*.txz=01;31:*.tzo=01;31:*.t7z=01;31:*.zip=01;31:*.z=01;31:*.dz=01;31:*.gz=01;31:*.lrz=01;31:*.lz=01;31:*.lzo=01;31:*.xz=01;31:*.zst=01;31:*.tzst=01;31:*.bz2=01;31:*.bz=01;31:*.tbz=01;31:*.tbz2=01;31:*.tz=01;31:*.deb=01;31:*.rpm=01;31:*.jar=01;31:*.war=01;31:*.ear=01;31:*.sar=01;31:*.rar=01;31:*.alz=01;31:*.ace=01;31:*.zoo=01;31:*.cpio=01;31:*.7z=01;31:*.rz=01;31:*.cab=01;31:*.wim=01;31:*.swm=01;31:*.dwm=01;31:*.esd=01;31:*.jpg=01;35:*.jpeg=01;35:*.mjpg=01;35:*.mjpeg=01;35:*.gif=01;35:*.bmp=01;35:*.pbm=01;35:*.pgm=01;35:*.ppm=01;35:*.tga=01;35:*.xbm=01;35:*.xpm=01;35:*.tif=01;35:*.tiff=01;35:*.png=01;35:*.svg=01;35:*.svgz=01;35:*.mng=01;35:*.pcx=01;35:*.mov=01;35:*.mpg=01;35:*.mpeg=01;35:*.m2v=01;35:*.mkv=01;35:*.webm=01;35:*.webp=01;35:*.ogm=01;35:*.mp4=01;35:*.m4v=01;35:*.mp4v=01;35:*.vob=01;35:*.qt=01;35:*.nuv=01;35:*.wmv=01;35:*.asf=01;35:*.rm=01;35:*.rmvb=01;35:*.flc=01;35:*.avi=01;35:*.fli=01;35:*.flv=01;35:*.gl=01;35:*.dl=01;35:*.xcf=01;35:*.xwd=01;35:*.yuv=01;35:*.cgm=01;35:*.emf=01;35:*.ogv=01;35:*.ogx=01;35:*.aac=00;36:*.au=00;36:*.flac=00;36:*.m4a=00;36:*.mid=00;36:*.midi=00;36:*.mka=00;36:*.mp3=00;36:*.mpc=00;36:*.ogg=00;36:*.ra=00;36:*.wav=00;36:*.oga=00;36:*.opus=00;36:*.spx=00;36:*.xspf=00;36:'), ('SSH_AUTH_SOCK', '/tmp/ssh-XXXXXX0nnUTh/agent.4275'), ('ROS_DOMAIN_ID', '0'), ('XDG_GREETER_DATA_DIR', '/var/lib/lightdm-data/sunrise'), ('AMENT_PREFIX_PATH', '/opt/ros/humble'), ('SHELL', '/bin/bash'), ('GDMSESSION', 'xfce'), ('QT_IM_MODULE', 'ibus'), ('XDG_VTNR', '7'), ('PWD', '/home/sunrise/Robot_Car/build/openslam_gmapping'), ('XDG_CONFIG_DIRS', '/etc/xdg/xdg-xfce:/etc/xdg:/etc/xdg'), ('CLUTTER_IM_MODULE', 'ibus'), ('XDG_DATA_DIRS', '/usr/share/xfce4:/usr/local/share/:/usr/share/:/usr/share'), ('PYTHONPATH', '/opt/ros/humble/lib/python3.10/site-packages:/opt/ros/humble/local/lib/python3.10/dist-packages'), ('COLCON', '1'), ('VTE_VERSION', '6800'), ('CMAKE_PREFIX_PATH', '/opt/ros/humble')]), 'shell': False}
[34.194871] (-) TimerEvent: {}
[34.211460] (openslam_gmapping) StdoutLine: {'line': b'-- Install configuration: "Release"\n'}
[34.213735] (openslam_gmapping) StdoutLine: {'line': b'-- Execute custom install script\n'}
[34.215262] (openslam_gmapping) StdoutLine: {'line': b'-- Symlinking: /home/sunrise/Robot_Car/install/openslam_gmapping/lib/libgridfastslam.a\n'}
[34.249475] (openslam_gmapping) StdoutLine: {'line': b'-- Symlinking: /home/sunrise/Robot_Car/install/openslam_gmapping/lib/libscanmatcher.a\n'}
[34.279088] (openslam_gmapping) StdoutLine: {'line': b'-- Symlinking: /home/sunrise/Robot_Car/install/openslam_gmapping/lib/libsensor_base.a\n'}
[34.295070] (-) TimerEvent: {}
[34.308345] (openslam_gmapping) StdoutLine: {'line': b'-- Symlinking: /home/sunrise/Robot_Car/install/openslam_gmapping/share/openslam_gmapping/environment/library_path.sh\n'}
[34.340650] (openslam_gmapping) StdoutLine: {'line': b'-- Symlinking: /home/sunrise/Robot_Car/install/openslam_gmapping/share/openslam_gmapping/environment/library_path.dsv\n'}
[34.371048] (openslam_gmapping) StdoutLine: {'line': b'-- Up-to-date symlink: /home/sunrise/Robot_Car/install/openslam_gmapping/share/openslam_gmapping/environment/library_path.sh\n'}
[34.372008] (openslam_gmapping) StdoutLine: {'line': b'-- Up-to-date symlink: /home/sunrise/Robot_Car/install/openslam_gmapping/share/openslam_gmapping/environment/library_path.dsv\n'}
[34.373425] (openslam_gmapping) StdoutLine: {'line': b'-- Symlinking: /home/sunrise/Robot_Car/install/openslam_gmapping/lib/libsensor_odometry.a\n'}
[34.395283] (-) TimerEvent: {}
[34.402967] (openslam_gmapping) StdoutLine: {'line': b'-- Symlinking: /home/sunrise/Robot_Car/install/openslam_gmapping/lib/libsensor_range.a\n'}
[34.434091] (openslam_gmapping) StdoutLine: {'line': b'-- Symlinking: /home/sunrise/Robot_Car/install/openslam_gmapping/lib/libutils.a\n'}
[34.464835] (openslam_gmapping) StdoutLine: {'line': b'-- Up-to-date symlink: /home/sunrise/Robot_Car/install/openslam_gmapping/share/openslam_gmapping/environment/library_path.sh\n'}
[34.467068] (openslam_gmapping) StdoutLine: {'line': b'-- Up-to-date symlink: /home/sunrise/Robot_Car/install/openslam_gmapping/share/openslam_gmapping/environment/library_path.dsv\n'}
[34.468232] (openslam_gmapping) StdoutLine: {'line': b'-- Up-to-date symlink: /home/sunrise/Robot_Car/install/openslam_gmapping/share/openslam_gmapping/environment/library_path.sh\n'}
[34.469325] (openslam_gmapping) StdoutLine: {'line': b'-- Up-to-date symlink: /home/sunrise/Robot_Car/install/openslam_gmapping/share/openslam_gmapping/environment/library_path.dsv\n'}
[34.472337] (openslam_gmapping) StdoutLine: {'line': b'-- Symlinking: /home/sunrise/Robot_Car/install/openslam_gmapping/include//gmapping/grid/accessstate.h\n'}
[34.495482] (-) TimerEvent: {}
[34.500448] (openslam_gmapping) StdoutLine: {'line': b'-- Symlinking: /home/sunrise/Robot_Car/install/openslam_gmapping/include//gmapping/grid/array2d.h\n'}
[34.529429] (openslam_gmapping) StdoutLine: {'line': b'-- Symlinking: /home/sunrise/Robot_Car/install/openslam_gmapping/include//gmapping/grid/harray2d.h\n'}
[34.561214] (openslam_gmapping) StdoutLine: {'line': b'-- Symlinking: /home/sunrise/Robot_Car/install/openslam_gmapping/include//gmapping/grid/map.h\n'}
[34.591071] (openslam_gmapping) StdoutLine: {'line': b'-- Symlinking: /home/sunrise/Robot_Car/install/openslam_gmapping/include//gmapping/gridfastslam/gridslamprocessor.h\n'}
[34.595677] (-) TimerEvent: {}
[34.619160] (openslam_gmapping) StdoutLine: {'line': b'-- Symlinking: /home/sunrise/Robot_Car/install/openslam_gmapping/include//gmapping/gridfastslam/gridslamprocessor.hxx\n'}
[34.651914] (openslam_gmapping) StdoutLine: {'line': b'-- Symlinking: /home/sunrise/Robot_Car/install/openslam_gmapping/include//gmapping/gridfastslam/motionmodel.h\n'}
[34.681927] (openslam_gmapping) StdoutLine: {'line': b'-- Symlinking: /home/sunrise/Robot_Car/install/openslam_gmapping/include//gmapping/log/configuration.h\n'}
[34.695897] (-) TimerEvent: {}
[34.710304] (openslam_gmapping) StdoutLine: {'line': b'-- Symlinking: /home/sunrise/Robot_Car/install/openslam_gmapping/include//gmapping/log/sensorlog.h\n'}
[34.743179] (openslam_gmapping) StdoutLine: {'line': b'-- Symlinking: /home/sunrise/Robot_Car/install/openslam_gmapping/include//gmapping/particlefilter/particlefilter.h\n'}
[34.773547] (openslam_gmapping) StdoutLine: {'line': b'-- Symlinking: /home/sunrise/Robot_Car/install/openslam_gmapping/include//gmapping/scanmatcher/icp.h\n'}
[34.796108] (-) TimerEvent: {}
[34.801870] (openslam_gmapping) StdoutLine: {'line': b'-- Symlinking: /home/sunrise/Robot_Car/install/openslam_gmapping/include//gmapping/scanmatcher/scanmatcher.h\n'}
[34.831598] (openslam_gmapping) StdoutLine: {'line': b'-- Symlinking: /home/sunrise/Robot_Car/install/openslam_gmapping/include//gmapping/scanmatcher/smmap.h\n'}
[34.862386] (openslam_gmapping) StdoutLine: {'line': b'-- Symlinking: /home/sunrise/Robot_Car/install/openslam_gmapping/include//gmapping/sensor/sensor_base/sensor.h\n'}
[34.891616] (openslam_gmapping) StdoutLine: {'line': b'-- Symlinking: /home/sunrise/Robot_Car/install/openslam_gmapping/include//gmapping/sensor/sensor_base/sensorreading.h\n'}
[34.896301] (-) TimerEvent: {}
[34.920254] (openslam_gmapping) StdoutLine: {'line': b'-- Symlinking: /home/sunrise/Robot_Car/install/openslam_gmapping/include//gmapping/sensor/sensor_odometry/odometryreading.h\n'}
[34.952352] (openslam_gmapping) StdoutLine: {'line': b'-- Symlinking: /home/sunrise/Robot_Car/install/openslam_gmapping/include//gmapping/sensor/sensor_odometry/odometrysensor.h\n'}
[34.983068] (openslam_gmapping) StdoutLine: {'line': b'-- Symlinking: /home/sunrise/Robot_Car/install/openslam_gmapping/include//gmapping/sensor/sensor_range/rangereading.h\n'}
[34.996500] (-) TimerEvent: {}
[35.011524] (openslam_gmapping) StdoutLine: {'line': b'-- Symlinking: /home/sunrise/Robot_Car/install/openslam_gmapping/include//gmapping/sensor/sensor_range/rangesensor.h\n'}
[35.043953] (openslam_gmapping) StdoutLine: {'line': b'-- Symlinking: /home/sunrise/Robot_Car/install/openslam_gmapping/include//gmapping/utils/autoptr.h\n'}
[35.074121] (openslam_gmapping) StdoutLine: {'line': b'-- Symlinking: /home/sunrise/Robot_Car/install/openslam_gmapping/include//gmapping/utils/commandline.h\n'}
[35.096743] (-) TimerEvent: {}
[35.102222] (openslam_gmapping) StdoutLine: {'line': b'-- Symlinking: /home/sunrise/Robot_Car/install/openslam_gmapping/include//gmapping/utils/gvalues.h\n'}
[35.131723] (openslam_gmapping) StdoutLine: {'line': b'-- Symlinking: /home/sunrise/Robot_Car/install/openslam_gmapping/include//gmapping/utils/macro_params.h\n'}
[35.162900] (openslam_gmapping) StdoutLine: {'line': b'-- Symlinking: /home/sunrise/Robot_Car/install/openslam_gmapping/include//gmapping/utils/point.h\n'}
[35.192402] (openslam_gmapping) StdoutLine: {'line': b'-- Symlinking: /home/sunrise/Robot_Car/install/openslam_gmapping/include//gmapping/utils/stat.h\n'}
[35.196950] (-) TimerEvent: {}
[35.221422] (openslam_gmapping) StdoutLine: {'line': b'-- Symlinking: /home/sunrise/Robot_Car/install/openslam_gmapping/share/ament_index/resource_index/package_run_dependencies/openslam_gmapping\n'}
[35.254682] (openslam_gmapping) StdoutLine: {'line': b'-- Symlinking: /home/sunrise/Robot_Car/install/openslam_gmapping/share/ament_index/resource_index/parent_prefix_path/openslam_gmapping\n'}
[35.284395] (openslam_gmapping) StdoutLine: {'line': b'-- Symlinking: /home/sunrise/Robot_Car/install/openslam_gmapping/share/openslam_gmapping/environment/ament_prefix_path.sh\n'}
[35.297146] (-) TimerEvent: {}
[35.313298] (openslam_gmapping) StdoutLine: {'line': b'-- Symlinking: /home/sunrise/Robot_Car/install/openslam_gmapping/share/openslam_gmapping/environment/ament_prefix_path.dsv\n'}
[35.346508] (openslam_gmapping) StdoutLine: {'line': b'-- Symlinking: /home/sunrise/Robot_Car/install/openslam_gmapping/share/openslam_gmapping/environment/path.sh\n'}
[35.376338] (openslam_gmapping) StdoutLine: {'line': b'-- Symlinking: /home/sunrise/Robot_Car/install/openslam_gmapping/share/openslam_gmapping/environment/path.dsv\n'}
[35.397377] (-) TimerEvent: {}
[35.405068] (openslam_gmapping) StdoutLine: {'line': b'-- Symlinking: /home/sunrise/Robot_Car/install/openslam_gmapping/share/openslam_gmapping/local_setup.bash\n'}
[35.436480] (openslam_gmapping) StdoutLine: {'line': b'-- Symlinking: /home/sunrise/Robot_Car/install/openslam_gmapping/share/openslam_gmapping/local_setup.sh\n'}
[35.468065] (openslam_gmapping) StdoutLine: {'line': b'-- Symlinking: /home/sunrise/Robot_Car/install/openslam_gmapping/share/openslam_gmapping/local_setup.zsh\n'}
[35.496899] (openslam_gmapping) StdoutLine: {'line': b'-- Symlinking: /home/sunrise/Robot_Car/install/openslam_gmapping/share/openslam_gmapping/local_setup.dsv\n'}
[35.497675] (-) TimerEvent: {}
[35.526244] (openslam_gmapping) StdoutLine: {'line': b'-- Symlinking: /home/sunrise/Robot_Car/install/openslam_gmapping/share/openslam_gmapping/package.dsv\n'}
[35.559243] (openslam_gmapping) StdoutLine: {'line': b'-- Symlinking: /home/sunrise/Robot_Car/install/openslam_gmapping/share/ament_index/resource_index/packages/openslam_gmapping\n'}
[35.589166] (openslam_gmapping) StdoutLine: {'line': b'-- Symlinking: /home/sunrise/Robot_Car/install/openslam_gmapping/share/openslam_gmapping/cmake/ament_cmake_export_libraries-extras.cmake\n'}
[35.597911] (-) TimerEvent: {}
[35.618423] (openslam_gmapping) StdoutLine: {'line': b'-- Symlinking: /home/sunrise/Robot_Car/install/openslam_gmapping/share/openslam_gmapping/cmake/ament_cmake_export_include_directories-extras.cmake\n'}
[35.651440] (openslam_gmapping) StdoutLine: {'line': b'-- Symlinking: /home/sunrise/Robot_Car/install/openslam_gmapping/share/openslam_gmapping/cmake/openslam_gmappingConfig.cmake\n'}
[35.680668] (openslam_gmapping) StdoutLine: {'line': b'-- Symlinking: /home/sunrise/Robot_Car/install/openslam_gmapping/share/openslam_gmapping/cmake/openslam_gmappingConfig-version.cmake\n'}
[35.698130] (-) TimerEvent: {}
[35.710914] (openslam_gmapping) StdoutLine: {'line': b'-- Symlinking: /home/sunrise/Robot_Car/install/openslam_gmapping/share/openslam_gmapping/package.xml\n'}
[35.752026] (openslam_gmapping) CommandEnded: {'returncode': 0}
[35.799206] (-) TimerEvent: {}
[35.889272] (openslam_gmapping) JobEnded: {'identifier': 'openslam_gmapping', 'rc': 0}
[35.897198] (slam_gmapping) JobStarted: {'identifier': 'slam_gmapping'}
[35.900872] (-) TimerEvent: {}
[35.928447] (slam_gmapping) JobProgress: {'identifier': 'slam_gmapping', 'progress': 'cmake'}
[35.931435] (slam_gmapping) Command: {'cmd': ['/usr/bin/cmake', '/home/sunrise/Robot_Car/src/slam_gmapping', '-DCMAKE_BUILD_TYPE=Release', '-DAMENT_CMAKE_SYMLINK_INSTALL=1', '-DCMAKE_INSTALL_PREFIX=/home/sunrise/Robot_Car/install/slam_gmapping'], 'cwd': '/home/sunrise/Robot_Car/build/slam_gmapping', 'env': OrderedDict([('LANGUAGE', 'zh_CN'), ('USER', 'sunrise'), ('XDG_SEAT', 'seat0'), ('SSH_AGENT_PID', '4283'), ('XDG_SESSION_TYPE', 'x11'), ('SHLVL', '1'), ('LD_LIBRARY_PATH', '/home/sunrise/Robot_Car/install/openslam_gmapping/lib:/opt/ros/humble/opt/rviz_ogre_vendor/lib:/opt/ros/humble/lib/aarch64-linux-gnu:/opt/ros/humble/lib'), ('HOME', '/home/sunrise'), ('OLDPWD', '/home/sunrise/Robot_Car'), ('DESKTOP_SESSION', 'xfce'), ('ROS_PYTHON_VERSION', '3'), ('XDG_SEAT_PATH', '/org/freedesktop/DisplayManager/Seat0'), ('DBUS_SESSION_BUS_ADDRESS', 'unix:path=/run/user/1000/bus'), ('COLORTERM', 'truecolor'), ('ROS_DISTRO', 'humble'), ('GTK_IM_MODULE', 'ibus'), ('LOGNAME', 'sunrise'), ('WINDOWID', '67119595'), ('_', '/usr/bin/colcon'), ('ROS_VERSION', '2'), ('XDG_SESSION_CLASS', 'user'), ('TERM', 'xterm-256color'), ('XDG_SESSION_ID', 'c2'), ('ROS_LOCALHOST_ONLY', '0'), ('PATH', '/opt/ros/humble/bin:/usr/local/sbin:/usr/local/bin:/usr/sbin:/usr/bin:/sbin:/bin:/usr/games:/usr/local/games:/snap/bin'), ('SESSION_MANAGER', 'local/ubuntu:@/tmp/.ICE-unix/3780,unix/ubuntu:/tmp/.ICE-unix/3780'), ('GDM_LANG', 'zh_CN'), ('XDG_SESSION_PATH', '/org/freedesktop/DisplayManager/Session0'), ('XDG_MENU_PREFIX', 'xfce-'), ('XDG_RUNTIME_DIR', '/run/user/1000'), ('DISPLAY', ':0.0'), ('LANG', 'zh_CN.UTF-8'), ('XDG_CURRENT_DESKTOP', 'XFCE'), ('XMODIFIERS', '@im=ibus'), ('XDG_SESSION_DESKTOP', 'xfce'), ('XAUTHORITY', '/home/sunrise/.Xauthority'), ('LS_COLORS', 'rs=0:di=01;34:ln=01;36:mh=00:pi=40;33:so=01;35:do=01;35:bd=40;33;01:cd=40;33;01:or=40;31;01:mi=00:su=37;41:sg=30;43:ca=30;41:tw=30;42:ow=34;42:st=37;44:ex=01;32:*.tar=01;31:*.tgz=01;31:*.arc=01;31:*.arj=01;31:*.taz=01;31:*.lha=01;31:*.lz4=01;31:*.lzh=01;31:*.lzma=01;31:*.tlz=01;31:*.txz=01;31:*.tzo=01;31:*.t7z=01;31:*.zip=01;31:*.z=01;31:*.dz=01;31:*.gz=01;31:*.lrz=01;31:*.lz=01;31:*.lzo=01;31:*.xz=01;31:*.zst=01;31:*.tzst=01;31:*.bz2=01;31:*.bz=01;31:*.tbz=01;31:*.tbz2=01;31:*.tz=01;31:*.deb=01;31:*.rpm=01;31:*.jar=01;31:*.war=01;31:*.ear=01;31:*.sar=01;31:*.rar=01;31:*.alz=01;31:*.ace=01;31:*.zoo=01;31:*.cpio=01;31:*.7z=01;31:*.rz=01;31:*.cab=01;31:*.wim=01;31:*.swm=01;31:*.dwm=01;31:*.esd=01;31:*.jpg=01;35:*.jpeg=01;35:*.mjpg=01;35:*.mjpeg=01;35:*.gif=01;35:*.bmp=01;35:*.pbm=01;35:*.pgm=01;35:*.ppm=01;35:*.tga=01;35:*.xbm=01;35:*.xpm=01;35:*.tif=01;35:*.tiff=01;35:*.png=01;35:*.svg=01;35:*.svgz=01;35:*.mng=01;35:*.pcx=01;35:*.mov=01;35:*.mpg=01;35:*.mpeg=01;35:*.m2v=01;35:*.mkv=01;35:*.webm=01;35:*.webp=01;35:*.ogm=01;35:*.mp4=01;35:*.m4v=01;35:*.mp4v=01;35:*.vob=01;35:*.qt=01;35:*.nuv=01;35:*.wmv=01;35:*.asf=01;35:*.rm=01;35:*.rmvb=01;35:*.flc=01;35:*.avi=01;35:*.fli=01;35:*.flv=01;35:*.gl=01;35:*.dl=01;35:*.xcf=01;35:*.xwd=01;35:*.yuv=01;35:*.cgm=01;35:*.emf=01;35:*.ogv=01;35:*.ogx=01;35:*.aac=00;36:*.au=00;36:*.flac=00;36:*.m4a=00;36:*.mid=00;36:*.midi=00;36:*.mka=00;36:*.mp3=00;36:*.mpc=00;36:*.ogg=00;36:*.ra=00;36:*.wav=00;36:*.oga=00;36:*.opus=00;36:*.spx=00;36:*.xspf=00;36:'), ('SSH_AUTH_SOCK', '/tmp/ssh-XXXXXX0nnUTh/agent.4275'), ('ROS_DOMAIN_ID', '0'), ('XDG_GREETER_DATA_DIR', '/var/lib/lightdm-data/sunrise'), ('AMENT_PREFIX_PATH', '/home/sunrise/Robot_Car/install/openslam_gmapping:/opt/ros/humble'), ('SHELL', '/bin/bash'), ('GDMSESSION', 'xfce'), ('QT_IM_MODULE', 'ibus'), ('XDG_VTNR', '7'), ('PWD', '/home/sunrise/Robot_Car/build/slam_gmapping'), ('XDG_CONFIG_DIRS', '/etc/xdg/xdg-xfce:/etc/xdg:/etc/xdg'), ('CLUTTER_IM_MODULE', 'ibus'), ('XDG_DATA_DIRS', '/usr/share/xfce4:/usr/local/share/:/usr/share/:/usr/share'), ('PYTHONPATH', '/opt/ros/humble/lib/python3.10/site-packages:/opt/ros/humble/local/lib/python3.10/dist-packages'), ('COLCON', '1'), ('VTE_VERSION', '6800'), ('CMAKE_PREFIX_PATH', '/home/sunrise/Robot_Car/install/openslam_gmapping:/opt/ros/humble')]), 'shell': False}
[36.001276] (-) TimerEvent: {}
[36.102305] (-) TimerEvent: {}
[36.203284] (-) TimerEvent: {}
[36.217722] (slam_gmapping) StdoutLine: {'line': b'-- The C compiler identification is GNU 11.2.0\n'}
[36.303510] (-) TimerEvent: {}
[36.404478] (-) TimerEvent: {}
[36.505488] (-) TimerEvent: {}
[36.523449] (slam_gmapping) StdoutLine: {'line': b'-- The CXX compiler identification is GNU 11.2.0\n'}
[36.552762] (slam_gmapping) StdoutLine: {'line': b'-- Detecting C compiler ABI info\n'}
[36.605707] (-) TimerEvent: {}
[36.706556] (-) TimerEvent: {}
[36.807568] (-) TimerEvent: {}
[36.896072] (slam_gmapping) StdoutLine: {'line': b'-- Detecting C compiler ABI info - done\n'}
[36.907709] (-) TimerEvent: {}
[36.949049] (slam_gmapping) StdoutLine: {'line': b'-- Check for working C compiler: /usr/bin/cc - skipped\n'}
[36.951434] (slam_gmapping) StdoutLine: {'line': b'-- Detecting C compile features\n'}
[36.953615] (slam_gmapping) StdoutLine: {'line': b'-- Detecting C compile features - done\n'}
[36.970123] (slam_gmapping) StdoutLine: {'line': b'-- Detecting CXX compiler ABI info\n'}
[37.007932] (-) TimerEvent: {}
[37.108890] (-) TimerEvent: {}
[37.209811] (-) TimerEvent: {}
[37.310728] (-) TimerEvent: {}
[37.331093] (slam_gmapping) StdoutLine: {'line': b'-- Detecting CXX compiler ABI info - done\n'}
[37.386749] (slam_gmapping) StdoutLine: {'line': b'-- Check for working CXX compiler: /usr/bin/c++ - skipped\n'}
[37.388047] (slam_gmapping) StdoutLine: {'line': b'-- Detecting CXX compile features\n'}
[37.390770] (slam_gmapping) StdoutLine: {'line': b'-- Detecting CXX compile features - done\n'}
[37.393617] (slam_gmapping) StderrLine: {'line': b'\x1b[0m -fuse-ld=lld -Wl,--disable-new-dtags\x1b[0m\n'}
[37.401140] (slam_gmapping) StdoutLine: {'line': b'-- Found ament_cmake: 1.3.12 (/opt/ros/humble/share/ament_cmake/cmake)\n'}
[37.410871] (-) TimerEvent: {}
[37.511685] (-) TimerEvent: {}
[37.612573] (-) TimerEvent: {}
[37.713787] (-) TimerEvent: {}
[37.814839] (-) TimerEvent: {}
[37.915847] (-) TimerEvent: {}
[38.016728] (-) TimerEvent: {}
[38.117609] (-) TimerEvent: {}
[38.218517] (-) TimerEvent: {}
[38.319480] (-) TimerEvent: {}
[38.420292] (-) TimerEvent: {}
[38.521079] (-) TimerEvent: {}
[38.621888] (-) TimerEvent: {}
[38.722739] (-) TimerEvent: {}
[38.823588] (-) TimerEvent: {}
[38.924471] (-) TimerEvent: {}
[39.025461] (-) TimerEvent: {}
[39.126352] (-) TimerEvent: {}
[39.227183] (-) TimerEvent: {}
[39.327989] (-) TimerEvent: {}
[39.428809] (-) TimerEvent: {}
[39.529638] (-) TimerEvent: {}
[39.630470] (-) TimerEvent: {}
[39.731364] (-) TimerEvent: {}
[39.832230] (-) TimerEvent: {}
[39.933214] (-) TimerEvent: {}
[39.939986] (slam_gmapping) StdoutLine: {'line': b'-- Found Python3: /usr/bin/python3 (found version "3.10.12") found components: Interpreter \n'}
[40.033388] (-) TimerEvent: {}
[40.134402] (-) TimerEvent: {}
[40.235259] (-) TimerEvent: {}
[40.336142] (-) TimerEvent: {}
[40.386084] (slam_gmapping) StdoutLine: {'line': b'-- Override CMake install command with custom implementation using symlinks instead of copying resources\n'}
[40.436345] (-) TimerEvent: {}
[40.497641] (slam_gmapping) StdoutLine: {'line': b'-- Found std_msgs: 4.9.0 (/opt/ros/humble/share/std_msgs/cmake)\n'}
[40.536552] (-) TimerEvent: {}
[40.637358] (-) TimerEvent: {}
[40.706329] (slam_gmapping) StdoutLine: {'line': b'-- Found rosidl_generator_c: 3.1.7 (/opt/ros/humble/share/rosidl_generator_c/cmake)\n'}
[40.736561] (slam_gmapping) StdoutLine: {'line': b'-- Found rosidl_adapter: 3.1.7 (/opt/ros/humble/share/rosidl_adapter/cmake)\n'}
[40.737457] (-) TimerEvent: {}
[40.794184] (slam_gmapping) StdoutLine: {'line': b'-- Found rosidl_generator_cpp: 3.1.7 (/opt/ros/humble/share/rosidl_generator_cpp/cmake)\n'}
[40.837697] (-) TimerEvent: {}
[40.881164] (slam_gmapping) StdoutLine: {'line': b'-- Using all available rosidl_typesupport_c: rosidl_typesupport_fastrtps_c;rosidl_typesupport_introspection_c\n'}
[40.937895] (-) TimerEvent: {}
[40.991862] (slam_gmapping) StdoutLine: {'line': b'-- Using all available rosidl_typesupport_cpp: rosidl_typesupport_fastrtps_cpp;rosidl_typesupport_introspection_cpp\n'}
[41.038085] (-) TimerEvent: {}
[41.138987] (-) TimerEvent: {}
[41.189656] (slam_gmapping) StdoutLine: {'line': b'-- Found nav_msgs: 4.9.0 (/opt/ros/humble/share/nav_msgs/cmake)\n'}
[41.239191] (-) TimerEvent: {}
[41.340060] (-) TimerEvent: {}
[41.436685] (slam_gmapping) StdoutLine: {'line': b'-- Found tf2: 0.25.15 (/opt/ros/humble/share/tf2/cmake)\n'}
[41.440228] (-) TimerEvent: {}
[41.497086] (slam_gmapping) StdoutLine: {'line': b'-- Found tf2_ros: 0.25.15 (/opt/ros/humble/share/tf2_ros/cmake)\n'}
[41.540429] (-) TimerEvent: {}
[41.641293] (-) TimerEvent: {}
[41.742114] (-) TimerEvent: {}
[41.842983] (-) TimerEvent: {}
[41.943801] (-) TimerEvent: {}
[41.959237] (slam_gmapping) StdoutLine: {'line': b'-- Found rmw_implementation_cmake: 6.1.2 (/opt/ros/humble/share/rmw_implementation_cmake/cmake)\n'}
[41.975837] (slam_gmapping) StdoutLine: {'line': b'-- Found rmw_fastrtps_cpp: 6.2.8 (/opt/ros/humble/share/rmw_fastrtps_cpp/cmake)\n'}
[42.043993] (-) TimerEvent: {}
[42.144869] (-) TimerEvent: {}
[42.245766] (-) TimerEvent: {}
[42.346755] (-) TimerEvent: {}
[42.383214] (slam_gmapping) StdoutLine: {'line': b'-- Found OpenSSL: /usr/lib/aarch64-linux-gnu/libcrypto.so (found version "3.0.2")  \n'}
[42.446907] (-) TimerEvent: {}
[42.509418] (slam_gmapping) StdoutLine: {'line': b'-- Found FastRTPS: /opt/ros/humble/include  \n'}
[42.547114] (-) TimerEvent: {}
[42.648007] (-) TimerEvent: {}
[42.688084] (slam_gmapping) StdoutLine: {'line': b"-- Using RMW implementation 'rmw_fastrtps_cpp' as default\n"}
[42.741611] (slam_gmapping) StdoutLine: {'line': b'-- Looking for pthread.h\n'}
[42.748190] (-) TimerEvent: {}
[42.849043] (-) TimerEvent: {}
[42.949931] (-) TimerEvent: {}
[43.050851] (-) TimerEvent: {}
[43.070300] (slam_gmapping) StdoutLine: {'line': b'-- Looking for pthread.h - found\n'}
[43.071363] (slam_gmapping) StdoutLine: {'line': b'-- Performing Test CMAKE_HAVE_LIBC_PTHREAD\n'}
[43.151095] (-) TimerEvent: {}
[43.252044] (-) TimerEvent: {}
[43.353041] (-) TimerEvent: {}
[43.404381] (slam_gmapping) StdoutLine: {'line': b'-- Performing Test CMAKE_HAVE_LIBC_PTHREAD - Success\n'}
[43.409311] (slam_gmapping) StdoutLine: {'line': b'-- Found Threads: TRUE  \n'}
[43.453260] (-) TimerEvent: {}
[43.554107] (-) TimerEvent: {}
[43.655014] (-) TimerEvent: {}
[43.755833] (-) TimerEvent: {}
[43.856659] (-) TimerEvent: {}
[43.957528] (-) TimerEvent: {}
[44.058413] (-) TimerEvent: {}
[44.159336] (-) TimerEvent: {}
[44.211828] (slam_gmapping) StdoutLine: {'line': b'-- Found tf2_geometry_msgs: 0.25.15 (/opt/ros/humble/share/tf2_geometry_msgs/cmake)\n'}
[44.259543] (-) TimerEvent: {}
[44.279833] (slam_gmapping) StdoutLine: {'line': b'-- Found eigen3_cmake_module: 0.1.1 (/opt/ros/humble/share/eigen3_cmake_module/cmake)\n'}
[44.288051] (slam_gmapping) StdoutLine: {'line': b'-- Found Eigen3: TRUE (found version "3.4.0") \n'}
[44.289354] (slam_gmapping) StdoutLine: {'line': b'-- Ensuring Eigen3 include directory is part of orocos-kdl CMake target\n'}
[44.310789] (slam_gmapping) StdoutLine: {'line': b'-- Found sensor_msgs: 4.9.0 (/opt/ros/humble/share/sensor_msgs/cmake)\n'}
[44.359743] (-) TimerEvent: {}
[44.456439] (slam_gmapping) StdoutLine: {'line': b'-- Found visualization_msgs: 4.9.0 (/opt/ros/humble/share/visualization_msgs/cmake)\n'}
[44.459906] (-) TimerEvent: {}
[44.560758] (-) TimerEvent: {}
[44.618850] (slam_gmapping) StdoutLine: {'line': b'-- Found openslam_gmapping: 0.1.2 (/home/sunrise/Robot_Car/install/openslam_gmapping/share/openslam_gmapping/cmake)\n'}
[44.634152] (slam_gmapping) StdoutLine: {'line': b'-- Found ament_lint_auto: 0.12.14 (/opt/ros/humble/share/ament_lint_auto/cmake)\n'}
[44.660917] (-) TimerEvent: {}
[44.761766] (-) TimerEvent: {}
[44.862624] (-) TimerEvent: {}
[44.963569] (-) TimerEvent: {}
[45.064495] (-) TimerEvent: {}
[45.165403] (-) TimerEvent: {}
[45.180539] (slam_gmapping) StdoutLine: {'line': b"-- Added test 'cppcheck' to perform static code analysis on C / C++ code\n"}
[45.181807] (slam_gmapping) StdoutLine: {'line': b'-- Configured cppcheck include dirs: /home/sunrise/Robot_Car/src/slam_gmapping/include\n'}
[45.182535] (slam_gmapping) StdoutLine: {'line': b'-- Configured cppcheck exclude dirs and/or files: \n'}
[45.185114] (slam_gmapping) StdoutLine: {'line': b"-- Added test 'flake8' to check Python code syntax and style conventions\n"}
[45.188315] (slam_gmapping) StdoutLine: {'line': b"-- Added test 'lint_cmake' to check CMake code style\n"}
[45.191257] (slam_gmapping) StdoutLine: {'line': b"-- Added test 'pep257' to check Python code against some of the docstring style conventions in PEP 257\n"}
[45.196062] (slam_gmapping) StdoutLine: {'line': b"-- Added test 'uncrustify' to check C / C++ code style\n"}
[45.197015] (slam_gmapping) StdoutLine: {'line': b'-- Configured uncrustify additional arguments: \n'}
[45.199468] (slam_gmapping) StdoutLine: {'line': b"-- Added test 'xmllint' to check XML markup files\n"}
[45.210777] (slam_gmapping) StdoutLine: {'line': b'-- Configuring done\n'}
[45.265617] (-) TimerEvent: {}
[45.282803] (slam_gmapping) StdoutLine: {'line': b'-- Generating done\n'}
[45.311768] (slam_gmapping) StdoutLine: {'line': b'-- Build files have been written to: /home/sunrise/Robot_Car/build/slam_gmapping\n'}
[45.365901] (-) TimerEvent: {}
[45.388467] (slam_gmapping) CommandEnded: {'returncode': 0}
[45.391503] (slam_gmapping) JobProgress: {'identifier': 'slam_gmapping', 'progress': 'build'}
[45.393240] (slam_gmapping) Command: {'cmd': ['/usr/bin/cmake', '--build', '/home/sunrise/Robot_Car/build/slam_gmapping', '--', '-j4', '-l4'], 'cwd': '/home/sunrise/Robot_Car/build/slam_gmapping', 'env': OrderedDict([('LANGUAGE', 'zh_CN'), ('USER', 'sunrise'), ('XDG_SEAT', 'seat0'), ('SSH_AGENT_PID', '4283'), ('XDG_SESSION_TYPE', 'x11'), ('SHLVL', '1'), ('LD_LIBRARY_PATH', '/home/sunrise/Robot_Car/install/openslam_gmapping/lib:/opt/ros/humble/opt/rviz_ogre_vendor/lib:/opt/ros/humble/lib/aarch64-linux-gnu:/opt/ros/humble/lib'), ('HOME', '/home/sunrise'), ('OLDPWD', '/home/sunrise/Robot_Car'), ('DESKTOP_SESSION', 'xfce'), ('ROS_PYTHON_VERSION', '3'), ('XDG_SEAT_PATH', '/org/freedesktop/DisplayManager/Seat0'), ('DBUS_SESSION_BUS_ADDRESS', 'unix:path=/run/user/1000/bus'), ('COLORTERM', 'truecolor'), ('ROS_DISTRO', 'humble'), ('GTK_IM_MODULE', 'ibus'), ('LOGNAME', 'sunrise'), ('WINDOWID', '67119595'), ('_', '/usr/bin/colcon'), ('ROS_VERSION', '2'), ('XDG_SESSION_CLASS', 'user'), ('TERM', 'xterm-256color'), ('XDG_SESSION_ID', 'c2'), ('ROS_LOCALHOST_ONLY', '0'), ('PATH', '/opt/ros/humble/bin:/usr/local/sbin:/usr/local/bin:/usr/sbin:/usr/bin:/sbin:/bin:/usr/games:/usr/local/games:/snap/bin'), ('SESSION_MANAGER', 'local/ubuntu:@/tmp/.ICE-unix/3780,unix/ubuntu:/tmp/.ICE-unix/3780'), ('GDM_LANG', 'zh_CN'), ('XDG_SESSION_PATH', '/org/freedesktop/DisplayManager/Session0'), ('XDG_MENU_PREFIX', 'xfce-'), ('XDG_RUNTIME_DIR', '/run/user/1000'), ('DISPLAY', ':0.0'), ('LANG', 'zh_CN.UTF-8'), ('XDG_CURRENT_DESKTOP', 'XFCE'), ('XMODIFIERS', '@im=ibus'), ('XDG_SESSION_DESKTOP', 'xfce'), ('XAUTHORITY', '/home/sunrise/.Xauthority'), ('LS_COLORS', 'rs=0:di=01;34:ln=01;36:mh=00:pi=40;33:so=01;35:do=01;35:bd=40;33;01:cd=40;33;01:or=40;31;01:mi=00:su=37;41:sg=30;43:ca=30;41:tw=30;42:ow=34;42:st=37;44:ex=01;32:*.tar=01;31:*.tgz=01;31:*.arc=01;31:*.arj=01;31:*.taz=01;31:*.lha=01;31:*.lz4=01;31:*.lzh=01;31:*.lzma=01;31:*.tlz=01;31:*.txz=01;31:*.tzo=01;31:*.t7z=01;31:*.zip=01;31:*.z=01;31:*.dz=01;31:*.gz=01;31:*.lrz=01;31:*.lz=01;31:*.lzo=01;31:*.xz=01;31:*.zst=01;31:*.tzst=01;31:*.bz2=01;31:*.bz=01;31:*.tbz=01;31:*.tbz2=01;31:*.tz=01;31:*.deb=01;31:*.rpm=01;31:*.jar=01;31:*.war=01;31:*.ear=01;31:*.sar=01;31:*.rar=01;31:*.alz=01;31:*.ace=01;31:*.zoo=01;31:*.cpio=01;31:*.7z=01;31:*.rz=01;31:*.cab=01;31:*.wim=01;31:*.swm=01;31:*.dwm=01;31:*.esd=01;31:*.jpg=01;35:*.jpeg=01;35:*.mjpg=01;35:*.mjpeg=01;35:*.gif=01;35:*.bmp=01;35:*.pbm=01;35:*.pgm=01;35:*.ppm=01;35:*.tga=01;35:*.xbm=01;35:*.xpm=01;35:*.tif=01;35:*.tiff=01;35:*.png=01;35:*.svg=01;35:*.svgz=01;35:*.mng=01;35:*.pcx=01;35:*.mov=01;35:*.mpg=01;35:*.mpeg=01;35:*.m2v=01;35:*.mkv=01;35:*.webm=01;35:*.webp=01;35:*.ogm=01;35:*.mp4=01;35:*.m4v=01;35:*.mp4v=01;35:*.vob=01;35:*.qt=01;35:*.nuv=01;35:*.wmv=01;35:*.asf=01;35:*.rm=01;35:*.rmvb=01;35:*.flc=01;35:*.avi=01;35:*.fli=01;35:*.flv=01;35:*.gl=01;35:*.dl=01;35:*.xcf=01;35:*.xwd=01;35:*.yuv=01;35:*.cgm=01;35:*.emf=01;35:*.ogv=01;35:*.ogx=01;35:*.aac=00;36:*.au=00;36:*.flac=00;36:*.m4a=00;36:*.mid=00;36:*.midi=00;36:*.mka=00;36:*.mp3=00;36:*.mpc=00;36:*.ogg=00;36:*.ra=00;36:*.wav=00;36:*.oga=00;36:*.opus=00;36:*.spx=00;36:*.xspf=00;36:'), ('SSH_AUTH_SOCK', '/tmp/ssh-XXXXXX0nnUTh/agent.4275'), ('ROS_DOMAIN_ID', '0'), ('XDG_GREETER_DATA_DIR', '/var/lib/lightdm-data/sunrise'), ('AMENT_PREFIX_PATH', '/home/sunrise/Robot_Car/install/openslam_gmapping:/opt/ros/humble'), ('SHELL', '/bin/bash'), ('GDMSESSION', 'xfce'), ('QT_IM_MODULE', 'ibus'), ('XDG_VTNR', '7'), ('PWD', '/home/sunrise/Robot_Car/build/slam_gmapping'), ('XDG_CONFIG_DIRS', '/etc/xdg/xdg-xfce:/etc/xdg:/etc/xdg'), ('CLUTTER_IM_MODULE', 'ibus'), ('XDG_DATA_DIRS', '/usr/share/xfce4:/usr/local/share/:/usr/share/:/usr/share'), ('PYTHONPATH', '/opt/ros/humble/lib/python3.10/site-packages:/opt/ros/humble/local/lib/python3.10/dist-packages'), ('COLCON', '1'), ('VTE_VERSION', '6800'), ('CMAKE_PREFIX_PATH', '/home/sunrise/Robot_Car/install/openslam_gmapping:/opt/ros/humble')]), 'shell': False}
[45.466145] (-) TimerEvent: {}
[45.567200] (-) TimerEvent: {}
[45.576705] (slam_gmapping) StdoutLine: {'line': b'[ 50%] \x1b[32mBuilding CXX object CMakeFiles/slam_gmapping.dir/src/slam_gmapping.cpp.o\x1b[0m\n'}
[45.667407] (-) TimerEvent: {}
[45.768248] (-) TimerEvent: {}
[45.869086] (-) TimerEvent: {}
[45.969931] (-) TimerEvent: {}
[46.070805] (-) TimerEvent: {}
[46.171647] (-) TimerEvent: {}
[46.272494] (-) TimerEvent: {}
[46.373352] (-) TimerEvent: {}
[46.474177] (-) TimerEvent: {}
[46.575010] (-) TimerEvent: {}
[46.675832] (-) TimerEvent: {}
[46.776660] (-) TimerEvent: {}
[46.877483] (-) TimerEvent: {}
[46.978294] (-) TimerEvent: {}
[47.079161] (-) TimerEvent: {}
[47.179990] (-) TimerEvent: {}
[47.205501] (slam_gmapping) StderrLine: {'line': b'In file included from \x1b[01m\x1b[K/home/sunrise/Robot_Car/src/slam_gmapping/include/slam_gmapping/slam_gmapping.h:38\x1b[m\x1b[K,\n'}
[47.206190] (slam_gmapping) StderrLine: {'line': b'                 from \x1b[01m\x1b[K/home/sunrise/Robot_Car/src/slam_gmapping/src/slam_gmapping.cpp:24\x1b[m\x1b[K:\n'}
[47.206785] (slam_gmapping) StderrLine: {'line': b'\x1b[01m\x1b[K/opt/ros/humble/include/tf2_geometry_msgs/tf2_geometry_msgs/tf2_geometry_msgs.h:35:2:\x1b[m\x1b[K \x1b[01;35m\x1b[Kwarning: \x1b[m\x1b[K#warning This header is obsolete, please include tf2_geometry_msgs/tf2_geometry_msgs.hpp instead [\x1b[01;35m\x1b[K\x1b]8;;https://gcc.gnu.org/onlinedocs/gcc/Warning-Options.html#index-Wcpp\x07-Wcpp\x1b]8;;\x07\x1b[m\x1b[K]\n'}
[47.207392] (slam_gmapping) StderrLine: {'line': b'   35 | #\x1b[01;35m\x1b[Kwarning\x1b[m\x1b[K This header is obsolete, please include tf2_geometry_msgs/tf2_geometry_msgs.hpp instead\n'}
[47.208152] (slam_gmapping) StderrLine: {'line': b'      |  \x1b[01;35m\x1b[K^~~~~~~\x1b[m\x1b[K\n'}
[47.280185] (-) TimerEvent: {}
[47.380984] (-) TimerEvent: {}
[47.481835] (-) TimerEvent: {}
[47.582785] (-) TimerEvent: {}
[47.683695] (-) TimerEvent: {}
[47.784626] (-) TimerEvent: {}
[47.885554] (-) TimerEvent: {}
[47.986591] (-) TimerEvent: {}
[48.087547] (-) TimerEvent: {}
[48.188496] (-) TimerEvent: {}
[48.289401] (-) TimerEvent: {}
[48.390296] (-) TimerEvent: {}
[48.491238] (-) TimerEvent: {}
[48.592118] (-) TimerEvent: {}
[48.693017] (-) TimerEvent: {}
[48.793933] (-) TimerEvent: {}
[48.894836] (-) TimerEvent: {}
[48.995741] (-) TimerEvent: {}
[49.096672] (-) TimerEvent: {}
[49.197617] (-) TimerEvent: {}
[49.298508] (-) TimerEvent: {}
[49.399430] (-) TimerEvent: {}
[49.500351] (-) TimerEvent: {}
[49.601297] (-) TimerEvent: {}
[49.702190] (-) TimerEvent: {}
[49.803151] (-) TimerEvent: {}
[49.904035] (-) TimerEvent: {}
[50.004931] (-) TimerEvent: {}
[50.105816] (-) TimerEvent: {}
[50.206759] (-) TimerEvent: {}
[50.307657] (-) TimerEvent: {}
[50.408581] (-) TimerEvent: {}
[50.509470] (-) TimerEvent: {}
[50.610371] (-) TimerEvent: {}
[50.711350] (-) TimerEvent: {}
[50.812239] (-) TimerEvent: {}
[50.913126] (-) TimerEvent: {}
[51.014036] (-) TimerEvent: {}
[51.114997] (-) TimerEvent: {}
[51.215919] (-) TimerEvent: {}
[51.316815] (-) TimerEvent: {}
[51.417710] (-) TimerEvent: {}
[51.518640] (-) TimerEvent: {}
[51.619555] (-) TimerEvent: {}
[51.720451] (-) TimerEvent: {}
[51.821351] (-) TimerEvent: {}
[51.922250] (-) TimerEvent: {}
[52.023407] (-) TimerEvent: {}
[52.124337] (-) TimerEvent: {}
[52.225227] (-) TimerEvent: {}
[52.326096] (-) TimerEvent: {}
[52.427045] (-) TimerEvent: {}
[52.527955] (-) TimerEvent: {}
[52.628822] (-) TimerEvent: {}
[52.729732] (-) TimerEvent: {}
[52.830623] (-) TimerEvent: {}
[52.931572] (-) TimerEvent: {}
[53.032457] (-) TimerEvent: {}
[53.133369] (-) TimerEvent: {}
[53.234267] (-) TimerEvent: {}
[53.335222] (-) TimerEvent: {}
[53.436104] (-) TimerEvent: {}
[53.537009] (-) TimerEvent: {}
[53.637906] (-) TimerEvent: {}
[53.738848] (-) TimerEvent: {}
[53.839765] (-) TimerEvent: {}
[53.940685] (-) TimerEvent: {}
[54.041597] (-) TimerEvent: {}
[54.142521] (-) TimerEvent: {}
[54.243449] (-) TimerEvent: {}
[54.344340] (-) TimerEvent: {}
[54.445206] (-) TimerEvent: {}
[54.546105] (-) TimerEvent: {}
[54.647022] (-) TimerEvent: {}
[54.747900] (-) TimerEvent: {}
[54.848872] (-) TimerEvent: {}
[54.949775] (-) TimerEvent: {}
[55.050801] (-) TimerEvent: {}
[55.151710] (-) TimerEvent: {}
[55.252620] (-) TimerEvent: {}
[55.353523] (-) TimerEvent: {}
[55.454407] (-) TimerEvent: {}
[55.555418] (-) TimerEvent: {}
[55.656326] (-) TimerEvent: {}
[55.757229] (-) TimerEvent: {}
[55.858134] (-) TimerEvent: {}
[55.959059] (-) TimerEvent: {}
[56.059957] (-) TimerEvent: {}
[56.160905] (-) TimerEvent: {}
[56.261853] (-) TimerEvent: {}
[56.362816] (-) TimerEvent: {}
[56.463773] (-) TimerEvent: {}
[56.564720] (-) TimerEvent: {}
[56.665627] (-) TimerEvent: {}
[56.766577] (-) TimerEvent: {}
[56.867532] (-) TimerEvent: {}
[56.968400] (-) TimerEvent: {}
[57.069320] (-) TimerEvent: {}
[57.170271] (-) TimerEvent: {}
[57.271216] (-) TimerEvent: {}
[57.372124] (-) TimerEvent: {}
[57.473055] (-) TimerEvent: {}
[57.573949] (-) TimerEvent: {}
[57.674844] (-) TimerEvent: {}
[57.775699] (-) TimerEvent: {}
[57.876626] (-) TimerEvent: {}
[57.977528] (-) TimerEvent: {}
[58.078396] (-) TimerEvent: {}
[58.179371] (-) TimerEvent: {}
[58.280237] (-) TimerEvent: {}
[58.381041] (-) TimerEvent: {}
[58.481861] (-) TimerEvent: {}
[58.582740] (-) TimerEvent: {}
[58.683591] (-) TimerEvent: {}
[58.784410] (-) TimerEvent: {}
[58.885255] (-) TimerEvent: {}
[58.986172] (-) TimerEvent: {}
[59.087051] (-) TimerEvent: {}
[59.187884] (-) TimerEvent: {}
[59.288726] (-) TimerEvent: {}
[59.389579] (-) TimerEvent: {}
[59.490481] (-) TimerEvent: {}
[59.591439] (-) TimerEvent: {}
[59.692335] (-) TimerEvent: {}
[59.793263] (-) TimerEvent: {}
[59.894187] (-) TimerEvent: {}
[59.995145] (-) TimerEvent: {}
[60.096084] (-) TimerEvent: {}
[60.197028] (-) TimerEvent: {}
[60.297943] (-) TimerEvent: {}
[60.398873] (-) TimerEvent: {}
[60.499805] (-) TimerEvent: {}
[60.600706] (-) TimerEvent: {}
[60.701608] (-) TimerEvent: {}
[60.802528] (-) TimerEvent: {}
[60.903511] (-) TimerEvent: {}
[61.004411] (-) TimerEvent: {}
[61.105348] (-) TimerEvent: {}
[61.206292] (-) TimerEvent: {}
[61.307267] (-) TimerEvent: {}
[61.408167] (-) TimerEvent: {}
[61.509060] (-) TimerEvent: {}
[61.609969] (-) TimerEvent: {}
[61.710886] (-) TimerEvent: {}
[61.811814] (-) TimerEvent: {}
[61.912770] (-) TimerEvent: {}
[62.013697] (-) TimerEvent: {}
[62.114559] (-) TimerEvent: {}
[62.215543] (-) TimerEvent: {}
[62.316461] (-) TimerEvent: {}
[62.417453] (-) TimerEvent: {}
[62.518325] (-) TimerEvent: {}
[62.619292] (-) TimerEvent: {}
[62.720198] (-) TimerEvent: {}
[62.821083] (-) TimerEvent: {}
[62.922036] (-) TimerEvent: {}
[63.022980] (-) TimerEvent: {}
[63.123839] (-) TimerEvent: {}
[63.202388] (slam_gmapping) StderrLine: {'line': b'In file included from \x1b[01m\x1b[K/home/sunrise/Robot_Car/install/openslam_gmapping/include/gmapping/gridfastslam/gridslamprocessor.h:9\x1b[m\x1b[K,\n'}
[63.203366] (slam_gmapping) StderrLine: {'line': b'                 from \x1b[01m\x1b[K/home/sunrise/Robot_Car/src/slam_gmapping/include/slam_gmapping/slam_gmapping.h:45\x1b[m\x1b[K,\n'}
[63.203968] (slam_gmapping) StderrLine: {'line': b'                 from \x1b[01m\x1b[K/home/sunrise/Robot_Car/src/slam_gmapping/src/slam_gmapping.cpp:24\x1b[m\x1b[K:\n'}
[63.204537] (slam_gmapping) StderrLine: {'line': b'\x1b[01m\x1b[K/home/sunrise/Robot_Car/install/openslam_gmapping/include/gmapping/particlefilter/particlefilter.h:\x1b[m\x1b[K In function \xe2\x80\x98\x1b[01m\x1b[Kvoid rle(OutputIterator&, const Iterator&, const Iterator&)\x1b[m\x1b[K\xe2\x80\x99:\n'}
[63.205122] (slam_gmapping) StderrLine: {'line': b'\x1b[01m\x1b[K/home/sunrise/Robot_Car/install/openslam_gmapping/include/gmapping/particlefilter/particlefilter.h:140:9:\x1b[m\x1b[K \x1b[01;35m\x1b[Kwarning: \x1b[m\x1b[Kthis \xe2\x80\x98\x1b[01m\x1b[Kif\x1b[m\x1b[K\xe2\x80\x99 clause does not guard... [\x1b[01;35m\x1b[K\x1b]8;;https://gcc.gnu.org/onlinedocs/gcc/Warning-Options.html#index-Wmisleading-indentation\x07-Wmisleading-indentation\x1b]8;;\x07\x1b[m\x1b[K]\n'}
[63.205714] (slam_gmapping) StderrLine: {'line': b'  140 |         \x1b[01;35m\x1b[Kif\x1b[m\x1b[K (count>0)\n'}
[63.206299] (slam_gmapping) StderrLine: {'line': b'      |         \x1b[01;35m\x1b[K^~\x1b[m\x1b[K\n'}
[63.206970] (slam_gmapping) StderrLine: {'line': b'\x1b[01m\x1b[K/home/sunrise/Robot_Car/install/openslam_gmapping/include/gmapping/particlefilter/particlefilter.h:142:17:\x1b[m\x1b[K \x1b[01;36m\x1b[Knote: \x1b[m\x1b[K...this statement, but the latter is misleadingly indented as if it were guarded by the \xe2\x80\x98\x1b[01m\x1b[Kif\x1b[m\x1b[K\xe2\x80\x99\n'}
[63.207674] (slam_gmapping) StderrLine: {'line': b'  142 |                 \x1b[01;36m\x1b[Kout\x1b[m\x1b[K++;\n'}
[63.208253] (slam_gmapping) StderrLine: {'line': b'      |                 \x1b[01;36m\x1b[K^~~\x1b[m\x1b[K\n'}
[63.224036] (-) TimerEvent: {}
[63.324962] (-) TimerEvent: {}
[63.370235] (slam_gmapping) StderrLine: {'line': b'In file included from \x1b[01m\x1b[K/home/sunrise/Robot_Car/install/openslam_gmapping/include/gmapping/scanmatcher/scanmatcher.h:5\x1b[m\x1b[K,\n'}
[63.371225] (slam_gmapping) StderrLine: {'line': b'                 from \x1b[01m\x1b[K/home/sunrise/Robot_Car/install/openslam_gmapping/include/gmapping/gridfastslam/gridslamprocessor.h:15\x1b[m\x1b[K,\n'}
[63.371962] (slam_gmapping) StderrLine: {'line': b'                 from \x1b[01m\x1b[K/home/sunrise/Robot_Car/src/slam_gmapping/include/slam_gmapping/slam_gmapping.h:45\x1b[m\x1b[K,\n'}
[63.372790] (slam_gmapping) StderrLine: {'line': b'                 from \x1b[01m\x1b[K/home/sunrise/Robot_Car/src/slam_gmapping/src/slam_gmapping.cpp:24\x1b[m\x1b[K:\n'}
[63.373493] (slam_gmapping) StderrLine: {'line': b'\x1b[01m\x1b[K/home/sunrise/Robot_Car/install/openslam_gmapping/include/gmapping/scanmatcher/smmap.h:\x1b[m\x1b[K In constructor \xe2\x80\x98\x1b[01m\x1b[KGMapping::PointAccumulator::PointAccumulator(int)\x1b[m\x1b[K\xe2\x80\x99:\n'}
[63.374168] (slam_gmapping) StderrLine: {'line': b'\x1b[01m\x1b[K/home/sunrise/Robot_Car/install/openslam_gmapping/include/gmapping/scanmatcher/smmap.h:17:30:\x1b[m\x1b[K \x1b[01;35m\x1b[Kwarning: \x1b[m\x1b[Kunused parameter \xe2\x80\x98\x1b[01m\x1b[Ki\x1b[m\x1b[K\xe2\x80\x99 [\x1b[01;35m\x1b[K\x1b]8;;https://gcc.gnu.org/onlinedocs/gcc/Warning-Options.html#index-Wunused-parameter\x07-Wunused-parameter\x1b]8;;\x07\x1b[m\x1b[K]\n'}
[63.374897] (slam_gmapping) StderrLine: {'line': b'   17 |         PointAccumulator(\x1b[01;35m\x1b[Kint i\x1b[m\x1b[K): acc(0,0), n(0), visits(0){assert(i==-1);}\n'}
[63.375611] (slam_gmapping) StderrLine: {'line': b'      |                          \x1b[01;35m\x1b[K~~~~^\x1b[m\x1b[K\n'}
[63.420559] (slam_gmapping) StderrLine: {'line': b'In file included from \x1b[01m\x1b[K/usr/include/c++/11/utility:70\x1b[m\x1b[K,\n'}
[63.421388] (slam_gmapping) StderrLine: {'line': b'                 from \x1b[01m\x1b[K/usr/include/c++/11/tuple:38\x1b[m\x1b[K,\n'}
[63.422065] (slam_gmapping) StderrLine: {'line': b'                 from \x1b[01m\x1b[K/usr/include/c++/11/mutex:38\x1b[m\x1b[K,\n'}
[63.422772] (slam_gmapping) StderrLine: {'line': b'                 from \x1b[01m\x1b[K/home/sunrise/Robot_Car/src/slam_gmapping/include/slam_gmapping/slam_gmapping.h:26\x1b[m\x1b[K,\n'}
[63.423533] (slam_gmapping) StderrLine: {'line': b'                 from \x1b[01m\x1b[K/home/sunrise/Robot_Car/src/slam_gmapping/src/slam_gmapping.cpp:24\x1b[m\x1b[K:\n'}
[63.424187] (slam_gmapping) StderrLine: {'line': b'/usr/include/c++/11/bits/stl_pair.h: In instantiation of \xe2\x80\x98\x1b[01m\x1b[Kconstexpr std::pair<typename std::__strip_reference_wrapper<typename std::decay<_Tp>::type>::__type, typename std::__strip_reference_wrapper<typename std::decay<_Tp2>::type>::__type> std::make_pair(_T1&&, _T2&&) [with _T1 = GMapping::point<double>&; _T2 = GMapping::point<double>&; typename std::__strip_reference_wrapper<typename std::decay<_Tp2>::type>::__type = GMapping::point<double>; typename std::decay<_Tp2>::type = std::decay<GMapping::point<double>&>::type; typename std::__strip_reference_wrapper<typename std::decay<_Tp>::type>::__type = GMapping::point<double>; typename std::decay<_Tp>::type = std::decay<GMapping::point<double>&>::type]\x1b[m\x1b[K\xe2\x80\x99:\n'}
[63.424915] (slam_gmapping) StderrLine: {'line': b'\x1b[01m\x1b[K/home/sunrise/Robot_Car/install/openslam_gmapping/include/gmapping/scanmatcher/scanmatcher.h:127:34:\x1b[m\x1b[K   required from here\n'}
[63.425539] (-) TimerEvent: {}
[63.426177] (slam_gmapping) StderrLine: {'line': b'\x1b[01m\x1b[K/usr/include/c++/11/bits/stl_pair.h:567:5:\x1b[m\x1b[K \x1b[01;36m\x1b[Knote: \x1b[m\x1b[Kparameter passing for argument of type \xe2\x80\x98\x1b[01m\x1b[Kstd::pair<GMapping::point<double>, GMapping::point<double> >\x1b[m\x1b[K\xe2\x80\x99 when C++17 is enabled changed to match C++14 \x1b]8;;https://gcc.gnu.org/gcc-10/changes.html#empty_base\x07in GCC 10.1\x1b]8;;\x07\n'}
[63.427140] (slam_gmapping) StderrLine: {'line': b'  567 |     \x1b[01;36m\x1b[Kmake_pair\x1b[m\x1b[K(_T1&& __x, _T2&& __y)\n'}
[63.427833] (slam_gmapping) StderrLine: {'line': b'      |     \x1b[01;36m\x1b[K^~~~~~~~~\x1b[m\x1b[K\n'}
[63.525828] (-) TimerEvent: {}
[63.626899] (-) TimerEvent: {}
[63.727766] (-) TimerEvent: {}
[63.828619] (-) TimerEvent: {}
[63.929490] (-) TimerEvent: {}
[64.030489] (-) TimerEvent: {}
[64.131443] (-) TimerEvent: {}
[64.232337] (-) TimerEvent: {}
[64.333253] (-) TimerEvent: {}
[64.434181] (-) TimerEvent: {}
[64.535161] (-) TimerEvent: {}
[64.636093] (-) TimerEvent: {}
[64.737020] (-) TimerEvent: {}
[64.837977] (-) TimerEvent: {}
[64.938931] (-) TimerEvent: {}
[65.039874] (-) TimerEvent: {}
[65.140790] (-) TimerEvent: {}
[65.241642] (-) TimerEvent: {}
[65.342555] (-) TimerEvent: {}
[65.443531] (-) TimerEvent: {}
[65.544459] (-) TimerEvent: {}
[65.645352] (-) TimerEvent: {}
[65.746249] (-) TimerEvent: {}
[65.847227] (-) TimerEvent: {}
[65.948134] (-) TimerEvent: {}
[66.049072] (-) TimerEvent: {}
[66.150018] (-) TimerEvent: {}
[66.250951] (-) TimerEvent: {}
[66.351853] (-) TimerEvent: {}
[66.452783] (-) TimerEvent: {}
[66.553785] (-) TimerEvent: {}
[66.654758] (-) TimerEvent: {}
[66.755608] (-) TimerEvent: {}
[66.856511] (-) TimerEvent: {}
[66.957418] (-) TimerEvent: {}
[67.058312] (-) TimerEvent: {}
[67.159553] (-) TimerEvent: {}
[67.260496] (-) TimerEvent: {}
[67.361450] (-) TimerEvent: {}
[67.462484] (-) TimerEvent: {}
[67.563444] (-) TimerEvent: {}
[67.664384] (-) TimerEvent: {}
[67.765261] (-) TimerEvent: {}
[67.866166] (-) TimerEvent: {}
[67.967113] (-) TimerEvent: {}
[68.068005] (-) TimerEvent: {}
[68.168911] (-) TimerEvent: {}
[68.269810] (-) TimerEvent: {}
[68.370725] (-) TimerEvent: {}
[68.471661] (-) TimerEvent: {}
[68.572583] (-) TimerEvent: {}
[68.673493] (-) TimerEvent: {}
[68.774401] (-) TimerEvent: {}
[68.875380] (-) TimerEvent: {}
[68.976319] (-) TimerEvent: {}
[69.077294] (-) TimerEvent: {}
[69.178220] (-) TimerEvent: {}
[69.279144] (-) TimerEvent: {}
[69.380057] (-) TimerEvent: {}
[69.480957] (-) TimerEvent: {}
[69.581806] (-) TimerEvent: {}
[69.682623] (-) TimerEvent: {}
[69.783476] (-) TimerEvent: {}
[69.884335] (-) TimerEvent: {}
[69.985275] (-) TimerEvent: {}
[70.086101] (-) TimerEvent: {}
[70.186981] (-) TimerEvent: {}
[70.287823] (-) TimerEvent: {}
[70.388667] (-) TimerEvent: {}
[70.489521] (-) TimerEvent: {}
[70.590363] (-) TimerEvent: {}
[70.691235] (-) TimerEvent: {}
[70.792073] (-) TimerEvent: {}
[70.892912] (-) TimerEvent: {}
[70.993783] (-) TimerEvent: {}
[71.094639] (-) TimerEvent: {}
[71.195563] (-) TimerEvent: {}
[71.296419] (-) TimerEvent: {}
[71.397266] (-) TimerEvent: {}
[71.498147] (-) TimerEvent: {}
[71.599151] (-) TimerEvent: {}
[71.700030] (-) TimerEvent: {}
[71.800955] (-) TimerEvent: {}
[71.901852] (-) TimerEvent: {}
[72.002823] (-) TimerEvent: {}
[72.103803] (-) TimerEvent: {}
[72.204729] (-) TimerEvent: {}
[72.305591] (-) TimerEvent: {}
[72.406503] (-) TimerEvent: {}
[72.507465] (-) TimerEvent: {}
[72.608596] (-) TimerEvent: {}
[72.709533] (-) TimerEvent: {}
[72.810456] (-) TimerEvent: {}
[72.911430] (-) TimerEvent: {}
[73.012362] (-) TimerEvent: {}
[73.113302] (-) TimerEvent: {}
[73.214208] (-) TimerEvent: {}
[73.315177] (-) TimerEvent: {}
[73.416088] (-) TimerEvent: {}
[73.517000] (-) TimerEvent: {}
[73.617920] (-) TimerEvent: {}
[73.718859] (-) TimerEvent: {}
[73.819781] (-) TimerEvent: {}
[73.920700] (-) TimerEvent: {}
[74.021629] (-) TimerEvent: {}
[74.122565] (-) TimerEvent: {}
[74.223485] (-) TimerEvent: {}
[74.324423] (-) TimerEvent: {}
[74.425353] (-) TimerEvent: {}
[74.526295] (-) TimerEvent: {}
[74.627269] (-) TimerEvent: {}
[74.728238] (-) TimerEvent: {}
[74.829134] (-) TimerEvent: {}
[74.930080] (-) TimerEvent: {}
[75.031028] (-) TimerEvent: {}
[75.131982] (-) TimerEvent: {}
[75.232894] (-) TimerEvent: {}
[75.333819] (-) TimerEvent: {}
[75.434766] (-) TimerEvent: {}
[75.535667] (-) TimerEvent: {}
[75.636578] (-) TimerEvent: {}
[75.737504] (-) TimerEvent: {}
[75.838421] (-) TimerEvent: {}
[75.939377] (-) TimerEvent: {}
[76.040298] (-) TimerEvent: {}
[76.141223] (-) TimerEvent: {}
[76.242155] (-) TimerEvent: {}
[76.343141] (-) TimerEvent: {}
[76.444072] (-) TimerEvent: {}
[76.545003] (-) TimerEvent: {}
[76.645926] (-) TimerEvent: {}
[76.746946] (-) TimerEvent: {}
[76.847895] (-) TimerEvent: {}
[76.948820] (-) TimerEvent: {}
[77.049765] (-) TimerEvent: {}
[77.150760] (-) TimerEvent: {}
[77.251743] (-) TimerEvent: {}
[77.352816] (-) TimerEvent: {}
[77.453782] (-) TimerEvent: {}
[77.554799] (-) TimerEvent: {}
[77.656226] (-) TimerEvent: {}
[77.757142] (-) TimerEvent: {}
[77.858062] (-) TimerEvent: {}
[77.959016] (-) TimerEvent: {}
[78.059920] (-) TimerEvent: {}
[78.160850] (-) TimerEvent: {}
[78.262004] (-) TimerEvent: {}
[78.362917] (-) TimerEvent: {}
[78.463834] (-) TimerEvent: {}
[78.564771] (-) TimerEvent: {}
[78.665712] (-) TimerEvent: {}
[78.766736] (-) TimerEvent: {}
[78.867650] (-) TimerEvent: {}
[78.968552] (-) TimerEvent: {}
[79.069420] (-) TimerEvent: {}
[79.170338] (-) TimerEvent: {}
[79.271322] (-) TimerEvent: {}
[79.372251] (-) TimerEvent: {}
[79.473159] (-) TimerEvent: {}
[79.574060] (-) TimerEvent: {}
[79.675046] (-) TimerEvent: {}
[79.775975] (-) TimerEvent: {}
[79.876830] (-) TimerEvent: {}
[79.977751] (-) TimerEvent: {}
[80.078714] (-) TimerEvent: {}
[80.179653] (-) TimerEvent: {}
[80.280616] (-) TimerEvent: {}
[80.381521] (-) TimerEvent: {}
[80.482470] (-) TimerEvent: {}
[80.583446] (-) TimerEvent: {}
[80.684387] (-) TimerEvent: {}
[80.785315] (-) TimerEvent: {}
[80.886221] (-) TimerEvent: {}
[80.987210] (-) TimerEvent: {}
[81.088140] (-) TimerEvent: {}
[81.189088] (-) TimerEvent: {}
[81.289914] (-) TimerEvent: {}
[81.390780] (-) TimerEvent: {}
[81.491655] (-) TimerEvent: {}
[81.592495] (-) TimerEvent: {}
[81.693293] (-) TimerEvent: {}
[81.794096] (-) TimerEvent: {}
[81.894930] (-) TimerEvent: {}
[81.995740] (-) TimerEvent: {}
[82.096597] (-) TimerEvent: {}
[82.197422] (-) TimerEvent: {}
[82.298246] (-) TimerEvent: {}
[82.399208] (-) TimerEvent: {}
[82.500149] (-) TimerEvent: {}
[82.601085] (-) TimerEvent: {}
[82.702097] (-) TimerEvent: {}
[82.803134] (-) TimerEvent: {}
[82.904026] (-) TimerEvent: {}
[83.004993] (-) TimerEvent: {}
[83.105953] (-) TimerEvent: {}
[83.206946] (-) TimerEvent: {}
[83.307862] (-) TimerEvent: {}
[83.408795] (-) TimerEvent: {}
[83.509706] (-) TimerEvent: {}
[83.610621] (-) TimerEvent: {}
[83.711571] (-) TimerEvent: {}
[83.812473] (-) TimerEvent: {}
[83.913376] (-) TimerEvent: {}
[84.014285] (-) TimerEvent: {}
[84.115162] (-) TimerEvent: {}
[84.216019] (-) TimerEvent: {}
[84.316857] (-) TimerEvent: {}
[84.417684] (-) TimerEvent: {}
[84.518605] (-) TimerEvent: {}
[84.619572] (-) TimerEvent: {}
[84.720494] (-) TimerEvent: {}
[84.821409] (-) TimerEvent: {}
[84.922323] (-) TimerEvent: {}
[85.023315] (-) TimerEvent: {}
[85.124208] (-) TimerEvent: {}
[85.225072] (-) TimerEvent: {}
[85.325991] (-) TimerEvent: {}
[85.426974] (-) TimerEvent: {}
[85.527868] (-) TimerEvent: {}
[85.628786] (-) TimerEvent: {}
[85.729684] (-) TimerEvent: {}
[85.830590] (-) TimerEvent: {}
[85.931538] (-) TimerEvent: {}
[86.032481] (-) TimerEvent: {}
[86.133391] (-) TimerEvent: {}
[86.234316] (-) TimerEvent: {}
[86.335281] (-) TimerEvent: {}
[86.436205] (-) TimerEvent: {}
[86.537131] (-) TimerEvent: {}
[86.638041] (-) TimerEvent: {}
[86.739026] (-) TimerEvent: {}
[86.839923] (-) TimerEvent: {}
[86.940811] (-) TimerEvent: {}
[87.041713] (-) TimerEvent: {}
[87.142631] (-) TimerEvent: {}
[87.243600] (-) TimerEvent: {}
[87.344507] (-) TimerEvent: {}
[87.445445] (-) TimerEvent: {}
[87.546360] (-) TimerEvent: {}
[87.647351] (-) TimerEvent: {}
[87.748266] (-) TimerEvent: {}
[87.849310] (-) TimerEvent: {}
[87.950259] (-) TimerEvent: {}
[88.051212] (-) TimerEvent: {}
[88.152165] (-) TimerEvent: {}
[88.253067] (-) TimerEvent: {}
[88.353973] (-) TimerEvent: {}
[88.454905] (-) TimerEvent: {}
[88.555906] (-) TimerEvent: {}
[88.656835] (-) TimerEvent: {}
[88.757740] (-) TimerEvent: {}
[88.858645] (-) TimerEvent: {}
[88.959612] (-) TimerEvent: {}
[89.060519] (-) TimerEvent: {}
[89.161442] (-) TimerEvent: {}
[89.262367] (-) TimerEvent: {}
[89.363314] (-) TimerEvent: {}
[89.464211] (-) TimerEvent: {}
[89.565108] (-) TimerEvent: {}
[89.666004] (-) TimerEvent: {}
[89.766935] (-) TimerEvent: {}
[89.867838] (-) TimerEvent: {}
[89.968738] (-) TimerEvent: {}
[90.069641] (-) TimerEvent: {}
[90.170576] (-) TimerEvent: {}
[90.271771] (-) TimerEvent: {}
[90.372710] (-) TimerEvent: {}
[90.473617] (-) TimerEvent: {}
[90.574530] (-) TimerEvent: {}
[90.675488] (-) TimerEvent: {}
[90.776527] (-) TimerEvent: {}
[90.877437] (-) TimerEvent: {}
[90.978363] (-) TimerEvent: {}
[91.079322] (-) TimerEvent: {}
[91.180289] (-) TimerEvent: {}
[91.281213] (-) TimerEvent: {}
[91.382137] (-) TimerEvent: {}
[91.483082] (-) TimerEvent: {}
[91.584015] (-) TimerEvent: {}
[91.684921] (-) TimerEvent: {}
[91.785840] (-) TimerEvent: {}
[91.886785] (-) TimerEvent: {}
[91.987736] (-) TimerEvent: {}
[92.088680] (-) TimerEvent: {}
[92.189630] (-) TimerEvent: {}
[92.290520] (-) TimerEvent: {}
[92.391485] (-) TimerEvent: {}
[92.492425] (-) TimerEvent: {}
[92.593347] (-) TimerEvent: {}
[92.694258] (-) TimerEvent: {}
[92.795467] (-) TimerEvent: {}
[92.896387] (-) TimerEvent: {}
[92.997345] (-) TimerEvent: {}
[93.098269] (-) TimerEvent: {}
[93.199289] (-) TimerEvent: {}
[93.300199] (-) TimerEvent: {}
[93.401103] (-) TimerEvent: {}
[93.502044] (-) TimerEvent: {}
[93.602998] (-) TimerEvent: {}
[93.703901] (-) TimerEvent: {}
[93.804811] (-) TimerEvent: {}
[93.905751] (-) TimerEvent: {}
[94.006737] (-) TimerEvent: {}
[94.107660] (-) TimerEvent: {}
[94.208560] (-) TimerEvent: {}
[94.309475] (-) TimerEvent: {}
[94.410385] (-) TimerEvent: {}
[94.511349] (-) TimerEvent: {}
[94.612263] (-) TimerEvent: {}
[94.713182] (-) TimerEvent: {}
[94.814056] (-) TimerEvent: {}
[94.915001] (-) TimerEvent: {}
[95.015907] (-) TimerEvent: {}
[95.116818] (-) TimerEvent: {}
[95.217745] (-) TimerEvent: {}
[95.318682] (-) TimerEvent: {}
[95.419609] (-) TimerEvent: {}
[95.520568] (-) TimerEvent: {}
[95.621485] (-) TimerEvent: {}
[95.722421] (-) TimerEvent: {}
[95.823373] (-) TimerEvent: {}
[95.924286] (-) TimerEvent: {}
[96.025199] (-) TimerEvent: {}
[96.126113] (-) TimerEvent: {}
[96.227072] (-) TimerEvent: {}
[96.327989] (-) TimerEvent: {}
[96.428919] (-) TimerEvent: {}
[96.530035] (-) TimerEvent: {}
[96.631001] (-) TimerEvent: {}
[96.731900] (-) TimerEvent: {}
[96.832824] (-) TimerEvent: {}
[96.933821] (-) TimerEvent: {}
[97.034797] (-) TimerEvent: {}
[97.135672] (-) TimerEvent: {}
[97.236560] (-) TimerEvent: {}
[97.337500] (-) TimerEvent: {}
[97.438488] (-) TimerEvent: {}
[97.539481] (-) TimerEvent: {}
[97.640444] (-) TimerEvent: {}
[97.741386] (-) TimerEvent: {}
[97.842288] (-) TimerEvent: {}
[97.943175] (-) TimerEvent: {}
[98.044047] (-) TimerEvent: {}
[98.144953] (-) TimerEvent: {}
[98.245845] (-) TimerEvent: {}
[98.346801] (-) TimerEvent: {}
[98.447672] (-) TimerEvent: {}
[98.548546] (-) TimerEvent: {}
[98.649425] (-) TimerEvent: {}
[98.750301] (-) TimerEvent: {}
[98.851288] (-) TimerEvent: {}
[98.952198] (-) TimerEvent: {}
[99.053045] (-) TimerEvent: {}
[99.153943] (-) TimerEvent: {}
[99.254849] (-) TimerEvent: {}
[99.355762] (-) TimerEvent: {}
[99.456649] (-) TimerEvent: {}
[99.557561] (-) TimerEvent: {}
[99.658505] (-) TimerEvent: {}
[99.759416] (-) TimerEvent: {}
[99.860339] (-) TimerEvent: {}
[99.961266] (-) TimerEvent: {}
[100.062189] (-) TimerEvent: {}
[100.163163] (-) TimerEvent: {}
[100.264057] (-) TimerEvent: {}
[100.365008] (-) TimerEvent: {}
[100.465907] (-) TimerEvent: {}
[100.566839] (-) TimerEvent: {}
[100.667733] (-) TimerEvent: {}
[100.768625] (-) TimerEvent: {}
[100.869539] (-) TimerEvent: {}
[100.970473] (-) TimerEvent: {}
[101.071443] (-) TimerEvent: {}
[101.172434] (-) TimerEvent: {}
[101.273344] (-) TimerEvent: {}
[101.374304] (-) TimerEvent: {}
[101.475258] (-) TimerEvent: {}
[101.576178] (-) TimerEvent: {}
[101.677095] (-) TimerEvent: {}
[101.778039] (-) TimerEvent: {}
[101.878976] (-) TimerEvent: {}
[101.979899] (-) TimerEvent: {}
[102.080858] (-) TimerEvent: {}
[102.181743] (-) TimerEvent: {}
[102.282641] (-) TimerEvent: {}
[102.383600] (-) TimerEvent: {}
[102.484497] (-) TimerEvent: {}
[102.585404] (-) TimerEvent: {}
[102.686314] (-) TimerEvent: {}
[102.787266] (-) TimerEvent: {}
[102.888147] (-) TimerEvent: {}
[102.989109] (-) TimerEvent: {}
[103.090025] (-) TimerEvent: {}
[103.190978] (-) TimerEvent: {}
[103.291860] (-) TimerEvent: {}
[103.392753] (-) TimerEvent: {}
[103.493670] (-) TimerEvent: {}
[103.594567] (-) TimerEvent: {}
[103.695508] (-) TimerEvent: {}
[103.796440] (-) TimerEvent: {}
[103.897386] (-) TimerEvent: {}
[103.998292] (-) TimerEvent: {}
[104.099373] (-) TimerEvent: {}
[104.200282] (-) TimerEvent: {}
[104.301198] (-) TimerEvent: {}
[104.402113] (-) TimerEvent: {}
[104.503046] (-) TimerEvent: {}
[104.603941] (-) TimerEvent: {}
[104.704842] (-) TimerEvent: {}
[104.805760] (-) TimerEvent: {}
[104.906641] (-) TimerEvent: {}
[105.007567] (-) TimerEvent: {}
[105.108476] (-) TimerEvent: {}
[105.209362] (-) TimerEvent: {}
[105.310247] (-) TimerEvent: {}
[105.411110] (-) TimerEvent: {}
[105.511938] (-) TimerEvent: {}
[105.612766] (-) TimerEvent: {}
[105.713594] (-) TimerEvent: {}
[105.814440] (-) TimerEvent: {}
[105.915329] (-) TimerEvent: {}
[106.016117] (-) TimerEvent: {}
[106.116917] (-) TimerEvent: {}
[106.217726] (-) TimerEvent: {}
[106.318559] (-) TimerEvent: {}
[106.419437] (-) TimerEvent: {}
[106.520255] (-) TimerEvent: {}
[106.621085] (-) TimerEvent: {}
[106.721913] (-) TimerEvent: {}
[106.822745] (-) TimerEvent: {}
[106.923556] (-) TimerEvent: {}
[107.024400] (-) TimerEvent: {}
[107.125319] (-) TimerEvent: {}
[107.226141] (-) TimerEvent: {}
[107.327039] (-) TimerEvent: {}
[107.427876] (-) TimerEvent: {}
[107.528711] (-) TimerEvent: {}
[107.629557] (-) TimerEvent: {}
[107.730426] (-) TimerEvent: {}
[107.831324] (-) TimerEvent: {}
[107.932170] (-) TimerEvent: {}
[108.033040] (-) TimerEvent: {}
[108.133920] (-) TimerEvent: {}
[108.234815] (-) TimerEvent: {}
[108.335756] (-) TimerEvent: {}
[108.436616] (-) TimerEvent: {}
[108.537479] (-) TimerEvent: {}
[108.638387] (-) TimerEvent: {}
[108.739400] (-) TimerEvent: {}
[108.840308] (-) TimerEvent: {}
[108.941218] (-) TimerEvent: {}
[109.042100] (-) TimerEvent: {}
[109.143028] (-) TimerEvent: {}
[109.243919] (-) TimerEvent: {}
[109.344811] (-) TimerEvent: {}
[109.445913] (-) TimerEvent: {}
[109.546852] (-) TimerEvent: {}
[109.647752] (-) TimerEvent: {}
[109.748648] (-) TimerEvent: {}
[109.849549] (-) TimerEvent: {}
[109.950467] (-) TimerEvent: {}
[110.051455] (-) TimerEvent: {}
[110.152320] (-) TimerEvent: {}
[110.253223] (-) TimerEvent: {}
[110.354125] (-) TimerEvent: {}
[110.455073] (-) TimerEvent: {}
[110.555985] (-) TimerEvent: {}
[110.656928] (-) TimerEvent: {}
[110.757798] (-) TimerEvent: {}
[110.858727] (-) TimerEvent: {}
[110.959616] (-) TimerEvent: {}
[111.060543] (-) TimerEvent: {}
[111.161440] (-) TimerEvent: {}
[111.262350] (-) TimerEvent: {}
[111.363303] (-) TimerEvent: {}
[111.464211] (-) TimerEvent: {}
[111.565080] (-) TimerEvent: {}
[111.665989] (-) TimerEvent: {}
[111.766908] (-) TimerEvent: {}
[111.867781] (-) TimerEvent: {}
[111.968658] (-) TimerEvent: {}
[112.069568] (-) TimerEvent: {}
[112.170461] (-) TimerEvent: {}
[112.271416] (-) TimerEvent: {}
[112.372340] (-) TimerEvent: {}
[112.473226] (-) TimerEvent: {}
[112.574208] (-) TimerEvent: {}
[112.675244] (-) TimerEvent: {}
[112.776131] (-) TimerEvent: {}
[112.877039] (-) TimerEvent: {}
[112.977925] (-) TimerEvent: {}
[113.078867] (-) TimerEvent: {}
[113.179744] (-) TimerEvent: {}
[113.280646] (-) TimerEvent: {}
[113.381616] (-) TimerEvent: {}
[113.482546] (-) TimerEvent: {}
[113.583505] (-) TimerEvent: {}
[113.684415] (-) TimerEvent: {}
[113.785358] (-) TimerEvent: {}
[113.886321] (-) TimerEvent: {}
[113.987358] (-) TimerEvent: {}
[114.088266] (-) TimerEvent: {}
[114.189138] (-) TimerEvent: {}
[114.290087] (-) TimerEvent: {}
[114.391053] (-) TimerEvent: {}
[114.491978] (-) TimerEvent: {}
[114.592877] (-) TimerEvent: {}
[114.693770] (-) TimerEvent: {}
[114.794640] (-) TimerEvent: {}
[114.895551] (-) TimerEvent: {}
[114.996437] (-) TimerEvent: {}
[115.097345] (-) TimerEvent: {}
[115.198251] (-) TimerEvent: {}
[115.299222] (-) TimerEvent: {}
[115.400164] (-) TimerEvent: {}
[115.501063] (-) TimerEvent: {}
[115.601956] (-) TimerEvent: {}
[115.702865] (-) TimerEvent: {}
[115.803791] (-) TimerEvent: {}
[115.904671] (-) TimerEvent: {}
[116.005562] (-) TimerEvent: {}
[116.106444] (-) TimerEvent: {}
[116.207436] (-) TimerEvent: {}
[116.308350] (-) TimerEvent: {}
[116.409238] (-) TimerEvent: {}
[116.510131] (-) TimerEvent: {}
[116.611067] (-) TimerEvent: {}
[116.711983] (-) TimerEvent: {}
[116.812883] (-) TimerEvent: {}
[116.913715] (-) TimerEvent: {}
[117.014595] (-) TimerEvent: {}
[117.115584] (-) TimerEvent: {}
[117.216531] (-) TimerEvent: {}
[117.317660] (-) TimerEvent: {}
[117.418594] (-) TimerEvent: {}
[117.519548] (-) TimerEvent: {}
[117.620489] (-) TimerEvent: {}
[117.721407] (-) TimerEvent: {}
[117.822338] (-) TimerEvent: {}
[117.923310] (-) TimerEvent: {}
[118.024183] (-) TimerEvent: {}
[118.125125] (-) TimerEvent: {}
[118.226042] (-) TimerEvent: {}
[118.326971] (-) TimerEvent: {}
[118.427891] (-) TimerEvent: {}
[118.528800] (-) TimerEvent: {}
[118.629715] (-) TimerEvent: {}
[118.730609] (-) TimerEvent: {}
[118.831589] (-) TimerEvent: {}
[118.932554] (-) TimerEvent: {}
[119.033453] (-) TimerEvent: {}
[119.134403] (-) TimerEvent: {}
[119.235376] (-) TimerEvent: {}
[119.336297] (-) TimerEvent: {}
[119.437183] (-) TimerEvent: {}
[119.538052] (-) TimerEvent: {}
[119.638983] (-) TimerEvent: {}
[119.739964] (-) TimerEvent: {}
[119.840846] (-) TimerEvent: {}
[119.941717] (-) TimerEvent: {}
[120.042609] (-) TimerEvent: {}
[120.143592] (-) TimerEvent: {}
[120.244486] (-) TimerEvent: {}
[120.345405] (-) TimerEvent: {}
[120.446374] (-) TimerEvent: {}
[120.547314] (-) TimerEvent: {}
[120.648173] (-) TimerEvent: {}
[120.749074] (-) TimerEvent: {}
[120.849931] (-) TimerEvent: {}
[120.950918] (-) TimerEvent: {}
[121.051794] (-) TimerEvent: {}
[121.152640] (-) TimerEvent: {}
[121.253539] (-) TimerEvent: {}
[121.354428] (-) TimerEvent: {}
[121.455379] (-) TimerEvent: {}
[121.556272] (-) TimerEvent: {}
[121.657202] (-) TimerEvent: {}
[121.758083] (-) TimerEvent: {}
[121.858977] (-) TimerEvent: {}
[121.959831] (-) TimerEvent: {}
[122.060760] (-) TimerEvent: {}
[122.161677] (-) TimerEvent: {}
[122.262607] (-) TimerEvent: {}
[122.363618] (-) TimerEvent: {}
[122.464538] (-) TimerEvent: {}
[122.565476] (-) TimerEvent: {}
[122.666402] (-) TimerEvent: {}
[122.767353] (-) TimerEvent: {}
[122.868288] (-) TimerEvent: {}
[122.969201] (-) TimerEvent: {}
[123.070134] (-) TimerEvent: {}
[123.171081] (-) TimerEvent: {}
[123.271967] (-) TimerEvent: {}
[123.372852] (-) TimerEvent: {}
[123.473770] (-) TimerEvent: {}
[123.574711] (-) TimerEvent: {}
[123.675568] (-) TimerEvent: {}
[123.776509] (-) TimerEvent: {}
[123.877422] (-) TimerEvent: {}
[123.978321] (-) TimerEvent: {}
[124.079218] (-) TimerEvent: {}
[124.180119] (-) TimerEvent: {}
[124.281037] (-) TimerEvent: {}
[124.381971] (-) TimerEvent: {}
[124.482883] (-) TimerEvent: {}
[124.583763] (-) TimerEvent: {}
[124.684669] (-) TimerEvent: {}
[124.785564] (-) TimerEvent: {}
[124.886455] (-) TimerEvent: {}
[124.987330] (-) TimerEvent: {}
[125.088217] (-) TimerEvent: {}
[125.189064] (-) TimerEvent: {}
[125.289913] (-) TimerEvent: {}
[125.390826] (-) TimerEvent: {}
[125.491779] (-) TimerEvent: {}
[125.592687] (-) TimerEvent: {}
[125.693612] (-) TimerEvent: {}
[125.794520] (-) TimerEvent: {}
[125.895472] (-) TimerEvent: {}
[125.996407] (-) TimerEvent: {}
[126.097285] (-) TimerEvent: {}
[126.198142] (-) TimerEvent: {}
[126.299011] (-) TimerEvent: {}
[126.399914] (-) TimerEvent: {}
[126.500801] (-) TimerEvent: {}
[126.601711] (-) TimerEvent: {}
[126.702691] (-) TimerEvent: {}
[126.803565] (-) TimerEvent: {}
[126.904436] (-) TimerEvent: {}
[127.005312] (-) TimerEvent: {}
[127.106191] (-) TimerEvent: {}
[127.207184] (-) TimerEvent: {}
[127.308113] (-) TimerEvent: {}
[127.409108] (-) TimerEvent: {}
[127.510065] (-) TimerEvent: {}
[127.611020] (-) TimerEvent: {}
[127.711895] (-) TimerEvent: {}
[127.812837] (-) TimerEvent: {}
[127.913740] (-) TimerEvent: {}
[128.014705] (-) TimerEvent: {}
[128.115595] (-) TimerEvent: {}
[128.216538] (-) TimerEvent: {}
[128.317445] (-) TimerEvent: {}
[128.418337] (-) TimerEvent: {}
[128.519289] (-) TimerEvent: {}
[128.620164] (-) TimerEvent: {}
[128.721093] (-) TimerEvent: {}
[128.822008] (-) TimerEvent: {}
[128.922938] (-) TimerEvent: {}
[129.023839] (-) TimerEvent: {}
[129.124718] (-) TimerEvent: {}
[129.225594] (-) TimerEvent: {}
[129.326465] (-) TimerEvent: {}
[129.427365] (-) TimerEvent: {}
[129.528221] (-) TimerEvent: {}
[129.629124] (-) TimerEvent: {}
[129.730014] (-) TimerEvent: {}
[129.830964] (-) TimerEvent: {}
[129.931869] (-) TimerEvent: {}
[130.032729] (-) TimerEvent: {}
[130.133652] (-) TimerEvent: {}
[130.234520] (-) TimerEvent: {}
[130.335485] (-) TimerEvent: {}
[130.436359] (-) TimerEvent: {}
[130.537289] (-) TimerEvent: {}
[130.638197] (-) TimerEvent: {}
[130.739170] (-) TimerEvent: {}
[130.840074] (-) TimerEvent: {}
[130.940944] (-) TimerEvent: {}
[131.041861] (-) TimerEvent: {}
[131.142884] (-) TimerEvent: {}
[131.243850] (-) TimerEvent: {}
[131.344818] (-) TimerEvent: {}
[131.445733] (-) TimerEvent: {}
[131.546624] (-) TimerEvent: {}
[131.647527] (-) TimerEvent: {}
[131.748604] (-) TimerEvent: {}
[131.849479] (-) TimerEvent: {}
[131.950316] (-) TimerEvent: {}
[132.051244] (-) TimerEvent: {}
[132.152184] (-) TimerEvent: {}
[132.253064] (-) TimerEvent: {}
[132.354031] (-) TimerEvent: {}
[132.454998] (-) TimerEvent: {}
[132.555845] (-) TimerEvent: {}
[132.656807] (-) TimerEvent: {}
[132.757681] (-) TimerEvent: {}
[132.858586] (-) TimerEvent: {}
[132.959549] (-) TimerEvent: {}
[133.060469] (-) TimerEvent: {}
[133.161449] (-) TimerEvent: {}
[133.262315] (-) TimerEvent: {}
[133.363226] (-) TimerEvent: {}
[133.464110] (-) TimerEvent: {}
[133.565061] (-) TimerEvent: {}
[133.666048] (-) TimerEvent: {}
[133.767049] (-) TimerEvent: {}
[133.868242] (-) TimerEvent: {}
[133.969169] (-) TimerEvent: {}
[134.070058] (-) TimerEvent: {}
[134.170968] (-) TimerEvent: {}
[134.271872] (-) TimerEvent: {}
[134.372812] (-) TimerEvent: {}
[134.473695] (-) TimerEvent: {}
[134.574624] (-) TimerEvent: {}
[134.675567] (-) TimerEvent: {}
[134.776407] (-) TimerEvent: {}
[134.877255] (-) TimerEvent: {}
[134.978150] (-) TimerEvent: {}
[135.079094] (-) TimerEvent: {}
[135.179970] (-) TimerEvent: {}
[135.280861] (-) TimerEvent: {}
[135.381701] (-) TimerEvent: {}
[135.482600] (-) TimerEvent: {}
[135.583590] (-) TimerEvent: {}
[135.684578] (-) TimerEvent: {}
[135.785525] (-) TimerEvent: {}
[135.886410] (-) TimerEvent: {}
[135.987354] (-) TimerEvent: {}
[136.088261] (-) TimerEvent: {}
[136.189166] (-) TimerEvent: {}
[136.290072] (-) TimerEvent: {}
[136.390990] (-) TimerEvent: {}
[136.491874] (-) TimerEvent: {}
[136.592784] (-) TimerEvent: {}
[136.693683] (-) TimerEvent: {}
[136.794568] (-) TimerEvent: {}
[136.895489] (-) TimerEvent: {}
[136.996432] (-) TimerEvent: {}
[137.097317] (-) TimerEvent: {}
[137.198176] (-) TimerEvent: {}
[137.299107] (-) TimerEvent: {}
[137.400019] (-) TimerEvent: {}
[137.501007] (-) TimerEvent: {}
[137.601902] (-) TimerEvent: {}
[137.702874] (-) TimerEvent: {}
[137.803762] (-) TimerEvent: {}
[137.904677] (-) TimerEvent: {}
[138.005590] (-) TimerEvent: {}
[138.106515] (-) TimerEvent: {}
[138.207512] (-) TimerEvent: {}
[138.308435] (-) TimerEvent: {}
[138.409384] (-) TimerEvent: {}
[138.510262] (-) TimerEvent: {}
[138.611146] (-) TimerEvent: {}
[138.712098] (-) TimerEvent: {}
[138.812952] (-) TimerEvent: {}
[138.913856] (-) TimerEvent: {}
[139.014727] (-) TimerEvent: {}
[139.115550] (-) TimerEvent: {}
[139.216486] (-) TimerEvent: {}
[139.317385] (-) TimerEvent: {}
[139.418202] (-) TimerEvent: {}
[139.519097] (-) TimerEvent: {}
[139.619933] (-) TimerEvent: {}
[139.720770] (-) TimerEvent: {}
[139.821651] (-) TimerEvent: {}
[139.922570] (-) TimerEvent: {}
[140.023508] (-) TimerEvent: {}
[140.124431] (-) TimerEvent: {}
[140.225271] (-) TimerEvent: {}
[140.326201] (-) TimerEvent: {}
[140.427159] (-) TimerEvent: {}
[140.528067] (-) TimerEvent: {}
[140.628971] (-) TimerEvent: {}
[140.729880] (-) TimerEvent: {}
[140.830832] (-) TimerEvent: {}
[140.931686] (-) TimerEvent: {}
[141.032522] (-) TimerEvent: {}
[141.133401] (-) TimerEvent: {}
[141.234301] (-) TimerEvent: {}
[141.335247] (-) TimerEvent: {}
[141.436203] (-) TimerEvent: {}
[141.537112] (-) TimerEvent: {}
[141.638115] (-) TimerEvent: {}
[141.739015] (-) TimerEvent: {}
[141.839876] (-) TimerEvent: {}
[141.940780] (-) TimerEvent: {}
[142.041650] (-) TimerEvent: {}
[142.142548] (-) TimerEvent: {}
[142.243569] (-) TimerEvent: {}
[142.344491] (-) TimerEvent: {}
[142.445385] (-) TimerEvent: {}
[142.546300] (-) TimerEvent: {}
[142.647198] (-) TimerEvent: {}
[142.748055] (-) TimerEvent: {}
[142.848944] (-) TimerEvent: {}
[142.949800] (-) TimerEvent: {}
[143.050796] (-) TimerEvent: {}
[143.151654] (-) TimerEvent: {}
[143.252524] (-) TimerEvent: {}
[143.353321] (-) TimerEvent: {}
[143.454191] (-) TimerEvent: {}
[143.555131] (-) TimerEvent: {}
[143.656019] (-) TimerEvent: {}
[143.756969] (-) TimerEvent: {}
[143.857972] (-) TimerEvent: {}
[143.958865] (-) TimerEvent: {}
[144.059794] (-) TimerEvent: {}
[144.160697] (-) TimerEvent: {}
[144.261595] (-) TimerEvent: {}
[144.362433] (-) TimerEvent: {}
[144.463357] (-) TimerEvent: {}
[144.564192] (-) TimerEvent: {}
[144.665068] (-) TimerEvent: {}
[144.765960] (-) TimerEvent: {}
[144.866857] (-) TimerEvent: {}
[144.967813] (-) TimerEvent: {}
[145.068760] (-) TimerEvent: {}
[145.169664] (-) TimerEvent: {}
[145.270568] (-) TimerEvent: {}
[145.371519] (-) TimerEvent: {}
[145.472443] (-) TimerEvent: {}
[145.573351] (-) TimerEvent: {}
[145.674252] (-) TimerEvent: {}
[145.775131] (-) TimerEvent: {}
[145.876037] (-) TimerEvent: {}
[145.976978] (-) TimerEvent: {}
[146.077902] (-) TimerEvent: {}
[146.178819] (-) TimerEvent: {}
[146.279714] (-) TimerEvent: {}
[146.380601] (-) TimerEvent: {}
[146.481479] (-) TimerEvent: {}
[146.582412] (-) TimerEvent: {}
[146.683343] (-) TimerEvent: {}
[146.784221] (-) TimerEvent: {}
[146.885138] (-) TimerEvent: {}
[146.986025] (-) TimerEvent: {}
[147.086900] (-) TimerEvent: {}
[147.187746] (-) TimerEvent: {}
[147.288643] (-) TimerEvent: {}
[147.389503] (-) TimerEvent: {}
[147.490396] (-) TimerEvent: {}
[147.591292] (-) TimerEvent: {}
[147.692426] (-) TimerEvent: {}
[147.793325] (-) TimerEvent: {}
[147.894233] (-) TimerEvent: {}
[147.995203] (-) TimerEvent: {}
[148.096058] (-) TimerEvent: {}
[148.196907] (-) TimerEvent: {}
[148.297779] (-) TimerEvent: {}
[148.398717] (-) TimerEvent: {}
[148.499567] (-) TimerEvent: {}
[148.600442] (-) TimerEvent: {}
[148.701299] (-) TimerEvent: {}
[148.802175] (-) TimerEvent: {}
[148.903126] (-) TimerEvent: {}
[149.004049] (-) TimerEvent: {}
[149.104987] (-) TimerEvent: {}
[149.205876] (-) TimerEvent: {}
[149.306777] (-) TimerEvent: {}
[149.407735] (-) TimerEvent: {}
[149.508691] (-) TimerEvent: {}
[149.609585] (-) TimerEvent: {}
[149.710464] (-) TimerEvent: {}
[149.811385] (-) TimerEvent: {}
[149.912273] (-) TimerEvent: {}
[150.013190] (-) TimerEvent: {}
[150.114142] (-) TimerEvent: {}
[150.215082] (-) TimerEvent: {}
[150.316019] (-) TimerEvent: {}
[150.416908] (-) TimerEvent: {}
[150.517768] (-) TimerEvent: {}
[150.618690] (-) TimerEvent: {}
[150.719634] (-) TimerEvent: {}
[150.820555] (-) TimerEvent: {}
[150.921459] (-) TimerEvent: {}
[151.022379] (-) TimerEvent: {}
[151.123305] (-) TimerEvent: {}
[151.224179] (-) TimerEvent: {}
[151.325044] (-) TimerEvent: {}
[151.425973] (-) TimerEvent: {}
[151.526881] (-) TimerEvent: {}
[151.627847] (-) TimerEvent: {}
[151.728784] (-) TimerEvent: {}
[151.829832] (-) TimerEvent: {}
[151.930834] (-) TimerEvent: {}
[152.031705] (-) TimerEvent: {}
[152.132549] (-) TimerEvent: {}
[152.233395] (-) TimerEvent: {}
[152.334264] (-) TimerEvent: {}
[152.435156] (-) TimerEvent: {}
[152.535954] (-) TimerEvent: {}
[152.636804] (-) TimerEvent: {}
[152.737669] (-) TimerEvent: {}
[152.838530] (-) TimerEvent: {}
[152.939474] (-) TimerEvent: {}
[153.040400] (-) TimerEvent: {}
[153.141352] (-) TimerEvent: {}
[153.242195] (-) TimerEvent: {}
[153.343046] (-) TimerEvent: {}
[153.443923] (-) TimerEvent: {}
[153.544869] (-) TimerEvent: {}
[153.645792] (-) TimerEvent: {}
[153.746715] (-) TimerEvent: {}
[153.783016] (slam_gmapping) StdoutLine: {'line': b'[100%] \x1b[32m\x1b[1mLinking CXX executable slam_gmapping\x1b[0m\n'}
[153.846924] (-) TimerEvent: {}
[153.947862] (-) TimerEvent: {}
[154.048825] (-) TimerEvent: {}
[154.150241] (-) TimerEvent: {}
[154.251356] (-) TimerEvent: {}
[154.352425] (-) TimerEvent: {}
[154.453428] (-) TimerEvent: {}
[154.554581] (-) TimerEvent: {}
[154.655773] (-) TimerEvent: {}
[154.756657] (-) TimerEvent: {}
[154.857650] (-) TimerEvent: {}
[154.958622] (-) TimerEvent: {}
[155.059507] (-) TimerEvent: {}
[155.160436] (-) TimerEvent: {}
[155.261325] (-) TimerEvent: {}
[155.362314] (-) TimerEvent: {}
[155.463193] (-) TimerEvent: {}
[155.564011] (-) TimerEvent: {}
[155.583570] (slam_gmapping) StdoutLine: {'line': b'[100%] Built target slam_gmapping\n'}
[155.625597] (slam_gmapping) CommandEnded: {'returncode': 0}
[155.630456] (slam_gmapping) JobProgress: {'identifier': 'slam_gmapping', 'progress': 'install'}
[155.632319] (slam_gmapping) Command: {'cmd': ['/usr/bin/cmake', '--install', '/home/sunrise/Robot_Car/build/slam_gmapping'], 'cwd': '/home/sunrise/Robot_Car/build/slam_gmapping', 'env': OrderedDict([('LANGUAGE', 'zh_CN'), ('USER', 'sunrise'), ('XDG_SEAT', 'seat0'), ('SSH_AGENT_PID', '4283'), ('XDG_SESSION_TYPE', 'x11'), ('SHLVL', '1'), ('LD_LIBRARY_PATH', '/home/sunrise/Robot_Car/install/openslam_gmapping/lib:/opt/ros/humble/opt/rviz_ogre_vendor/lib:/opt/ros/humble/lib/aarch64-linux-gnu:/opt/ros/humble/lib'), ('HOME', '/home/sunrise'), ('OLDPWD', '/home/sunrise/Robot_Car'), ('DESKTOP_SESSION', 'xfce'), ('ROS_PYTHON_VERSION', '3'), ('XDG_SEAT_PATH', '/org/freedesktop/DisplayManager/Seat0'), ('DBUS_SESSION_BUS_ADDRESS', 'unix:path=/run/user/1000/bus'), ('COLORTERM', 'truecolor'), ('ROS_DISTRO', 'humble'), ('GTK_IM_MODULE', 'ibus'), ('LOGNAME', 'sunrise'), ('WINDOWID', '67119595'), ('_', '/usr/bin/colcon'), ('ROS_VERSION', '2'), ('XDG_SESSION_CLASS', 'user'), ('TERM', 'xterm-256color'), ('XDG_SESSION_ID', 'c2'), ('ROS_LOCALHOST_ONLY', '0'), ('PATH', '/opt/ros/humble/bin:/usr/local/sbin:/usr/local/bin:/usr/sbin:/usr/bin:/sbin:/bin:/usr/games:/usr/local/games:/snap/bin'), ('SESSION_MANAGER', 'local/ubuntu:@/tmp/.ICE-unix/3780,unix/ubuntu:/tmp/.ICE-unix/3780'), ('GDM_LANG', 'zh_CN'), ('XDG_SESSION_PATH', '/org/freedesktop/DisplayManager/Session0'), ('XDG_MENU_PREFIX', 'xfce-'), ('XDG_RUNTIME_DIR', '/run/user/1000'), ('DISPLAY', ':0.0'), ('LANG', 'zh_CN.UTF-8'), ('XDG_CURRENT_DESKTOP', 'XFCE'), ('XMODIFIERS', '@im=ibus'), ('XDG_SESSION_DESKTOP', 'xfce'), ('XAUTHORITY', '/home/sunrise/.Xauthority'), ('LS_COLORS', 'rs=0:di=01;34:ln=01;36:mh=00:pi=40;33:so=01;35:do=01;35:bd=40;33;01:cd=40;33;01:or=40;31;01:mi=00:su=37;41:sg=30;43:ca=30;41:tw=30;42:ow=34;42:st=37;44:ex=01;32:*.tar=01;31:*.tgz=01;31:*.arc=01;31:*.arj=01;31:*.taz=01;31:*.lha=01;31:*.lz4=01;31:*.lzh=01;31:*.lzma=01;31:*.tlz=01;31:*.txz=01;31:*.tzo=01;31:*.t7z=01;31:*.zip=01;31:*.z=01;31:*.dz=01;31:*.gz=01;31:*.lrz=01;31:*.lz=01;31:*.lzo=01;31:*.xz=01;31:*.zst=01;31:*.tzst=01;31:*.bz2=01;31:*.bz=01;31:*.tbz=01;31:*.tbz2=01;31:*.tz=01;31:*.deb=01;31:*.rpm=01;31:*.jar=01;31:*.war=01;31:*.ear=01;31:*.sar=01;31:*.rar=01;31:*.alz=01;31:*.ace=01;31:*.zoo=01;31:*.cpio=01;31:*.7z=01;31:*.rz=01;31:*.cab=01;31:*.wim=01;31:*.swm=01;31:*.dwm=01;31:*.esd=01;31:*.jpg=01;35:*.jpeg=01;35:*.mjpg=01;35:*.mjpeg=01;35:*.gif=01;35:*.bmp=01;35:*.pbm=01;35:*.pgm=01;35:*.ppm=01;35:*.tga=01;35:*.xbm=01;35:*.xpm=01;35:*.tif=01;35:*.tiff=01;35:*.png=01;35:*.svg=01;35:*.svgz=01;35:*.mng=01;35:*.pcx=01;35:*.mov=01;35:*.mpg=01;35:*.mpeg=01;35:*.m2v=01;35:*.mkv=01;35:*.webm=01;35:*.webp=01;35:*.ogm=01;35:*.mp4=01;35:*.m4v=01;35:*.mp4v=01;35:*.vob=01;35:*.qt=01;35:*.nuv=01;35:*.wmv=01;35:*.asf=01;35:*.rm=01;35:*.rmvb=01;35:*.flc=01;35:*.avi=01;35:*.fli=01;35:*.flv=01;35:*.gl=01;35:*.dl=01;35:*.xcf=01;35:*.xwd=01;35:*.yuv=01;35:*.cgm=01;35:*.emf=01;35:*.ogv=01;35:*.ogx=01;35:*.aac=00;36:*.au=00;36:*.flac=00;36:*.m4a=00;36:*.mid=00;36:*.midi=00;36:*.mka=00;36:*.mp3=00;36:*.mpc=00;36:*.ogg=00;36:*.ra=00;36:*.wav=00;36:*.oga=00;36:*.opus=00;36:*.spx=00;36:*.xspf=00;36:'), ('SSH_AUTH_SOCK', '/tmp/ssh-XXXXXX0nnUTh/agent.4275'), ('ROS_DOMAIN_ID', '0'), ('XDG_GREETER_DATA_DIR', '/var/lib/lightdm-data/sunrise'), ('AMENT_PREFIX_PATH', '/home/sunrise/Robot_Car/install/openslam_gmapping:/opt/ros/humble'), ('SHELL', '/bin/bash'), ('GDMSESSION', 'xfce'), ('QT_IM_MODULE', 'ibus'), ('XDG_VTNR', '7'), ('PWD', '/home/sunrise/Robot_Car/build/slam_gmapping'), ('XDG_CONFIG_DIRS', '/etc/xdg/xdg-xfce:/etc/xdg:/etc/xdg'), ('CLUTTER_IM_MODULE', 'ibus'), ('XDG_DATA_DIRS', '/usr/share/xfce4:/usr/local/share/:/usr/share/:/usr/share'), ('PYTHONPATH', '/opt/ros/humble/lib/python3.10/site-packages:/opt/ros/humble/local/lib/python3.10/dist-packages'), ('COLCON', '1'), ('VTE_VERSION', '6800'), ('CMAKE_PREFIX_PATH', '/home/sunrise/Robot_Car/install/openslam_gmapping:/opt/ros/humble')]), 'shell': False}
[155.659145] (slam_gmapping) StdoutLine: {'line': b'-- Install configuration: "Release"\n'}
[155.661206] (slam_gmapping) StdoutLine: {'line': b'-- Execute custom install script\n'}
[155.662797] (slam_gmapping) StdoutLine: {'line': b'-- Symlinking: /home/sunrise/Robot_Car/install/slam_gmapping/lib/slam_gmapping/slam_gmapping\n'}
[155.664134] (-) TimerEvent: {}
[155.693678] (slam_gmapping) StdoutLine: {'line': b'-- Symlinking: /home/sunrise/Robot_Car/install/slam_gmapping/share/slam_gmapping/launch/slam_gmapping.launch.py\n'}
[155.727705] (slam_gmapping) StdoutLine: {'line': b'-- Symlinking: /home/sunrise/Robot_Car/install/slam_gmapping/share/ament_index/resource_index/package_run_dependencies/slam_gmapping\n'}
[155.758126] (slam_gmapping) StdoutLine: {'line': b'-- Symlinking: /home/sunrise/Robot_Car/install/slam_gmapping/share/ament_index/resource_index/parent_prefix_path/slam_gmapping\n'}
[155.764356] (-) TimerEvent: {}
[155.788658] (slam_gmapping) StdoutLine: {'line': b'-- Symlinking: /home/sunrise/Robot_Car/install/slam_gmapping/share/slam_gmapping/environment/ament_prefix_path.sh\n'}
[155.821552] (slam_gmapping) StdoutLine: {'line': b'-- Symlinking: /home/sunrise/Robot_Car/install/slam_gmapping/share/slam_gmapping/environment/ament_prefix_path.dsv\n'}
[155.852320] (slam_gmapping) StdoutLine: {'line': b'-- Symlinking: /home/sunrise/Robot_Car/install/slam_gmapping/share/slam_gmapping/environment/path.sh\n'}
[155.864567] (-) TimerEvent: {}
[155.882145] (slam_gmapping) StdoutLine: {'line': b'-- Symlinking: /home/sunrise/Robot_Car/install/slam_gmapping/share/slam_gmapping/environment/path.dsv\n'}
[155.915172] (slam_gmapping) StdoutLine: {'line': b'-- Symlinking: /home/sunrise/Robot_Car/install/slam_gmapping/share/slam_gmapping/local_setup.bash\n'}
[155.945742] (slam_gmapping) StdoutLine: {'line': b'-- Symlinking: /home/sunrise/Robot_Car/install/slam_gmapping/share/slam_gmapping/local_setup.sh\n'}
[155.964766] (-) TimerEvent: {}
[155.974974] (slam_gmapping) StdoutLine: {'line': b'-- Symlinking: /home/sunrise/Robot_Car/install/slam_gmapping/share/slam_gmapping/local_setup.zsh\n'}
[156.007756] (slam_gmapping) StdoutLine: {'line': b'-- Symlinking: /home/sunrise/Robot_Car/install/slam_gmapping/share/slam_gmapping/local_setup.dsv\n'}
[156.039018] (slam_gmapping) StdoutLine: {'line': b'-- Symlinking: /home/sunrise/Robot_Car/install/slam_gmapping/share/slam_gmapping/package.dsv\n'}
[156.065032] (-) TimerEvent: {}
[156.068127] (slam_gmapping) StdoutLine: {'line': b'-- Symlinking: /home/sunrise/Robot_Car/install/slam_gmapping/share/ament_index/resource_index/packages/slam_gmapping\n'}
[156.098485] (slam_gmapping) StdoutLine: {'line': b'-- Symlinking: /home/sunrise/Robot_Car/install/slam_gmapping/share/slam_gmapping/cmake/slam_gmappingConfig.cmake\n'}
[156.131364] (slam_gmapping) StdoutLine: {'line': b'-- Symlinking: /home/sunrise/Robot_Car/install/slam_gmapping/share/slam_gmapping/cmake/slam_gmappingConfig-version.cmake\n'}
[156.159901] (slam_gmapping) StdoutLine: {'line': b'-- Symlinking: /home/sunrise/Robot_Car/install/slam_gmapping/share/slam_gmapping/package.xml\n'}
[156.165238] (-) TimerEvent: {}
[156.195630] (slam_gmapping) CommandEnded: {'returncode': 0}
[156.265718] (-) TimerEvent: {}
[156.287866] (slam_gmapping) JobEnded: {'identifier': 'slam_gmapping', 'rc': 0}
[156.292172] (-) EventReactorShutdown: {}
