[0.000000] (-) TimerEvent: {}
[0.002205] (car_base_driver) JobQueued: {'identifier': 'car_base_driver', 'dependencies': OrderedDict()}
[0.002618] (car_control_tools) JobQueued: {'identifier': 'car_control_tools', 'dependencies': OrderedDict()}
[0.002969] (car_model_urdf) JobQueued: {'identifier': 'car_model_urdf', 'dependencies': OrderedDict()}
[0.003290] (openslam_gmapping) JobQueued: {'identifier': 'openslam_gmapping', 'dependencies': OrderedDict()}
[0.003501] (ydlidar_ros2_driver) JobQueued: {'identifier': 'ydlidar_ros2_driver', 'dependencies': OrderedDict()}
[0.005133] (car_navigation) JobQueued: {'identifier': 'car_navigation', 'dependencies': OrderedDict([('car_base_driver', '/home/sunrise/Robot_Car/install/car_base_driver'), ('car_model_urdf', '/home/sunrise/Robot_Car/install/car_model_urdf'), ('ydlidar_ros2_driver', '/home/sunrise/Robot_Car/install/ydlidar_ros2_driver')])}
[0.007685] (slam_gmapping) JobQueued: {'identifier': 'slam_gmapping', 'dependencies': OrderedDict([('openslam_gmapping', '/home/sunrise/Robot_Car/install/openslam_gmapping')])}
[0.008071] (car_base_driver) JobStarted: {'identifier': 'car_base_driver'}
[0.101984] (-) TimerEvent: {}
[0.115105] (car_model_urdf) JobStarted: {'identifier': 'car_model_urdf'}
[0.145794] (openslam_gmapping) JobStarted: {'identifier': 'openslam_gmapping'}
[0.181071] (ydlidar_ros2_driver) JobStarted: {'identifier': 'ydlidar_ros2_driver'}
[0.202290] (-) TimerEvent: {}
[0.303725] (-) TimerEvent: {}
[0.405846] (-) TimerEvent: {}
[0.507102] (-) TimerEvent: {}
[0.608416] (-) TimerEvent: {}
[0.709541] (-) TimerEvent: {}
[0.810678] (-) TimerEvent: {}
[0.912037] (-) TimerEvent: {}
[1.013152] (-) TimerEvent: {}
[1.114437] (-) TimerEvent: {}
[1.216095] (-) TimerEvent: {}
[1.317214] (-) TimerEvent: {}
[1.434325] (-) TimerEvent: {}
[1.535464] (-) TimerEvent: {}
[1.636644] (-) TimerEvent: {}
[1.737736] (-) TimerEvent: {}
[1.838866] (-) TimerEvent: {}
[1.940020] (-) TimerEvent: {}
[2.041178] (-) TimerEvent: {}
[2.142483] (-) TimerEvent: {}
[2.243845] (-) TimerEvent: {}
[2.344933] (-) TimerEvent: {}
[2.445958] (-) TimerEvent: {}
[2.548600] (-) TimerEvent: {}
[2.560876] (car_model_urdf) JobProgress: {'identifier': 'car_model_urdf', 'progress': 'cmake'}
[2.570634] (car_model_urdf) JobProgress: {'identifier': 'car_model_urdf', 'progress': 'build'}
[2.576813] (car_model_urdf) Command: {'cmd': ['/usr/bin/cmake', '--build', '/home/sunrise/Robot_Car/build/car_model_urdf', '--', '-j4', '-l4'], 'cwd': '/home/sunrise/Robot_Car/build/car_model_urdf', 'env': OrderedDict([('PYTHON_BASIC_REPL', '1'), ('LANGUAGE', 'zh_CN'), ('USER', 'sunrise'), ('XDG_SEAT', 'seat0'), ('SSH_AGENT_PID', '4087'), ('XDG_SESSION_TYPE', 'x11'), ('GIT_ASKPASS', '/usr/share/code/resources/app/extensions/git/dist/askpass.sh'), ('SHLVL', '1'), ('LD_LIBRARY_PATH', '/opt/ros/humble/opt/rviz_ogre_vendor/lib:/opt/ros/humble/lib/aarch64-linux-gnu:/opt/ros/humble/lib'), ('HOME', '/home/sunrise'), ('CHROME_DESKTOP', 'code.desktop'), ('TERM_PROGRAM_VERSION', '1.124.2'), ('DESKTOP_SESSION', 'xfce'), ('PANEL_GDK_CORE_DEVICE_EVENTS', '0'), ('ROS_PYTHON_VERSION', '3'), ('XDG_SEAT_PATH', '/org/freedesktop/DisplayManager/Seat0'), ('VSCODE_GIT_ASKPASS_MAIN', '/usr/share/code/resources/app/extensions/git/dist/askpass-main.js'), ('VSCODE_GIT_ASKPASS_NODE', '/usr/share/code/code'), ('PYDEVD_DISABLE_FILE_VALIDATION', '1'), ('BUNDLED_DEBUGPY_PATH', '/home/sunrise/.vscode/extensions/ms-python.debugpy-2026.6.0-linux-arm64/bundled/libs/debugpy'), ('VSCODE_PYTHON_AUTOACTIVATE_GUARD', '1'), ('DBUS_SESSION_BUS_ADDRESS', 'unix:path=/run/user/1000/bus'), ('COLORTERM', 'truecolor'), ('ROS_DISTRO', 'humble'), ('GTK_IM_MODULE', 'ibus'), ('LOGNAME', 'sunrise'), ('_', '/usr/bin/colcon'), ('ROS_VERSION', '2'), ('XDG_SESSION_CLASS', 'user'), ('TERM', 'xterm-256color'), ('XDG_SESSION_ID', 'c2'), ('FC_FONTATIONS', '1'), ('ROS_LOCALHOST_ONLY', '0'), ('PATH', '/opt/ros/humble/bin:/usr/local/sbin:/usr/local/bin:/usr/sbin:/usr/bin:/sbin:/bin:/usr/games:/usr/local/games:/snap/bin:/home/sunrise/.vscode/extensions/ms-python.debugpy-2026.6.0-linux-arm64/bundled/scripts/noConfigScripts'), ('SESSION_MANAGER', 'local/ubuntu:@/tmp/.ICE-unix/3729,unix/ubuntu:/tmp/.ICE-unix/3729'), ('GDM_LANG', 'zh_CN'), ('XDG_SESSION_PATH', '/org/freedesktop/DisplayManager/Session0'), ('XDG_MENU_PREFIX', 'xfce-'), ('XDG_RUNTIME_DIR', '/run/user/1000'), ('GDK_BACKEND', 'x11'), ('DISPLAY', ':0.0'), ('VSCODE_DEBUGPY_ADAPTER_ENDPOINTS', '/home/sunrise/.vscode/extensions/ms-python.debugpy-2026.6.0-linux-arm64/.noConfigDebugAdapterEndpoints/endpoint-2930192ec8a14405.txt'), ('LANG', 'zh_CN.UTF-8'), ('XDG_CURRENT_DESKTOP', 'XFCE'), ('PYTHONSTARTUP', '/home/sunrise/.config/Code/User/workspaceStorage/529e9bd9e159003f43f748703cfb416d/ms-python.python/pythonrc.py'), ('XMODIFIERS', '@im=ibus'), ('XDG_SESSION_DESKTOP', 'xfce'), ('XAUTHORITY', '/home/sunrise/.Xauthority'), ('LS_COLORS', 'rs=0:di=01;34:ln=01;36:mh=00:pi=40;33:so=01;35:do=01;35:bd=40;33;01:cd=40;33;01:or=40;31;01:mi=00:su=37;41:sg=30;43:ca=30;41:tw=30;42:ow=34;42:st=37;44:ex=01;32:*.tar=01;31:*.tgz=01;31:*.arc=01;31:*.arj=01;31:*.taz=01;31:*.lha=01;31:*.lz4=01;31:*.lzh=01;31:*.lzma=01;31:*.tlz=01;31:*.txz=01;31:*.tzo=01;31:*.t7z=01;31:*.zip=01;31:*.z=01;31:*.dz=01;31:*.gz=01;31:*.lrz=01;31:*.lz=01;31:*.lzo=01;31:*.xz=01;31:*.zst=01;31:*.tzst=01;31:*.bz2=01;31:*.bz=01;31:*.tbz=01;31:*.tbz2=01;31:*.tz=01;31:*.deb=01;31:*.rpm=01;31:*.jar=01;31:*.war=01;31:*.ear=01;31:*.sar=01;31:*.rar=01;31:*.alz=01;31:*.ace=01;31:*.zoo=01;31:*.cpio=01;31:*.7z=01;31:*.rz=01;31:*.cab=01;31:*.wim=01;31:*.swm=01;31:*.dwm=01;31:*.esd=01;31:*.jpg=01;35:*.jpeg=01;35:*.mjpg=01;35:*.mjpeg=01;35:*.gif=01;35:*.bmp=01;35:*.pbm=01;35:*.pgm=01;35:*.ppm=01;35:*.tga=01;35:*.xbm=01;35:*.xpm=01;35:*.tif=01;35:*.tiff=01;35:*.png=01;35:*.svg=01;35:*.svgz=01;35:*.mng=01;35:*.pcx=01;35:*.mov=01;35:*.mpg=01;35:*.mpeg=01;35:*.m2v=01;35:*.mkv=01;35:*.webm=01;35:*.webp=01;35:*.ogm=01;35:*.mp4=01;35:*.m4v=01;35:*.mp4v=01;35:*.vob=01;35:*.qt=01;35:*.nuv=01;35:*.wmv=01;35:*.asf=01;35:*.rm=01;35:*.rmvb=01;35:*.flc=01;35:*.avi=01;35:*.fli=01;35:*.flv=01;35:*.gl=01;35:*.dl=01;35:*.xcf=01;35:*.xwd=01;35:*.yuv=01;35:*.cgm=01;35:*.emf=01;35:*.ogv=01;35:*.ogx=01;35:*.aac=00;36:*.au=00;36:*.flac=00;36:*.m4a=00;36:*.mid=00;36:*.midi=00;36:*.mka=00;36:*.mp3=00;36:*.mpc=00;36:*.ogg=00;36:*.ra=00;36:*.wav=00;36:*.oga=00;36:*.opus=00;36:*.spx=00;36:*.xspf=00;36:'), ('VSCODE_GIT_IPC_HANDLE', '/run/user/1000/vscode-git-1d55b7547a.sock'), ('TERM_PROGRAM', 'vscode'), ('SSH_AUTH_SOCK', '/tmp/ssh-XXXXXXRTXzri/agent.4082'), ('ROS_DOMAIN_ID', '0'), ('XDG_GREETER_DATA_DIR', '/var/lib/lightdm-data/sunrise'), ('AMENT_PREFIX_PATH', '/opt/ros/humble'), ('SHELL', '/bin/bash'), ('NO_AT_BRIDGE', '1'), ('GDMSESSION', 'xfce'), ('VSCODE_GIT_ASKPASS_EXTRA_ARGS', ''), ('QT_IM_MODULE', 'ibus'), ('XDG_VTNR', '7'), ('PWD', '/home/sunrise/Robot_Car/build/car_model_urdf'), ('XDG_CONFIG_DIRS', '/etc/xdg/xdg-xfce:/etc/xdg:/etc/xdg'), ('CLUTTER_IM_MODULE', 'ibus'), ('XDG_DATA_DIRS', '/usr/share/xfce4:/usr/local/share/:/usr/share/:/usr/share'), ('PYTHONPATH', '/opt/ros/humble/lib/python3.10/site-packages:/opt/ros/humble/local/lib/python3.10/dist-packages'), ('COLCON', '1'), ('CMAKE_PREFIX_PATH', '/opt/ros/humble')]), 'shell': False}
[2.601357] (openslam_gmapping) JobProgress: {'identifier': 'openslam_gmapping', 'progress': 'cmake'}
[2.611343] (openslam_gmapping) JobProgress: {'identifier': 'openslam_gmapping', 'progress': 'build'}
[2.614382] (openslam_gmapping) Command: {'cmd': ['/usr/bin/cmake', '--build', '/home/sunrise/Robot_Car/build/openslam_gmapping', '--', '-j4', '-l4'], 'cwd': '/home/sunrise/Robot_Car/build/openslam_gmapping', 'env': OrderedDict([('PYTHON_BASIC_REPL', '1'), ('LANGUAGE', 'zh_CN'), ('USER', 'sunrise'), ('XDG_SEAT', 'seat0'), ('SSH_AGENT_PID', '4087'), ('XDG_SESSION_TYPE', 'x11'), ('GIT_ASKPASS', '/usr/share/code/resources/app/extensions/git/dist/askpass.sh'), ('SHLVL', '1'), ('LD_LIBRARY_PATH', '/opt/ros/humble/opt/rviz_ogre_vendor/lib:/opt/ros/humble/lib/aarch64-linux-gnu:/opt/ros/humble/lib'), ('HOME', '/home/sunrise'), ('CHROME_DESKTOP', 'code.desktop'), ('TERM_PROGRAM_VERSION', '1.124.2'), ('DESKTOP_SESSION', 'xfce'), ('PANEL_GDK_CORE_DEVICE_EVENTS', '0'), ('ROS_PYTHON_VERSION', '3'), ('XDG_SEAT_PATH', '/org/freedesktop/DisplayManager/Seat0'), ('VSCODE_GIT_ASKPASS_MAIN', '/usr/share/code/resources/app/extensions/git/dist/askpass-main.js'), ('VSCODE_GIT_ASKPASS_NODE', '/usr/share/code/code'), ('PYDEVD_DISABLE_FILE_VALIDATION', '1'), ('BUNDLED_DEBUGPY_PATH', '/home/sunrise/.vscode/extensions/ms-python.debugpy-2026.6.0-linux-arm64/bundled/libs/debugpy'), ('VSCODE_PYTHON_AUTOACTIVATE_GUARD', '1'), ('DBUS_SESSION_BUS_ADDRESS', 'unix:path=/run/user/1000/bus'), ('COLORTERM', 'truecolor'), ('ROS_DISTRO', 'humble'), ('GTK_IM_MODULE', 'ibus'), ('LOGNAME', 'sunrise'), ('_', '/usr/bin/colcon'), ('ROS_VERSION', '2'), ('XDG_SESSION_CLASS', 'user'), ('TERM', 'xterm-256color'), ('XDG_SESSION_ID', 'c2'), ('FC_FONTATIONS', '1'), ('ROS_LOCALHOST_ONLY', '0'), ('PATH', '/opt/ros/humble/bin:/usr/local/sbin:/usr/local/bin:/usr/sbin:/usr/bin:/sbin:/bin:/usr/games:/usr/local/games:/snap/bin:/home/sunrise/.vscode/extensions/ms-python.debugpy-2026.6.0-linux-arm64/bundled/scripts/noConfigScripts'), ('SESSION_MANAGER', 'local/ubuntu:@/tmp/.ICE-unix/3729,unix/ubuntu:/tmp/.ICE-unix/3729'), ('GDM_LANG', 'zh_CN'), ('XDG_SESSION_PATH', '/org/freedesktop/DisplayManager/Session0'), ('XDG_MENU_PREFIX', 'xfce-'), ('XDG_RUNTIME_DIR', '/run/user/1000'), ('GDK_BACKEND', 'x11'), ('DISPLAY', ':0.0'), ('VSCODE_DEBUGPY_ADAPTER_ENDPOINTS', '/home/sunrise/.vscode/extensions/ms-python.debugpy-2026.6.0-linux-arm64/.noConfigDebugAdapterEndpoints/endpoint-2930192ec8a14405.txt'), ('LANG', 'zh_CN.UTF-8'), ('XDG_CURRENT_DESKTOP', 'XFCE'), ('PYTHONSTARTUP', '/home/sunrise/.config/Code/User/workspaceStorage/529e9bd9e159003f43f748703cfb416d/ms-python.python/pythonrc.py'), ('XMODIFIERS', '@im=ibus'), ('XDG_SESSION_DESKTOP', 'xfce'), ('XAUTHORITY', '/home/sunrise/.Xauthority'), ('LS_COLORS', 'rs=0:di=01;34:ln=01;36:mh=00:pi=40;33:so=01;35:do=01;35:bd=40;33;01:cd=40;33;01:or=40;31;01:mi=00:su=37;41:sg=30;43:ca=30;41:tw=30;42:ow=34;42:st=37;44:ex=01;32:*.tar=01;31:*.tgz=01;31:*.arc=01;31:*.arj=01;31:*.taz=01;31:*.lha=01;31:*.lz4=01;31:*.lzh=01;31:*.lzma=01;31:*.tlz=01;31:*.txz=01;31:*.tzo=01;31:*.t7z=01;31:*.zip=01;31:*.z=01;31:*.dz=01;31:*.gz=01;31:*.lrz=01;31:*.lz=01;31:*.lzo=01;31:*.xz=01;31:*.zst=01;31:*.tzst=01;31:*.bz2=01;31:*.bz=01;31:*.tbz=01;31:*.tbz2=01;31:*.tz=01;31:*.deb=01;31:*.rpm=01;31:*.jar=01;31:*.war=01;31:*.ear=01;31:*.sar=01;31:*.rar=01;31:*.alz=01;31:*.ace=01;31:*.zoo=01;31:*.cpio=01;31:*.7z=01;31:*.rz=01;31:*.cab=01;31:*.wim=01;31:*.swm=01;31:*.dwm=01;31:*.esd=01;31:*.jpg=01;35:*.jpeg=01;35:*.mjpg=01;35:*.mjpeg=01;35:*.gif=01;35:*.bmp=01;35:*.pbm=01;35:*.pgm=01;35:*.ppm=01;35:*.tga=01;35:*.xbm=01;35:*.xpm=01;35:*.tif=01;35:*.tiff=01;35:*.png=01;35:*.svg=01;35:*.svgz=01;35:*.mng=01;35:*.pcx=01;35:*.mov=01;35:*.mpg=01;35:*.mpeg=01;35:*.m2v=01;35:*.mkv=01;35:*.webm=01;35:*.webp=01;35:*.ogm=01;35:*.mp4=01;35:*.m4v=01;35:*.mp4v=01;35:*.vob=01;35:*.qt=01;35:*.nuv=01;35:*.wmv=01;35:*.asf=01;35:*.rm=01;35:*.rmvb=01;35:*.flc=01;35:*.avi=01;35:*.fli=01;35:*.flv=01;35:*.gl=01;35:*.dl=01;35:*.xcf=01;35:*.xwd=01;35:*.yuv=01;35:*.cgm=01;35:*.emf=01;35:*.ogv=01;35:*.ogx=01;35:*.aac=00;36:*.au=00;36:*.flac=00;36:*.m4a=00;36:*.mid=00;36:*.midi=00;36:*.mka=00;36:*.mp3=00;36:*.mpc=00;36:*.ogg=00;36:*.ra=00;36:*.wav=00;36:*.oga=00;36:*.opus=00;36:*.spx=00;36:*.xspf=00;36:'), ('VSCODE_GIT_IPC_HANDLE', '/run/user/1000/vscode-git-1d55b7547a.sock'), ('TERM_PROGRAM', 'vscode'), ('SSH_AUTH_SOCK', '/tmp/ssh-XXXXXXRTXzri/agent.4082'), ('ROS_DOMAIN_ID', '0'), ('XDG_GREETER_DATA_DIR', '/var/lib/lightdm-data/sunrise'), ('AMENT_PREFIX_PATH', '/opt/ros/humble'), ('SHELL', '/bin/bash'), ('NO_AT_BRIDGE', '1'), ('GDMSESSION', 'xfce'), ('VSCODE_GIT_ASKPASS_EXTRA_ARGS', ''), ('QT_IM_MODULE', 'ibus'), ('XDG_VTNR', '7'), ('PWD', '/home/sunrise/Robot_Car/build/openslam_gmapping'), ('XDG_CONFIG_DIRS', '/etc/xdg/xdg-xfce:/etc/xdg:/etc/xdg'), ('CLUTTER_IM_MODULE', 'ibus'), ('XDG_DATA_DIRS', '/usr/share/xfce4:/usr/local/share/:/usr/share/:/usr/share'), ('PYTHONPATH', '/opt/ros/humble/lib/python3.10/site-packages:/opt/ros/humble/local/lib/python3.10/dist-packages'), ('COLCON', '1'), ('CMAKE_PREFIX_PATH', '/opt/ros/humble')]), 'shell': False}
[2.642522] (ydlidar_ros2_driver) JobProgress: {'identifier': 'ydlidar_ros2_driver', 'progress': 'cmake'}
[2.649398] (-) TimerEvent: {}
[2.655687] (ydlidar_ros2_driver) JobProgress: {'identifier': 'ydlidar_ros2_driver', 'progress': 'build'}
[2.660848] (ydlidar_ros2_driver) Command: {'cmd': ['/usr/bin/cmake', '--build', '/home/sunrise/Robot_Car/build/ydlidar_ros2_driver', '--', '-j4', '-l4'], 'cwd': '/home/sunrise/Robot_Car/build/ydlidar_ros2_driver', 'env': OrderedDict([('PYTHON_BASIC_REPL', '1'), ('LANGUAGE', 'zh_CN'), ('USER', 'sunrise'), ('XDG_SEAT', 'seat0'), ('SSH_AGENT_PID', '4087'), ('XDG_SESSION_TYPE', 'x11'), ('GIT_ASKPASS', '/usr/share/code/resources/app/extensions/git/dist/askpass.sh'), ('SHLVL', '1'), ('LD_LIBRARY_PATH', '/opt/ros/humble/opt/rviz_ogre_vendor/lib:/opt/ros/humble/lib/aarch64-linux-gnu:/opt/ros/humble/lib'), ('HOME', '/home/sunrise'), ('CHROME_DESKTOP', 'code.desktop'), ('TERM_PROGRAM_VERSION', '1.124.2'), ('DESKTOP_SESSION', 'xfce'), ('PANEL_GDK_CORE_DEVICE_EVENTS', '0'), ('ROS_PYTHON_VERSION', '3'), ('XDG_SEAT_PATH', '/org/freedesktop/DisplayManager/Seat0'), ('VSCODE_GIT_ASKPASS_MAIN', '/usr/share/code/resources/app/extensions/git/dist/askpass-main.js'), ('VSCODE_GIT_ASKPASS_NODE', '/usr/share/code/code'), ('PYDEVD_DISABLE_FILE_VALIDATION', '1'), ('BUNDLED_DEBUGPY_PATH', '/home/sunrise/.vscode/extensions/ms-python.debugpy-2026.6.0-linux-arm64/bundled/libs/debugpy'), ('VSCODE_PYTHON_AUTOACTIVATE_GUARD', '1'), ('DBUS_SESSION_BUS_ADDRESS', 'unix:path=/run/user/1000/bus'), ('COLORTERM', 'truecolor'), ('ROS_DISTRO', 'humble'), ('GTK_IM_MODULE', 'ibus'), ('LOGNAME', 'sunrise'), ('_', '/usr/bin/colcon'), ('ROS_VERSION', '2'), ('XDG_SESSION_CLASS', 'user'), ('TERM', 'xterm-256color'), ('XDG_SESSION_ID', 'c2'), ('FC_FONTATIONS', '1'), ('ROS_LOCALHOST_ONLY', '0'), ('PATH', '/opt/ros/humble/bin:/usr/local/sbin:/usr/local/bin:/usr/sbin:/usr/bin:/sbin:/bin:/usr/games:/usr/local/games:/snap/bin:/home/sunrise/.vscode/extensions/ms-python.debugpy-2026.6.0-linux-arm64/bundled/scripts/noConfigScripts'), ('SESSION_MANAGER', 'local/ubuntu:@/tmp/.ICE-unix/3729,unix/ubuntu:/tmp/.ICE-unix/3729'), ('GDM_LANG', 'zh_CN'), ('XDG_SESSION_PATH', '/org/freedesktop/DisplayManager/Session0'), ('XDG_MENU_PREFIX', 'xfce-'), ('XDG_RUNTIME_DIR', '/run/user/1000'), ('GDK_BACKEND', 'x11'), ('DISPLAY', ':0.0'), ('VSCODE_DEBUGPY_ADAPTER_ENDPOINTS', '/home/sunrise/.vscode/extensions/ms-python.debugpy-2026.6.0-linux-arm64/.noConfigDebugAdapterEndpoints/endpoint-2930192ec8a14405.txt'), ('LANG', 'zh_CN.UTF-8'), ('XDG_CURRENT_DESKTOP', 'XFCE'), ('PYTHONSTARTUP', '/home/sunrise/.config/Code/User/workspaceStorage/529e9bd9e159003f43f748703cfb416d/ms-python.python/pythonrc.py'), ('XMODIFIERS', '@im=ibus'), ('XDG_SESSION_DESKTOP', 'xfce'), ('XAUTHORITY', '/home/sunrise/.Xauthority'), ('LS_COLORS', 'rs=0:di=01;34:ln=01;36:mh=00:pi=40;33:so=01;35:do=01;35:bd=40;33;01:cd=40;33;01:or=40;31;01:mi=00:su=37;41:sg=30;43:ca=30;41:tw=30;42:ow=34;42:st=37;44:ex=01;32:*.tar=01;31:*.tgz=01;31:*.arc=01;31:*.arj=01;31:*.taz=01;31:*.lha=01;31:*.lz4=01;31:*.lzh=01;31:*.lzma=01;31:*.tlz=01;31:*.txz=01;31:*.tzo=01;31:*.t7z=01;31:*.zip=01;31:*.z=01;31:*.dz=01;31:*.gz=01;31:*.lrz=01;31:*.lz=01;31:*.lzo=01;31:*.xz=01;31:*.zst=01;31:*.tzst=01;31:*.bz2=01;31:*.bz=01;31:*.tbz=01;31:*.tbz2=01;31:*.tz=01;31:*.deb=01;31:*.rpm=01;31:*.jar=01;31:*.war=01;31:*.ear=01;31:*.sar=01;31:*.rar=01;31:*.alz=01;31:*.ace=01;31:*.zoo=01;31:*.cpio=01;31:*.7z=01;31:*.rz=01;31:*.cab=01;31:*.wim=01;31:*.swm=01;31:*.dwm=01;31:*.esd=01;31:*.jpg=01;35:*.jpeg=01;35:*.mjpg=01;35:*.mjpeg=01;35:*.gif=01;35:*.bmp=01;35:*.pbm=01;35:*.pgm=01;35:*.ppm=01;35:*.tga=01;35:*.xbm=01;35:*.xpm=01;35:*.tif=01;35:*.tiff=01;35:*.png=01;35:*.svg=01;35:*.svgz=01;35:*.mng=01;35:*.pcx=01;35:*.mov=01;35:*.mpg=01;35:*.mpeg=01;35:*.m2v=01;35:*.mkv=01;35:*.webm=01;35:*.webp=01;35:*.ogm=01;35:*.mp4=01;35:*.m4v=01;35:*.mp4v=01;35:*.vob=01;35:*.qt=01;35:*.nuv=01;35:*.wmv=01;35:*.asf=01;35:*.rm=01;35:*.rmvb=01;35:*.flc=01;35:*.avi=01;35:*.fli=01;35:*.flv=01;35:*.gl=01;35:*.dl=01;35:*.xcf=01;35:*.xwd=01;35:*.yuv=01;35:*.cgm=01;35:*.emf=01;35:*.ogv=01;35:*.ogx=01;35:*.aac=00;36:*.au=00;36:*.flac=00;36:*.m4a=00;36:*.mid=00;36:*.midi=00;36:*.mka=00;36:*.mp3=00;36:*.mpc=00;36:*.ogg=00;36:*.ra=00;36:*.wav=00;36:*.oga=00;36:*.opus=00;36:*.spx=00;36:*.xspf=00;36:'), ('VSCODE_GIT_IPC_HANDLE', '/run/user/1000/vscode-git-1d55b7547a.sock'), ('TERM_PROGRAM', 'vscode'), ('SSH_AUTH_SOCK', '/tmp/ssh-XXXXXXRTXzri/agent.4082'), ('ROS_DOMAIN_ID', '0'), ('XDG_GREETER_DATA_DIR', '/var/lib/lightdm-data/sunrise'), ('AMENT_PREFIX_PATH', '/opt/ros/humble'), ('SHELL', '/bin/bash'), ('NO_AT_BRIDGE', '1'), ('GDMSESSION', 'xfce'), ('VSCODE_GIT_ASKPASS_EXTRA_ARGS', ''), ('QT_IM_MODULE', 'ibus'), ('XDG_VTNR', '7'), ('PWD', '/home/sunrise/Robot_Car/build/ydlidar_ros2_driver'), ('XDG_CONFIG_DIRS', '/etc/xdg/xdg-xfce:/etc/xdg:/etc/xdg'), ('CLUTTER_IM_MODULE', 'ibus'), ('XDG_DATA_DIRS', '/usr/share/xfce4:/usr/local/share/:/usr/share/:/usr/share'), ('PYTHONPATH', '/opt/ros/humble/lib/python3.10/site-packages:/opt/ros/humble/local/lib/python3.10/dist-packages'), ('COLCON', '1'), ('CMAKE_PREFIX_PATH', '/opt/ros/humble')]), 'shell': False}
[2.756311] (-) TimerEvent: {}
[2.858117] (-) TimerEvent: {}
[2.961732] (-) TimerEvent: {}
[3.065908] (-) TimerEvent: {}
[3.131176] (car_model_urdf) CommandEnded: {'returncode': 0}
[3.144063] (car_model_urdf) JobProgress: {'identifier': 'car_model_urdf', 'progress': 'install'}
[3.166373] (-) TimerEvent: {}
[3.275483] (-) TimerEvent: {}
[3.321646] (car_model_urdf) Command: {'cmd': ['/usr/bin/cmake', '--install', '/home/sunrise/Robot_Car/build/car_model_urdf'], 'cwd': '/home/sunrise/Robot_Car/build/car_model_urdf', 'env': OrderedDict([('PYTHON_BASIC_REPL', '1'), ('LANGUAGE', 'zh_CN'), ('USER', 'sunrise'), ('XDG_SEAT', 'seat0'), ('SSH_AGENT_PID', '4087'), ('XDG_SESSION_TYPE', 'x11'), ('GIT_ASKPASS', '/usr/share/code/resources/app/extensions/git/dist/askpass.sh'), ('SHLVL', '1'), ('LD_LIBRARY_PATH', '/opt/ros/humble/opt/rviz_ogre_vendor/lib:/opt/ros/humble/lib/aarch64-linux-gnu:/opt/ros/humble/lib'), ('HOME', '/home/sunrise'), ('CHROME_DESKTOP', 'code.desktop'), ('TERM_PROGRAM_VERSION', '1.124.2'), ('DESKTOP_SESSION', 'xfce'), ('PANEL_GDK_CORE_DEVICE_EVENTS', '0'), ('ROS_PYTHON_VERSION', '3'), ('XDG_SEAT_PATH', '/org/freedesktop/DisplayManager/Seat0'), ('VSCODE_GIT_ASKPASS_MAIN', '/usr/share/code/resources/app/extensions/git/dist/askpass-main.js'), ('VSCODE_GIT_ASKPASS_NODE', '/usr/share/code/code'), ('PYDEVD_DISABLE_FILE_VALIDATION', '1'), ('BUNDLED_DEBUGPY_PATH', '/home/sunrise/.vscode/extensions/ms-python.debugpy-2026.6.0-linux-arm64/bundled/libs/debugpy'), ('VSCODE_PYTHON_AUTOACTIVATE_GUARD', '1'), ('DBUS_SESSION_BUS_ADDRESS', 'unix:path=/run/user/1000/bus'), ('COLORTERM', 'truecolor'), ('ROS_DISTRO', 'humble'), ('GTK_IM_MODULE', 'ibus'), ('LOGNAME', 'sunrise'), ('_', '/usr/bin/colcon'), ('ROS_VERSION', '2'), ('XDG_SESSION_CLASS', 'user'), ('TERM', 'xterm-256color'), ('XDG_SESSION_ID', 'c2'), ('FC_FONTATIONS', '1'), ('ROS_LOCALHOST_ONLY', '0'), ('PATH', '/opt/ros/humble/bin:/usr/local/sbin:/usr/local/bin:/usr/sbin:/usr/bin:/sbin:/bin:/usr/games:/usr/local/games:/snap/bin:/home/sunrise/.vscode/extensions/ms-python.debugpy-2026.6.0-linux-arm64/bundled/scripts/noConfigScripts'), ('SESSION_MANAGER', 'local/ubuntu:@/tmp/.ICE-unix/3729,unix/ubuntu:/tmp/.ICE-unix/3729'), ('GDM_LANG', 'zh_CN'), ('XDG_SESSION_PATH', '/org/freedesktop/DisplayManager/Session0'), ('XDG_MENU_PREFIX', 'xfce-'), ('XDG_RUNTIME_DIR', '/run/user/1000'), ('GDK_BACKEND', 'x11'), ('DISPLAY', ':0.0'), ('VSCODE_DEBUGPY_ADAPTER_ENDPOINTS', '/home/sunrise/.vscode/extensions/ms-python.debugpy-2026.6.0-linux-arm64/.noConfigDebugAdapterEndpoints/endpoint-2930192ec8a14405.txt'), ('LANG', 'zh_CN.UTF-8'), ('XDG_CURRENT_DESKTOP', 'XFCE'), ('PYTHONSTARTUP', '/home/sunrise/.config/Code/User/workspaceStorage/529e9bd9e159003f43f748703cfb416d/ms-python.python/pythonrc.py'), ('XMODIFIERS', '@im=ibus'), ('XDG_SESSION_DESKTOP', 'xfce'), ('XAUTHORITY', '/home/sunrise/.Xauthority'), ('LS_COLORS', 'rs=0:di=01;34:ln=01;36:mh=00:pi=40;33:so=01;35:do=01;35:bd=40;33;01:cd=40;33;01:or=40;31;01:mi=00:su=37;41:sg=30;43:ca=30;41:tw=30;42:ow=34;42:st=37;44:ex=01;32:*.tar=01;31:*.tgz=01;31:*.arc=01;31:*.arj=01;31:*.taz=01;31:*.lha=01;31:*.lz4=01;31:*.lzh=01;31:*.lzma=01;31:*.tlz=01;31:*.txz=01;31:*.tzo=01;31:*.t7z=01;31:*.zip=01;31:*.z=01;31:*.dz=01;31:*.gz=01;31:*.lrz=01;31:*.lz=01;31:*.lzo=01;31:*.xz=01;31:*.zst=01;31:*.tzst=01;31:*.bz2=01;31:*.bz=01;31:*.tbz=01;31:*.tbz2=01;31:*.tz=01;31:*.deb=01;31:*.rpm=01;31:*.jar=01;31:*.war=01;31:*.ear=01;31:*.sar=01;31:*.rar=01;31:*.alz=01;31:*.ace=01;31:*.zoo=01;31:*.cpio=01;31:*.7z=01;31:*.rz=01;31:*.cab=01;31:*.wim=01;31:*.swm=01;31:*.dwm=01;31:*.esd=01;31:*.jpg=01;35:*.jpeg=01;35:*.mjpg=01;35:*.mjpeg=01;35:*.gif=01;35:*.bmp=01;35:*.pbm=01;35:*.pgm=01;35:*.ppm=01;35:*.tga=01;35:*.xbm=01;35:*.xpm=01;35:*.tif=01;35:*.tiff=01;35:*.png=01;35:*.svg=01;35:*.svgz=01;35:*.mng=01;35:*.pcx=01;35:*.mov=01;35:*.mpg=01;35:*.mpeg=01;35:*.m2v=01;35:*.mkv=01;35:*.webm=01;35:*.webp=01;35:*.ogm=01;35:*.mp4=01;35:*.m4v=01;35:*.mp4v=01;35:*.vob=01;35:*.qt=01;35:*.nuv=01;35:*.wmv=01;35:*.asf=01;35:*.rm=01;35:*.rmvb=01;35:*.flc=01;35:*.avi=01;35:*.fli=01;35:*.flv=01;35:*.gl=01;35:*.dl=01;35:*.xcf=01;35:*.xwd=01;35:*.yuv=01;35:*.cgm=01;35:*.emf=01;35:*.ogv=01;35:*.ogx=01;35:*.aac=00;36:*.au=00;36:*.flac=00;36:*.m4a=00;36:*.mid=00;36:*.midi=00;36:*.mka=00;36:*.mp3=00;36:*.mpc=00;36:*.ogg=00;36:*.ra=00;36:*.wav=00;36:*.oga=00;36:*.opus=00;36:*.spx=00;36:*.xspf=00;36:'), ('VSCODE_GIT_IPC_HANDLE', '/run/user/1000/vscode-git-1d55b7547a.sock'), ('TERM_PROGRAM', 'vscode'), ('SSH_AUTH_SOCK', '/tmp/ssh-XXXXXXRTXzri/agent.4082'), ('ROS_DOMAIN_ID', '0'), ('XDG_GREETER_DATA_DIR', '/var/lib/lightdm-data/sunrise'), ('AMENT_PREFIX_PATH', '/opt/ros/humble'), ('SHELL', '/bin/bash'), ('NO_AT_BRIDGE', '1'), ('GDMSESSION', 'xfce'), ('VSCODE_GIT_ASKPASS_EXTRA_ARGS', ''), ('QT_IM_MODULE', 'ibus'), ('XDG_VTNR', '7'), ('PWD', '/home/sunrise/Robot_Car/build/car_model_urdf'), ('XDG_CONFIG_DIRS', '/etc/xdg/xdg-xfce:/etc/xdg:/etc/xdg'), ('CLUTTER_IM_MODULE', 'ibus'), ('XDG_DATA_DIRS', '/usr/share/xfce4:/usr/local/share/:/usr/share/:/usr/share'), ('PYTHONPATH', '/opt/ros/humble/lib/python3.10/site-packages:/opt/ros/humble/local/lib/python3.10/dist-packages'), ('COLCON', '1'), ('CMAKE_PREFIX_PATH', '/opt/ros/humble')]), 'shell': False}
[3.374298] (-) TimerEvent: {}
[3.424034] (car_model_urdf) StdoutLine: {'line': b'-- Install configuration: ""\n'}
[3.436481] (car_model_urdf) StdoutLine: {'line': b'-- Up-to-date: /home/sunrise/Robot_Car/install/car_model_urdf/share/car_model_urdf/launch\n'}
[3.443728] (car_model_urdf) StdoutLine: {'line': b'-- Up-to-date: /home/sunrise/Robot_Car/install/car_model_urdf/share/car_model_urdf/launch/description.launch.py\n'}
[3.444750] (car_model_urdf) StdoutLine: {'line': b'-- Up-to-date: /home/sunrise/Robot_Car/install/car_model_urdf/share/car_model_urdf/launch/display_xacro.launch.py\n'}
[3.447165] (car_model_urdf) StdoutLine: {'line': b'-- Up-to-date: /home/sunrise/Robot_Car/install/car_model_urdf/share/car_model_urdf/launch/display_urdf.launch.py\n'}
[3.448121] (car_model_urdf) StdoutLine: {'line': b'-- Up-to-date: /home/sunrise/Robot_Car/install/car_model_urdf/share/car_model_urdf/urdf\n'}
[3.449017] (car_model_urdf) StdoutLine: {'line': b'-- Installing: /home/sunrise/Robot_Car/install/car_model_urdf/share/car_model_urdf/urdf/car_model.urdf\n'}
[3.455938] (car_model_urdf) StdoutLine: {'line': b'-- Installing: /home/sunrise/Robot_Car/install/car_model_urdf/share/car_model_urdf/urdf/car_model.urdf.xacro\n'}
[3.456800] (car_model_urdf) StdoutLine: {'line': b'-- Up-to-date: /home/sunrise/Robot_Car/install/car_model_urdf/share/car_model_urdf/config\n'}
[3.457645] (car_model_urdf) StdoutLine: {'line': b'-- Up-to-date: /home/sunrise/Robot_Car/install/car_model_urdf/share/car_model_urdf/config/rviz\n'}
[3.458448] (car_model_urdf) StdoutLine: {'line': b'-- Up-to-date: /home/sunrise/Robot_Car/install/car_model_urdf/share/car_model_urdf/config/rviz/dispaly_model.rviz\n'}
[3.484200] (-) TimerEvent: {}
[3.500972] (car_model_urdf) StdoutLine: {'line': b'-- Up-to-date: /home/sunrise/Robot_Car/install/car_model_urdf/share/ament_index/resource_index/package_run_dependencies/car_model_urdf\n'}
[3.504226] (car_model_urdf) StdoutLine: {'line': b'-- Up-to-date: /home/sunrise/Robot_Car/install/car_model_urdf/share/ament_index/resource_index/parent_prefix_path/car_model_urdf\n'}
[3.505344] (car_model_urdf) StdoutLine: {'line': b'-- Up-to-date: /home/sunrise/Robot_Car/install/car_model_urdf/share/car_model_urdf/environment/ament_prefix_path.sh\n'}
[3.506416] (car_model_urdf) StdoutLine: {'line': b'-- Up-to-date: /home/sunrise/Robot_Car/install/car_model_urdf/share/car_model_urdf/environment/ament_prefix_path.dsv\n'}
[3.519272] (car_model_urdf) StdoutLine: {'line': b'-- Up-to-date: /home/sunrise/Robot_Car/install/car_model_urdf/share/car_model_urdf/environment/path.sh\n'}
[3.520477] (car_model_urdf) StdoutLine: {'line': b'-- Up-to-date: /home/sunrise/Robot_Car/install/car_model_urdf/share/car_model_urdf/environment/path.dsv\n'}
[3.521477] (car_model_urdf) StdoutLine: {'line': b'-- Up-to-date: /home/sunrise/Robot_Car/install/car_model_urdf/share/car_model_urdf/local_setup.bash\n'}
[3.522486] (car_model_urdf) StdoutLine: {'line': b'-- Up-to-date: /home/sunrise/Robot_Car/install/car_model_urdf/share/car_model_urdf/local_setup.sh\n'}
[3.530092] (car_model_urdf) StdoutLine: {'line': b'-- Up-to-date: /home/sunrise/Robot_Car/install/car_model_urdf/share/car_model_urdf/local_setup.zsh\n'}
[3.535258] (car_model_urdf) StdoutLine: {'line': b'-- Up-to-date: /home/sunrise/Robot_Car/install/car_model_urdf/share/car_model_urdf/local_setup.dsv\n'}
[3.538800] (car_model_urdf) StdoutLine: {'line': b'-- Installing: /home/sunrise/Robot_Car/install/car_model_urdf/share/car_model_urdf/package.dsv\n'}
[3.545256] (car_model_urdf) StdoutLine: {'line': b'-- Up-to-date: /home/sunrise/Robot_Car/install/car_model_urdf/share/ament_index/resource_index/packages/car_model_urdf\n'}
[3.552900] (car_model_urdf) StdoutLine: {'line': b'-- Up-to-date: /home/sunrise/Robot_Car/install/car_model_urdf/share/car_model_urdf/cmake/car_model_urdfConfig.cmake\n'}
[3.554321] (car_model_urdf) StdoutLine: {'line': b'-- Up-to-date: /home/sunrise/Robot_Car/install/car_model_urdf/share/car_model_urdf/cmake/car_model_urdfConfig-version.cmake\n'}
[3.557109] (car_model_urdf) StdoutLine: {'line': b'-- Up-to-date: /home/sunrise/Robot_Car/install/car_model_urdf/share/car_model_urdf/package.xml\n'}
[3.565569] (car_model_urdf) CommandEnded: {'returncode': 0}
[3.574267] (openslam_gmapping) StdoutLine: {'line': b'[ 13%] Built target utils\n'}
[3.585064] (-) TimerEvent: {}
[3.695153] (-) TimerEvent: {}
[4.086181] (-) TimerEvent: {}
[4.088296] (openslam_gmapping) StdoutLine: {'line': b'[ 27%] Built target sensor_base\n'}
[4.090594] (ydlidar_ros2_driver) StdoutLine: {'line': b'[ 50%] Built target ydlidar_ros2_driver_node\n'}
[4.112367] (openslam_gmapping) StdoutLine: {'line': b'[ 40%] Built target sensor_range\n'}
[4.186512] (-) TimerEvent: {}
[4.290088] (-) TimerEvent: {}
[4.331187] (ydlidar_ros2_driver) StdoutLine: {'line': b'[100%] Built target ydlidar_ros2_driver_client\n'}
[4.395512] (-) TimerEvent: {}
[4.481966] (car_model_urdf) JobEnded: {'identifier': 'car_model_urdf', 'rc': 0}
[4.497578] (car_control_tools) JobStarted: {'identifier': 'car_control_tools'}
[4.498364] (-) TimerEvent: {}
[4.567505] (openslam_gmapping) StdoutLine: {'line': b'[ 54%] Built target sensor_odometry\n'}
[4.599138] (-) TimerEvent: {}
[4.602297] (ydlidar_ros2_driver) CommandEnded: {'returncode': 0}
[4.612021] (ydlidar_ros2_driver) JobProgress: {'identifier': 'ydlidar_ros2_driver', 'progress': 'install'}
[4.625351] (ydlidar_ros2_driver) Command: {'cmd': ['/usr/bin/cmake', '--install', '/home/sunrise/Robot_Car/build/ydlidar_ros2_driver'], 'cwd': '/home/sunrise/Robot_Car/build/ydlidar_ros2_driver', 'env': OrderedDict([('PYTHON_BASIC_REPL', '1'), ('LANGUAGE', 'zh_CN'), ('USER', 'sunrise'), ('XDG_SEAT', 'seat0'), ('SSH_AGENT_PID', '4087'), ('XDG_SESSION_TYPE', 'x11'), ('GIT_ASKPASS', '/usr/share/code/resources/app/extensions/git/dist/askpass.sh'), ('SHLVL', '1'), ('LD_LIBRARY_PATH', '/opt/ros/humble/opt/rviz_ogre_vendor/lib:/opt/ros/humble/lib/aarch64-linux-gnu:/opt/ros/humble/lib'), ('HOME', '/home/sunrise'), ('CHROME_DESKTOP', 'code.desktop'), ('TERM_PROGRAM_VERSION', '1.124.2'), ('DESKTOP_SESSION', 'xfce'), ('PANEL_GDK_CORE_DEVICE_EVENTS', '0'), ('ROS_PYTHON_VERSION', '3'), ('XDG_SEAT_PATH', '/org/freedesktop/DisplayManager/Seat0'), ('VSCODE_GIT_ASKPASS_MAIN', '/usr/share/code/resources/app/extensions/git/dist/askpass-main.js'), ('VSCODE_GIT_ASKPASS_NODE', '/usr/share/code/code'), ('PYDEVD_DISABLE_FILE_VALIDATION', '1'), ('BUNDLED_DEBUGPY_PATH', '/home/sunrise/.vscode/extensions/ms-python.debugpy-2026.6.0-linux-arm64/bundled/libs/debugpy'), ('VSCODE_PYTHON_AUTOACTIVATE_GUARD', '1'), ('DBUS_SESSION_BUS_ADDRESS', 'unix:path=/run/user/1000/bus'), ('COLORTERM', 'truecolor'), ('ROS_DISTRO', 'humble'), ('GTK_IM_MODULE', 'ibus'), ('LOGNAME', 'sunrise'), ('_', '/usr/bin/colcon'), ('ROS_VERSION', '2'), ('XDG_SESSION_CLASS', 'user'), ('TERM', 'xterm-256color'), ('XDG_SESSION_ID', 'c2'), ('FC_FONTATIONS', '1'), ('ROS_LOCALHOST_ONLY', '0'), ('PATH', '/opt/ros/humble/bin:/usr/local/sbin:/usr/local/bin:/usr/sbin:/usr/bin:/sbin:/bin:/usr/games:/usr/local/games:/snap/bin:/home/sunrise/.vscode/extensions/ms-python.debugpy-2026.6.0-linux-arm64/bundled/scripts/noConfigScripts'), ('SESSION_MANAGER', 'local/ubuntu:@/tmp/.ICE-unix/3729,unix/ubuntu:/tmp/.ICE-unix/3729'), ('GDM_LANG', 'zh_CN'), ('XDG_SESSION_PATH', '/org/freedesktop/DisplayManager/Session0'), ('XDG_MENU_PREFIX', 'xfce-'), ('XDG_RUNTIME_DIR', '/run/user/1000'), ('GDK_BACKEND', 'x11'), ('DISPLAY', ':0.0'), ('VSCODE_DEBUGPY_ADAPTER_ENDPOINTS', '/home/sunrise/.vscode/extensions/ms-python.debugpy-2026.6.0-linux-arm64/.noConfigDebugAdapterEndpoints/endpoint-2930192ec8a14405.txt'), ('LANG', 'zh_CN.UTF-8'), ('XDG_CURRENT_DESKTOP', 'XFCE'), ('PYTHONSTARTUP', '/home/sunrise/.config/Code/User/workspaceStorage/529e9bd9e159003f43f748703cfb416d/ms-python.python/pythonrc.py'), ('XMODIFIERS', '@im=ibus'), ('XDG_SESSION_DESKTOP', 'xfce'), ('XAUTHORITY', '/home/sunrise/.Xauthority'), ('LS_COLORS', 'rs=0:di=01;34:ln=01;36:mh=00:pi=40;33:so=01;35:do=01;35:bd=40;33;01:cd=40;33;01:or=40;31;01:mi=00:su=37;41:sg=30;43:ca=30;41:tw=30;42:ow=34;42:st=37;44:ex=01;32:*.tar=01;31:*.tgz=01;31:*.arc=01;31:*.arj=01;31:*.taz=01;31:*.lha=01;31:*.lz4=01;31:*.lzh=01;31:*.lzma=01;31:*.tlz=01;31:*.txz=01;31:*.tzo=01;31:*.t7z=01;31:*.zip=01;31:*.z=01;31:*.dz=01;31:*.gz=01;31:*.lrz=01;31:*.lz=01;31:*.lzo=01;31:*.xz=01;31:*.zst=01;31:*.tzst=01;31:*.bz2=01;31:*.bz=01;31:*.tbz=01;31:*.tbz2=01;31:*.tz=01;31:*.deb=01;31:*.rpm=01;31:*.jar=01;31:*.war=01;31:*.ear=01;31:*.sar=01;31:*.rar=01;31:*.alz=01;31:*.ace=01;31:*.zoo=01;31:*.cpio=01;31:*.7z=01;31:*.rz=01;31:*.cab=01;31:*.wim=01;31:*.swm=01;31:*.dwm=01;31:*.esd=01;31:*.jpg=01;35:*.jpeg=01;35:*.mjpg=01;35:*.mjpeg=01;35:*.gif=01;35:*.bmp=01;35:*.pbm=01;35:*.pgm=01;35:*.ppm=01;35:*.tga=01;35:*.xbm=01;35:*.xpm=01;35:*.tif=01;35:*.tiff=01;35:*.png=01;35:*.svg=01;35:*.svgz=01;35:*.mng=01;35:*.pcx=01;35:*.mov=01;35:*.mpg=01;35:*.mpeg=01;35:*.m2v=01;35:*.mkv=01;35:*.webm=01;35:*.webp=01;35:*.ogm=01;35:*.mp4=01;35:*.m4v=01;35:*.mp4v=01;35:*.vob=01;35:*.qt=01;35:*.nuv=01;35:*.wmv=01;35:*.asf=01;35:*.rm=01;35:*.rmvb=01;35:*.flc=01;35:*.avi=01;35:*.fli=01;35:*.flv=01;35:*.gl=01;35:*.dl=01;35:*.xcf=01;35:*.xwd=01;35:*.yuv=01;35:*.cgm=01;35:*.emf=01;35:*.ogv=01;35:*.ogx=01;35:*.aac=00;36:*.au=00;36:*.flac=00;36:*.m4a=00;36:*.mid=00;36:*.midi=00;36:*.mka=00;36:*.mp3=00;36:*.mpc=00;36:*.ogg=00;36:*.ra=00;36:*.wav=00;36:*.oga=00;36:*.opus=00;36:*.spx=00;36:*.xspf=00;36:'), ('VSCODE_GIT_IPC_HANDLE', '/run/user/1000/vscode-git-1d55b7547a.sock'), ('TERM_PROGRAM', 'vscode'), ('SSH_AUTH_SOCK', '/tmp/ssh-XXXXXXRTXzri/agent.4082'), ('ROS_DOMAIN_ID', '0'), ('XDG_GREETER_DATA_DIR', '/var/lib/lightdm-data/sunrise'), ('AMENT_PREFIX_PATH', '/opt/ros/humble'), ('SHELL', '/bin/bash'), ('NO_AT_BRIDGE', '1'), ('GDMSESSION', 'xfce'), ('VSCODE_GIT_ASKPASS_EXTRA_ARGS', ''), ('QT_IM_MODULE', 'ibus'), ('XDG_VTNR', '7'), ('PWD', '/home/sunrise/Robot_Car/build/ydlidar_ros2_driver'), ('XDG_CONFIG_DIRS', '/etc/xdg/xdg-xfce:/etc/xdg:/etc/xdg'), ('CLUTTER_IM_MODULE', 'ibus'), ('XDG_DATA_DIRS', '/usr/share/xfce4:/usr/local/share/:/usr/share/:/usr/share'), ('PYTHONPATH', '/opt/ros/humble/lib/python3.10/site-packages:/opt/ros/humble/local/lib/python3.10/dist-packages'), ('COLCON', '1'), ('CMAKE_PREFIX_PATH', '/opt/ros/humble')]), 'shell': False}
[4.700566] (-) TimerEvent: {}
[4.752229] (ydlidar_ros2_driver) StdoutLine: {'line': b'-- Install configuration: ""\n'}
[4.764061] (ydlidar_ros2_driver) StdoutLine: {'line': b'-- Up-to-date: /home/sunrise/Robot_Car/install/ydlidar_ros2_driver/lib/ydlidar_ros2_driver/ydlidar_ros2_driver_node\n'}
[4.772625] (ydlidar_ros2_driver) StdoutLine: {'line': b'-- Up-to-date: /home/sunrise/Robot_Car/install/ydlidar_ros2_driver/lib/ydlidar_ros2_driver/ydlidar_ros2_driver_client\n'}
[4.777077] (ydlidar_ros2_driver) StdoutLine: {'line': b'-- Up-to-date: /home/sunrise/Robot_Car/install/ydlidar_ros2_driver/share/ydlidar_ros2_driver/launch\n'}
[4.779583] (ydlidar_ros2_driver) StdoutLine: {'line': b'-- Up-to-date: /home/sunrise/Robot_Car/install/ydlidar_ros2_driver/share/ydlidar_ros2_driver/launch/ydlidar_launch_view.py\n'}
[4.782546] (ydlidar_ros2_driver) StdoutLine: {'line': b'-- Up-to-date: /home/sunrise/Robot_Car/install/ydlidar_ros2_driver/share/ydlidar_ros2_driver/launch/ydlidar.py\n'}
[4.785262] (ydlidar_ros2_driver) StdoutLine: {'line': b'-- Up-to-date: /home/sunrise/Robot_Car/install/ydlidar_ros2_driver/share/ydlidar_ros2_driver/launch/ydlidar_launch.py\n'}
[4.792588] (ydlidar_ros2_driver) StdoutLine: {'line': b'-- Up-to-date: /home/sunrise/Robot_Car/install/ydlidar_ros2_driver/share/ydlidar_ros2_driver/params\n'}
[4.798455] (ydlidar_ros2_driver) StdoutLine: {'line': b'-- Up-to-date: /home/sunrise/Robot_Car/install/ydlidar_ros2_driver/share/ydlidar_ros2_driver/params/G6.yaml\n'}
[4.809337] (-) TimerEvent: {}
[4.819643] (ydlidar_ros2_driver) StdoutLine: {'line': b'-- Up-to-date: /home/sunrise/Robot_Car/install/ydlidar_ros2_driver/share/ydlidar_ros2_driver/params/sdm15.yaml\n'}
[4.820815] (ydlidar_ros2_driver) StdoutLine: {'line': b'-- Up-to-date: /home/sunrise/Robot_Car/install/ydlidar_ros2_driver/share/ydlidar_ros2_driver/params/GS2.yaml\n'}
[4.821927] (ydlidar_ros2_driver) StdoutLine: {'line': b'-- Up-to-date: /home/sunrise/Robot_Car/install/ydlidar_ros2_driver/share/ydlidar_ros2_driver/params/TG.yaml\n'}
[4.833586] (ydlidar_ros2_driver) StdoutLine: {'line': b'-- Up-to-date: /home/sunrise/Robot_Car/install/ydlidar_ros2_driver/share/ydlidar_ros2_driver/params/Tmini.yaml\n'}
[4.834586] (ydlidar_ros2_driver) StdoutLine: {'line': b'-- Up-to-date: /home/sunrise/Robot_Car/install/ydlidar_ros2_driver/share/ydlidar_ros2_driver/params/X4.yaml\n'}
[4.842076] (ydlidar_ros2_driver) StdoutLine: {'line': b'-- Up-to-date: /home/sunrise/Robot_Car/install/ydlidar_ros2_driver/share/ydlidar_ros2_driver/params/X4-Pro.yaml\n'}
[4.853438] (ydlidar_ros2_driver) StdoutLine: {'line': b'-- Up-to-date: /home/sunrise/Robot_Car/install/ydlidar_ros2_driver/share/ydlidar_ros2_driver/params/Tmini-Plus-SH.yaml\n'}
[4.854383] (ydlidar_ros2_driver) StdoutLine: {'line': b'-- Up-to-date: /home/sunrise/Robot_Car/install/ydlidar_ros2_driver/share/ydlidar_ros2_driver/params/GS5.yaml\n'}
[4.861580] (ydlidar_ros2_driver) StdoutLine: {'line': b'-- Up-to-date: /home/sunrise/Robot_Car/install/ydlidar_ros2_driver/share/ydlidar_ros2_driver/params/G2.yaml\n'}
[4.862844] (ydlidar_ros2_driver) StdoutLine: {'line': b'-- Up-to-date: /home/sunrise/Robot_Car/install/ydlidar_ros2_driver/share/ydlidar_ros2_driver/params/X2.yaml\n'}
[4.871912] (ydlidar_ros2_driver) StdoutLine: {'line': b'-- Up-to-date: /home/sunrise/Robot_Car/install/ydlidar_ros2_driver/share/ydlidar_ros2_driver/params/TEA.yaml\n'}
[4.873134] (ydlidar_ros2_driver) StdoutLine: {'line': b'-- Up-to-date: /home/sunrise/Robot_Car/install/ydlidar_ros2_driver/share/ydlidar_ros2_driver/params/ydlidar.yaml\n'}
[4.874231] (ydlidar_ros2_driver) StdoutLine: {'line': b'-- Up-to-date: /home/sunrise/Robot_Car/install/ydlidar_ros2_driver/share/ydlidar_ros2_driver/params/G4.yaml\n'}
[4.879675] (ydlidar_ros2_driver) StdoutLine: {'line': b'-- Up-to-date: /home/sunrise/Robot_Car/install/ydlidar_ros2_driver/share/ydlidar_ros2_driver/params/X3.yaml\n'}
[4.880746] (ydlidar_ros2_driver) StdoutLine: {'line': b'-- Up-to-date: /home/sunrise/Robot_Car/install/ydlidar_ros2_driver/share/ydlidar_ros2_driver/params/G1.yaml\n'}
[4.881758] (ydlidar_ros2_driver) StdoutLine: {'line': b'-- Up-to-date: /home/sunrise/Robot_Car/install/ydlidar_ros2_driver/share/ydlidar_ros2_driver/startup\n'}
[4.882599] (ydlidar_ros2_driver) StdoutLine: {'line': b'-- Up-to-date: /home/sunrise/Robot_Car/install/ydlidar_ros2_driver/share/ydlidar_ros2_driver/startup/initenv.sh\n'}
[4.888810] (ydlidar_ros2_driver) StdoutLine: {'line': b'-- Up-to-date: /home/sunrise/Robot_Car/install/ydlidar_ros2_driver/share/ydlidar_ros2_driver/config\n'}
[4.895108] (ydlidar_ros2_driver) StdoutLine: {'line': b'-- Up-to-date: /home/sunrise/Robot_Car/install/ydlidar_ros2_driver/share/ydlidar_ros2_driver/config/ydlidar.rviz\n'}
[4.896197] (ydlidar_ros2_driver) StdoutLine: {'line': b'-- Up-to-date: /home/sunrise/Robot_Car/install/ydlidar_ros2_driver/share/ament_index/resource_index/package_run_dependencies/ydlidar_ros2_driver\n'}
[4.897296] (ydlidar_ros2_driver) StdoutLine: {'line': b'-- Up-to-date: /home/sunrise/Robot_Car/install/ydlidar_ros2_driver/share/ament_index/resource_index/parent_prefix_path/ydlidar_ros2_driver\n'}
[4.903845] (ydlidar_ros2_driver) StdoutLine: {'line': b'-- Up-to-date: /home/sunrise/Robot_Car/install/ydlidar_ros2_driver/share/ydlidar_ros2_driver/environment/ament_prefix_path.sh\n'}
[4.904886] (ydlidar_ros2_driver) StdoutLine: {'line': b'-- Up-to-date: /home/sunrise/Robot_Car/install/ydlidar_ros2_driver/share/ydlidar_ros2_driver/environment/ament_prefix_path.dsv\n'}
[4.905940] (ydlidar_ros2_driver) StdoutLine: {'line': b'-- Up-to-date: /home/sunrise/Robot_Car/install/ydlidar_ros2_driver/share/ydlidar_ros2_driver/environment/path.sh\n'}
[4.906872] (ydlidar_ros2_driver) StdoutLine: {'line': b'-- Up-to-date: /home/sunrise/Robot_Car/install/ydlidar_ros2_driver/share/ydlidar_ros2_driver/environment/path.dsv\n'}
[4.909097] (ydlidar_ros2_driver) StdoutLine: {'line': b'-- Up-to-date: /home/sunrise/Robot_Car/install/ydlidar_ros2_driver/share/ydlidar_ros2_driver/local_setup.bash\n'}
[4.910107] (-) TimerEvent: {}
[4.915354] (ydlidar_ros2_driver) StdoutLine: {'line': b'-- Up-to-date: /home/sunrise/Robot_Car/install/ydlidar_ros2_driver/share/ydlidar_ros2_driver/local_setup.sh\n'}
[4.916455] (ydlidar_ros2_driver) StdoutLine: {'line': b'-- Up-to-date: /home/sunrise/Robot_Car/install/ydlidar_ros2_driver/share/ydlidar_ros2_driver/local_setup.zsh\n'}
[4.917758] (ydlidar_ros2_driver) StdoutLine: {'line': b'-- Up-to-date: /home/sunrise/Robot_Car/install/ydlidar_ros2_driver/share/ydlidar_ros2_driver/local_setup.dsv\n'}
[4.918715] (ydlidar_ros2_driver) StdoutLine: {'line': b'-- Installing: /home/sunrise/Robot_Car/install/ydlidar_ros2_driver/share/ydlidar_ros2_driver/package.dsv\n'}
[4.926643] (ydlidar_ros2_driver) StdoutLine: {'line': b'-- Up-to-date: /home/sunrise/Robot_Car/install/ydlidar_ros2_driver/share/ament_index/resource_index/packages/ydlidar_ros2_driver\n'}
[4.928442] (ydlidar_ros2_driver) StdoutLine: {'line': b'-- Up-to-date: /home/sunrise/Robot_Car/install/ydlidar_ros2_driver/share/ydlidar_ros2_driver/cmake/ydlidar_ros2_driverConfig.cmake\n'}
[4.929645] (ydlidar_ros2_driver) StdoutLine: {'line': b'-- Up-to-date: /home/sunrise/Robot_Car/install/ydlidar_ros2_driver/share/ydlidar_ros2_driver/cmake/ydlidar_ros2_driverConfig-version.cmake\n'}
[4.936092] (ydlidar_ros2_driver) StdoutLine: {'line': b'-- Up-to-date: /home/sunrise/Robot_Car/install/ydlidar_ros2_driver/share/ydlidar_ros2_driver/package.xml\n'}
[4.937388] (openslam_gmapping) StdoutLine: {'line': b'[ 77%] Built target scanmatcher\n'}
[5.010396] (-) TimerEvent: {}
[5.112532] (-) TimerEvent: {}
[5.187349] (openslam_gmapping) StdoutLine: {'line': b'[100%] Built target gridfastslam\n'}
[5.223148] (-) TimerEvent: {}
[5.324473] (-) TimerEvent: {}
[5.425691] (-) TimerEvent: {}
[5.527038] (-) TimerEvent: {}
[5.628188] (-) TimerEvent: {}
[5.729355] (-) TimerEvent: {}
[5.830469] (-) TimerEvent: {}
[5.932022] (-) TimerEvent: {}
[6.033272] (-) TimerEvent: {}
[6.134410] (-) TimerEvent: {}
[6.236239] (-) TimerEvent: {}
[6.337426] (-) TimerEvent: {}
[6.438831] (-) TimerEvent: {}
[6.540075] (-) TimerEvent: {}
[6.641338] (-) TimerEvent: {}
[6.742387] (-) TimerEvent: {}
[6.843618] (-) TimerEvent: {}
[6.944770] (-) TimerEvent: {}
[7.045929] (-) TimerEvent: {}
[7.147093] (-) TimerEvent: {}
[7.248284] (-) TimerEvent: {}
[7.349320] (-) TimerEvent: {}
[7.450405] (-) TimerEvent: {}
[7.551936] (-) TimerEvent: {}
[7.654528] (-) TimerEvent: {}
[7.759441] (-) TimerEvent: {}
[7.863771] (-) TimerEvent: {}
[7.981237] (-) TimerEvent: {}
[8.005132] (ydlidar_ros2_driver) CommandEnded: {'returncode': 0}
[8.081937] (-) TimerEvent: {}
[8.185638] (-) TimerEvent: {}
[8.238351] (ydlidar_ros2_driver) JobEnded: {'identifier': 'ydlidar_ros2_driver', 'rc': 0}
[8.241157] (openslam_gmapping) CommandEnded: {'returncode': 0}
[8.248117] (openslam_gmapping) JobProgress: {'identifier': 'openslam_gmapping', 'progress': 'install'}
[8.250011] (openslam_gmapping) Command: {'cmd': ['/usr/bin/cmake', '--install', '/home/sunrise/Robot_Car/build/openslam_gmapping'], 'cwd': '/home/sunrise/Robot_Car/build/openslam_gmapping', 'env': OrderedDict([('PYTHON_BASIC_REPL', '1'), ('LANGUAGE', 'zh_CN'), ('USER', 'sunrise'), ('XDG_SEAT', 'seat0'), ('SSH_AGENT_PID', '4087'), ('XDG_SESSION_TYPE', 'x11'), ('GIT_ASKPASS', '/usr/share/code/resources/app/extensions/git/dist/askpass.sh'), ('SHLVL', '1'), ('LD_LIBRARY_PATH', '/opt/ros/humble/opt/rviz_ogre_vendor/lib:/opt/ros/humble/lib/aarch64-linux-gnu:/opt/ros/humble/lib'), ('HOME', '/home/sunrise'), ('CHROME_DESKTOP', 'code.desktop'), ('TERM_PROGRAM_VERSION', '1.124.2'), ('DESKTOP_SESSION', 'xfce'), ('PANEL_GDK_CORE_DEVICE_EVENTS', '0'), ('ROS_PYTHON_VERSION', '3'), ('XDG_SEAT_PATH', '/org/freedesktop/DisplayManager/Seat0'), ('VSCODE_GIT_ASKPASS_MAIN', '/usr/share/code/resources/app/extensions/git/dist/askpass-main.js'), ('VSCODE_GIT_ASKPASS_NODE', '/usr/share/code/code'), ('PYDEVD_DISABLE_FILE_VALIDATION', '1'), ('BUNDLED_DEBUGPY_PATH', '/home/sunrise/.vscode/extensions/ms-python.debugpy-2026.6.0-linux-arm64/bundled/libs/debugpy'), ('VSCODE_PYTHON_AUTOACTIVATE_GUARD', '1'), ('DBUS_SESSION_BUS_ADDRESS', 'unix:path=/run/user/1000/bus'), ('COLORTERM', 'truecolor'), ('ROS_DISTRO', 'humble'), ('GTK_IM_MODULE', 'ibus'), ('LOGNAME', 'sunrise'), ('_', '/usr/bin/colcon'), ('ROS_VERSION', '2'), ('XDG_SESSION_CLASS', 'user'), ('TERM', 'xterm-256color'), ('XDG_SESSION_ID', 'c2'), ('FC_FONTATIONS', '1'), ('ROS_LOCALHOST_ONLY', '0'), ('PATH', '/opt/ros/humble/bin:/usr/local/sbin:/usr/local/bin:/usr/sbin:/usr/bin:/sbin:/bin:/usr/games:/usr/local/games:/snap/bin:/home/sunrise/.vscode/extensions/ms-python.debugpy-2026.6.0-linux-arm64/bundled/scripts/noConfigScripts'), ('SESSION_MANAGER', 'local/ubuntu:@/tmp/.ICE-unix/3729,unix/ubuntu:/tmp/.ICE-unix/3729'), ('GDM_LANG', 'zh_CN'), ('XDG_SESSION_PATH', '/org/freedesktop/DisplayManager/Session0'), ('XDG_MENU_PREFIX', 'xfce-'), ('XDG_RUNTIME_DIR', '/run/user/1000'), ('GDK_BACKEND', 'x11'), ('DISPLAY', ':0.0'), ('VSCODE_DEBUGPY_ADAPTER_ENDPOINTS', '/home/sunrise/.vscode/extensions/ms-python.debugpy-2026.6.0-linux-arm64/.noConfigDebugAdapterEndpoints/endpoint-2930192ec8a14405.txt'), ('LANG', 'zh_CN.UTF-8'), ('XDG_CURRENT_DESKTOP', 'XFCE'), ('PYTHONSTARTUP', '/home/sunrise/.config/Code/User/workspaceStorage/529e9bd9e159003f43f748703cfb416d/ms-python.python/pythonrc.py'), ('XMODIFIERS', '@im=ibus'), ('XDG_SESSION_DESKTOP', 'xfce'), ('XAUTHORITY', '/home/sunrise/.Xauthority'), ('LS_COLORS', 'rs=0:di=01;34:ln=01;36:mh=00:pi=40;33:so=01;35:do=01;35:bd=40;33;01:cd=40;33;01:or=40;31;01:mi=00:su=37;41:sg=30;43:ca=30;41:tw=30;42:ow=34;42:st=37;44:ex=01;32:*.tar=01;31:*.tgz=01;31:*.arc=01;31:*.arj=01;31:*.taz=01;31:*.lha=01;31:*.lz4=01;31:*.lzh=01;31:*.lzma=01;31:*.tlz=01;31:*.txz=01;31:*.tzo=01;31:*.t7z=01;31:*.zip=01;31:*.z=01;31:*.dz=01;31:*.gz=01;31:*.lrz=01;31:*.lz=01;31:*.lzo=01;31:*.xz=01;31:*.zst=01;31:*.tzst=01;31:*.bz2=01;31:*.bz=01;31:*.tbz=01;31:*.tbz2=01;31:*.tz=01;31:*.deb=01;31:*.rpm=01;31:*.jar=01;31:*.war=01;31:*.ear=01;31:*.sar=01;31:*.rar=01;31:*.alz=01;31:*.ace=01;31:*.zoo=01;31:*.cpio=01;31:*.7z=01;31:*.rz=01;31:*.cab=01;31:*.wim=01;31:*.swm=01;31:*.dwm=01;31:*.esd=01;31:*.jpg=01;35:*.jpeg=01;35:*.mjpg=01;35:*.mjpeg=01;35:*.gif=01;35:*.bmp=01;35:*.pbm=01;35:*.pgm=01;35:*.ppm=01;35:*.tga=01;35:*.xbm=01;35:*.xpm=01;35:*.tif=01;35:*.tiff=01;35:*.png=01;35:*.svg=01;35:*.svgz=01;35:*.mng=01;35:*.pcx=01;35:*.mov=01;35:*.mpg=01;35:*.mpeg=01;35:*.m2v=01;35:*.mkv=01;35:*.webm=01;35:*.webp=01;35:*.ogm=01;35:*.mp4=01;35:*.m4v=01;35:*.mp4v=01;35:*.vob=01;35:*.qt=01;35:*.nuv=01;35:*.wmv=01;35:*.asf=01;35:*.rm=01;35:*.rmvb=01;35:*.flc=01;35:*.avi=01;35:*.fli=01;35:*.flv=01;35:*.gl=01;35:*.dl=01;35:*.xcf=01;35:*.xwd=01;35:*.yuv=01;35:*.cgm=01;35:*.emf=01;35:*.ogv=01;35:*.ogx=01;35:*.aac=00;36:*.au=00;36:*.flac=00;36:*.m4a=00;36:*.mid=00;36:*.midi=00;36:*.mka=00;36:*.mp3=00;36:*.mpc=00;36:*.ogg=00;36:*.ra=00;36:*.wav=00;36:*.oga=00;36:*.opus=00;36:*.spx=00;36:*.xspf=00;36:'), ('VSCODE_GIT_IPC_HANDLE', '/run/user/1000/vscode-git-1d55b7547a.sock'), ('TERM_PROGRAM', 'vscode'), ('SSH_AUTH_SOCK', '/tmp/ssh-XXXXXXRTXzri/agent.4082'), ('ROS_DOMAIN_ID', '0'), ('XDG_GREETER_DATA_DIR', '/var/lib/lightdm-data/sunrise'), ('AMENT_PREFIX_PATH', '/opt/ros/humble'), ('SHELL', '/bin/bash'), ('NO_AT_BRIDGE', '1'), ('GDMSESSION', 'xfce'), ('VSCODE_GIT_ASKPASS_EXTRA_ARGS', ''), ('QT_IM_MODULE', 'ibus'), ('XDG_VTNR', '7'), ('PWD', '/home/sunrise/Robot_Car/build/openslam_gmapping'), ('XDG_CONFIG_DIRS', '/etc/xdg/xdg-xfce:/etc/xdg:/etc/xdg'), ('CLUTTER_IM_MODULE', 'ibus'), ('XDG_DATA_DIRS', '/usr/share/xfce4:/usr/local/share/:/usr/share/:/usr/share'), ('PYTHONPATH', '/opt/ros/humble/lib/python3.10/site-packages:/opt/ros/humble/local/lib/python3.10/dist-packages'), ('COLCON', '1'), ('CMAKE_PREFIX_PATH', '/opt/ros/humble')]), 'shell': False}
[8.289629] (-) TimerEvent: {}
[8.331486] (openslam_gmapping) StdoutLine: {'line': b'-- Install configuration: "Release"\n'}
[8.339360] (openslam_gmapping) StdoutLine: {'line': b'-- Execute custom install script\n'}
[8.351663] (openslam_gmapping) StdoutLine: {'line': b'-- Up-to-date symlink: /home/sunrise/Robot_Car/install/openslam_gmapping/lib/libgridfastslam.a\n'}
[8.355800] (openslam_gmapping) StdoutLine: {'line': b'-- Up-to-date symlink: /home/sunrise/Robot_Car/install/openslam_gmapping/lib/libscanmatcher.a\n'}
[8.360020] (openslam_gmapping) StdoutLine: {'line': b'-- Up-to-date symlink: /home/sunrise/Robot_Car/install/openslam_gmapping/lib/libsensor_base.a\n'}
[8.363788] (openslam_gmapping) StdoutLine: {'line': b'-- Up-to-date symlink: /home/sunrise/Robot_Car/install/openslam_gmapping/share/openslam_gmapping/environment/library_path.sh\n'}
[8.367905] (openslam_gmapping) StdoutLine: {'line': b'-- Up-to-date symlink: /home/sunrise/Robot_Car/install/openslam_gmapping/share/openslam_gmapping/environment/library_path.dsv\n'}
[8.375386] (openslam_gmapping) StdoutLine: {'line': b'-- Up-to-date symlink: /home/sunrise/Robot_Car/install/openslam_gmapping/share/openslam_gmapping/environment/library_path.sh\n'}
[8.380396] (openslam_gmapping) StdoutLine: {'line': b'-- Up-to-date symlink: /home/sunrise/Robot_Car/install/openslam_gmapping/share/openslam_gmapping/environment/library_path.dsv\n'}
[8.384999] (openslam_gmapping) StdoutLine: {'line': b'-- Up-to-date symlink: /home/sunrise/Robot_Car/install/openslam_gmapping/lib/libsensor_odometry.a\n'}
[8.387183] (-) TimerEvent: {}
[8.395642] (openslam_gmapping) StdoutLine: {'line': b'-- Up-to-date symlink: /home/sunrise/Robot_Car/install/openslam_gmapping/lib/libsensor_range.a\n'}
[8.404362] (openslam_gmapping) StdoutLine: {'line': b'-- Up-to-date symlink: /home/sunrise/Robot_Car/install/openslam_gmapping/lib/libutils.a\n'}
[8.407129] (openslam_gmapping) StdoutLine: {'line': b'-- Up-to-date symlink: /home/sunrise/Robot_Car/install/openslam_gmapping/share/openslam_gmapping/environment/library_path.sh\n'}
[8.410093] (openslam_gmapping) StdoutLine: {'line': b'-- Up-to-date symlink: /home/sunrise/Robot_Car/install/openslam_gmapping/share/openslam_gmapping/environment/library_path.dsv\n'}
[8.413119] (openslam_gmapping) StdoutLine: {'line': b'-- Up-to-date symlink: /home/sunrise/Robot_Car/install/openslam_gmapping/share/openslam_gmapping/environment/library_path.sh\n'}
[8.417510] (openslam_gmapping) StdoutLine: {'line': b'-- Up-to-date symlink: /home/sunrise/Robot_Car/install/openslam_gmapping/share/openslam_gmapping/environment/library_path.dsv\n'}
[8.425839] (openslam_gmapping) StdoutLine: {'line': b'-- Up-to-date symlink: /home/sunrise/Robot_Car/install/openslam_gmapping/include//gmapping/grid/accessstate.h\n'}
[8.429168] (openslam_gmapping) StdoutLine: {'line': b'-- Up-to-date symlink: /home/sunrise/Robot_Car/install/openslam_gmapping/include//gmapping/grid/array2d.h\n'}
[8.431711] (openslam_gmapping) StdoutLine: {'line': b'-- Up-to-date symlink: /home/sunrise/Robot_Car/install/openslam_gmapping/include//gmapping/grid/harray2d.h\n'}
[8.434278] (openslam_gmapping) StdoutLine: {'line': b'-- Up-to-date symlink: /home/sunrise/Robot_Car/install/openslam_gmapping/include//gmapping/grid/map.h\n'}
[8.437019] (openslam_gmapping) StdoutLine: {'line': b'-- Up-to-date symlink: /home/sunrise/Robot_Car/install/openslam_gmapping/include//gmapping/gridfastslam/gridslamprocessor.h\n'}
[8.440993] (openslam_gmapping) StdoutLine: {'line': b'-- Up-to-date symlink: /home/sunrise/Robot_Car/install/openslam_gmapping/include//gmapping/gridfastslam/gridslamprocessor.hxx\n'}
[8.454245] (openslam_gmapping) StdoutLine: {'line': b'-- Up-to-date symlink: /home/sunrise/Robot_Car/install/openslam_gmapping/include//gmapping/gridfastslam/motionmodel.h\n'}
[8.457800] (openslam_gmapping) StdoutLine: {'line': b'-- Up-to-date symlink: /home/sunrise/Robot_Car/install/openslam_gmapping/include//gmapping/log/configuration.h\n'}
[8.463158] (openslam_gmapping) StdoutLine: {'line': b'-- Up-to-date symlink: /home/sunrise/Robot_Car/install/openslam_gmapping/include//gmapping/log/sensorlog.h\n'}
[8.473197] (openslam_gmapping) StdoutLine: {'line': b'-- Up-to-date symlink: /home/sunrise/Robot_Car/install/openslam_gmapping/include//gmapping/particlefilter/particlefilter.h\n'}
[8.480372] (openslam_gmapping) StdoutLine: {'line': b'-- Up-to-date symlink: /home/sunrise/Robot_Car/install/openslam_gmapping/include//gmapping/scanmatcher/icp.h\n'}
[8.483404] (openslam_gmapping) StdoutLine: {'line': b'-- Up-to-date symlink: /home/sunrise/Robot_Car/install/openslam_gmapping/include//gmapping/scanmatcher/scanmatcher.h\n'}
[8.490293] (-) TimerEvent: {}
[8.491498] (openslam_gmapping) StdoutLine: {'line': b'-- Up-to-date symlink: /home/sunrise/Robot_Car/install/openslam_gmapping/include//gmapping/scanmatcher/smmap.h\n'}
[8.494060] (openslam_gmapping) StdoutLine: {'line': b'-- Up-to-date symlink: /home/sunrise/Robot_Car/install/openslam_gmapping/include//gmapping/sensor/sensor_base/sensor.h\n'}
[8.496793] (openslam_gmapping) StdoutLine: {'line': b'-- Up-to-date symlink: /home/sunrise/Robot_Car/install/openslam_gmapping/include//gmapping/sensor/sensor_base/sensorreading.h\n'}
[8.500993] (openslam_gmapping) StdoutLine: {'line': b'-- Up-to-date symlink: /home/sunrise/Robot_Car/install/openslam_gmapping/include//gmapping/sensor/sensor_odometry/odometryreading.h\n'}
[8.510701] (openslam_gmapping) StdoutLine: {'line': b'-- Up-to-date symlink: /home/sunrise/Robot_Car/install/openslam_gmapping/include//gmapping/sensor/sensor_odometry/odometrysensor.h\n'}
[8.513291] (openslam_gmapping) StdoutLine: {'line': b'-- Up-to-date symlink: /home/sunrise/Robot_Car/install/openslam_gmapping/include//gmapping/sensor/sensor_range/rangereading.h\n'}
[8.516555] (openslam_gmapping) StdoutLine: {'line': b'-- Up-to-date symlink: /home/sunrise/Robot_Car/install/openslam_gmapping/include//gmapping/sensor/sensor_range/rangesensor.h\n'}
[8.519238] (openslam_gmapping) StdoutLine: {'line': b'-- Up-to-date symlink: /home/sunrise/Robot_Car/install/openslam_gmapping/include//gmapping/utils/autoptr.h\n'}
[8.521818] (openslam_gmapping) StdoutLine: {'line': b'-- Up-to-date symlink: /home/sunrise/Robot_Car/install/openslam_gmapping/include//gmapping/utils/commandline.h\n'}
[8.527445] (openslam_gmapping) StdoutLine: {'line': b'-- Up-to-date symlink: /home/sunrise/Robot_Car/install/openslam_gmapping/include//gmapping/utils/gvalues.h\n'}
[8.537872] (openslam_gmapping) StdoutLine: {'line': b'-- Up-to-date symlink: /home/sunrise/Robot_Car/install/openslam_gmapping/include//gmapping/utils/macro_params.h\n'}
[8.541565] (openslam_gmapping) StdoutLine: {'line': b'-- Up-to-date symlink: /home/sunrise/Robot_Car/install/openslam_gmapping/include//gmapping/utils/point.h\n'}
[8.547224] (openslam_gmapping) StdoutLine: {'line': b'-- Up-to-date symlink: /home/sunrise/Robot_Car/install/openslam_gmapping/include//gmapping/utils/stat.h\n'}
[8.551223] (openslam_gmapping) StdoutLine: {'line': b'-- Up-to-date symlink: /home/sunrise/Robot_Car/install/openslam_gmapping/share/ament_index/resource_index/package_run_dependencies/openslam_gmapping\n'}
[8.552365] (openslam_gmapping) StdoutLine: {'line': b'-- Up-to-date symlink: /home/sunrise/Robot_Car/install/openslam_gmapping/share/ament_index/resource_index/parent_prefix_path/openslam_gmapping\n'}
[8.554986] (openslam_gmapping) StdoutLine: {'line': b'-- Up-to-date symlink: /home/sunrise/Robot_Car/install/openslam_gmapping/share/openslam_gmapping/environment/ament_prefix_path.sh\n'}
[8.557767] (openslam_gmapping) StdoutLine: {'line': b'-- Up-to-date symlink: /home/sunrise/Robot_Car/install/openslam_gmapping/share/openslam_gmapping/environment/ament_prefix_path.dsv\n'}
[8.568113] (openslam_gmapping) StdoutLine: {'line': b'-- Up-to-date symlink: /home/sunrise/Robot_Car/install/openslam_gmapping/share/openslam_gmapping/environment/path.sh\n'}
[8.571285] (openslam_gmapping) StdoutLine: {'line': b'-- Up-to-date symlink: /home/sunrise/Robot_Car/install/openslam_gmapping/share/openslam_gmapping/environment/path.dsv\n'}
[8.574099] (openslam_gmapping) StdoutLine: {'line': b'-- Up-to-date symlink: /home/sunrise/Robot_Car/install/openslam_gmapping/share/openslam_gmapping/local_setup.bash\n'}
[8.578091] (openslam_gmapping) StdoutLine: {'line': b'-- Up-to-date symlink: /home/sunrise/Robot_Car/install/openslam_gmapping/share/openslam_gmapping/local_setup.sh\n'}
[8.585091] (openslam_gmapping) StdoutLine: {'line': b'-- Up-to-date symlink: /home/sunrise/Robot_Car/install/openslam_gmapping/share/openslam_gmapping/local_setup.zsh\n'}
[8.588065] (openslam_gmapping) StdoutLine: {'line': b'-- Up-to-date symlink: /home/sunrise/Robot_Car/install/openslam_gmapping/share/openslam_gmapping/local_setup.dsv\n'}
[8.590565] (-) TimerEvent: {}
[8.595125] (openslam_gmapping) StdoutLine: {'line': b'-- Symlinking: /home/sunrise/Robot_Car/install/openslam_gmapping/share/openslam_gmapping/package.dsv\n'}
[8.670108] (openslam_gmapping) StdoutLine: {'line': b'-- Up-to-date symlink: /home/sunrise/Robot_Car/install/openslam_gmapping/share/ament_index/resource_index/packages/openslam_gmapping\n'}
[8.677130] (openslam_gmapping) StdoutLine: {'line': b'-- Up-to-date symlink: /home/sunrise/Robot_Car/install/openslam_gmapping/share/openslam_gmapping/cmake/ament_cmake_export_libraries-extras.cmake\n'}
[8.684805] (openslam_gmapping) StdoutLine: {'line': b'-- Up-to-date symlink: /home/sunrise/Robot_Car/install/openslam_gmapping/share/openslam_gmapping/cmake/ament_cmake_export_include_directories-extras.cmake\n'}
[8.690425] (openslam_gmapping) StdoutLine: {'line': b'-- Up-to-date symlink: /home/sunrise/Robot_Car/install/openslam_gmapping/share/openslam_gmapping/cmake/openslam_gmappingConfig.cmake\n'}
[8.692364] (-) TimerEvent: {}
[8.697136] (openslam_gmapping) StdoutLine: {'line': b'-- Up-to-date symlink: /home/sunrise/Robot_Car/install/openslam_gmapping/share/openslam_gmapping/cmake/openslam_gmappingConfig-version.cmake\n'}
[8.702939] (openslam_gmapping) StdoutLine: {'line': b'-- Up-to-date symlink: /home/sunrise/Robot_Car/install/openslam_gmapping/share/openslam_gmapping/package.xml\n'}
[8.744817] (openslam_gmapping) CommandEnded: {'returncode': 0}
[8.793657] (-) TimerEvent: {}
[8.904150] (-) TimerEvent: {}
[9.015034] (-) TimerEvent: {}
[9.055273] (openslam_gmapping) JobEnded: {'identifier': 'openslam_gmapping', 'rc': 0}
[9.083302] (slam_gmapping) JobStarted: {'identifier': 'slam_gmapping'}
[9.115247] (-) TimerEvent: {}
[9.187240] (slam_gmapping) JobProgress: {'identifier': 'slam_gmapping', 'progress': 'cmake'}
[9.192394] (slam_gmapping) JobProgress: {'identifier': 'slam_gmapping', 'progress': 'build'}
[9.199306] (slam_gmapping) Command: {'cmd': ['/usr/bin/cmake', '--build', '/home/sunrise/Robot_Car/build/slam_gmapping', '--', '-j4', '-l4'], 'cwd': '/home/sunrise/Robot_Car/build/slam_gmapping', 'env': OrderedDict([('PYTHON_BASIC_REPL', '1'), ('LANGUAGE', 'zh_CN'), ('USER', 'sunrise'), ('XDG_SEAT', 'seat0'), ('SSH_AGENT_PID', '4087'), ('XDG_SESSION_TYPE', 'x11'), ('GIT_ASKPASS', '/usr/share/code/resources/app/extensions/git/dist/askpass.sh'), ('SHLVL', '1'), ('LD_LIBRARY_PATH', '/home/sunrise/Robot_Car/install/openslam_gmapping/lib:/opt/ros/humble/opt/rviz_ogre_vendor/lib:/opt/ros/humble/lib/aarch64-linux-gnu:/opt/ros/humble/lib'), ('HOME', '/home/sunrise'), ('CHROME_DESKTOP', 'code.desktop'), ('TERM_PROGRAM_VERSION', '1.124.2'), ('DESKTOP_SESSION', 'xfce'), ('PANEL_GDK_CORE_DEVICE_EVENTS', '0'), ('ROS_PYTHON_VERSION', '3'), ('XDG_SEAT_PATH', '/org/freedesktop/DisplayManager/Seat0'), ('VSCODE_GIT_ASKPASS_MAIN', '/usr/share/code/resources/app/extensions/git/dist/askpass-main.js'), ('VSCODE_GIT_ASKPASS_NODE', '/usr/share/code/code'), ('PYDEVD_DISABLE_FILE_VALIDATION', '1'), ('BUNDLED_DEBUGPY_PATH', '/home/sunrise/.vscode/extensions/ms-python.debugpy-2026.6.0-linux-arm64/bundled/libs/debugpy'), ('VSCODE_PYTHON_AUTOACTIVATE_GUARD', '1'), ('DBUS_SESSION_BUS_ADDRESS', 'unix:path=/run/user/1000/bus'), ('COLORTERM', 'truecolor'), ('ROS_DISTRO', 'humble'), ('GTK_IM_MODULE', 'ibus'), ('LOGNAME', 'sunrise'), ('_', '/usr/bin/colcon'), ('ROS_VERSION', '2'), ('XDG_SESSION_CLASS', 'user'), ('TERM', 'xterm-256color'), ('XDG_SESSION_ID', 'c2'), ('FC_FONTATIONS', '1'), ('ROS_LOCALHOST_ONLY', '0'), ('PATH', '/opt/ros/humble/bin:/usr/local/sbin:/usr/local/bin:/usr/sbin:/usr/bin:/sbin:/bin:/usr/games:/usr/local/games:/snap/bin:/home/sunrise/.vscode/extensions/ms-python.debugpy-2026.6.0-linux-arm64/bundled/scripts/noConfigScripts'), ('SESSION_MANAGER', 'local/ubuntu:@/tmp/.ICE-unix/3729,unix/ubuntu:/tmp/.ICE-unix/3729'), ('GDM_LANG', 'zh_CN'), ('XDG_SESSION_PATH', '/org/freedesktop/DisplayManager/Session0'), ('XDG_MENU_PREFIX', 'xfce-'), ('XDG_RUNTIME_DIR', '/run/user/1000'), ('GDK_BACKEND', 'x11'), ('DISPLAY', ':0.0'), ('VSCODE_DEBUGPY_ADAPTER_ENDPOINTS', '/home/sunrise/.vscode/extensions/ms-python.debugpy-2026.6.0-linux-arm64/.noConfigDebugAdapterEndpoints/endpoint-2930192ec8a14405.txt'), ('LANG', 'zh_CN.UTF-8'), ('XDG_CURRENT_DESKTOP', 'XFCE'), ('PYTHONSTARTUP', '/home/sunrise/.config/Code/User/workspaceStorage/529e9bd9e159003f43f748703cfb416d/ms-python.python/pythonrc.py'), ('XMODIFIERS', '@im=ibus'), ('XDG_SESSION_DESKTOP', 'xfce'), ('XAUTHORITY', '/home/sunrise/.Xauthority'), ('LS_COLORS', 'rs=0:di=01;34:ln=01;36:mh=00:pi=40;33:so=01;35:do=01;35:bd=40;33;01:cd=40;33;01:or=40;31;01:mi=00:su=37;41:sg=30;43:ca=30;41:tw=30;42:ow=34;42:st=37;44:ex=01;32:*.tar=01;31:*.tgz=01;31:*.arc=01;31:*.arj=01;31:*.taz=01;31:*.lha=01;31:*.lz4=01;31:*.lzh=01;31:*.lzma=01;31:*.tlz=01;31:*.txz=01;31:*.tzo=01;31:*.t7z=01;31:*.zip=01;31:*.z=01;31:*.dz=01;31:*.gz=01;31:*.lrz=01;31:*.lz=01;31:*.lzo=01;31:*.xz=01;31:*.zst=01;31:*.tzst=01;31:*.bz2=01;31:*.bz=01;31:*.tbz=01;31:*.tbz2=01;31:*.tz=01;31:*.deb=01;31:*.rpm=01;31:*.jar=01;31:*.war=01;31:*.ear=01;31:*.sar=01;31:*.rar=01;31:*.alz=01;31:*.ace=01;31:*.zoo=01;31:*.cpio=01;31:*.7z=01;31:*.rz=01;31:*.cab=01;31:*.wim=01;31:*.swm=01;31:*.dwm=01;31:*.esd=01;31:*.jpg=01;35:*.jpeg=01;35:*.mjpg=01;35:*.mjpeg=01;35:*.gif=01;35:*.bmp=01;35:*.pbm=01;35:*.pgm=01;35:*.ppm=01;35:*.tga=01;35:*.xbm=01;35:*.xpm=01;35:*.tif=01;35:*.tiff=01;35:*.png=01;35:*.svg=01;35:*.svgz=01;35:*.mng=01;35:*.pcx=01;35:*.mov=01;35:*.mpg=01;35:*.mpeg=01;35:*.m2v=01;35:*.mkv=01;35:*.webm=01;35:*.webp=01;35:*.ogm=01;35:*.mp4=01;35:*.m4v=01;35:*.mp4v=01;35:*.vob=01;35:*.qt=01;35:*.nuv=01;35:*.wmv=01;35:*.asf=01;35:*.rm=01;35:*.rmvb=01;35:*.flc=01;35:*.avi=01;35:*.fli=01;35:*.flv=01;35:*.gl=01;35:*.dl=01;35:*.xcf=01;35:*.xwd=01;35:*.yuv=01;35:*.cgm=01;35:*.emf=01;35:*.ogv=01;35:*.ogx=01;35:*.aac=00;36:*.au=00;36:*.flac=00;36:*.m4a=00;36:*.mid=00;36:*.midi=00;36:*.mka=00;36:*.mp3=00;36:*.mpc=00;36:*.ogg=00;36:*.ra=00;36:*.wav=00;36:*.oga=00;36:*.opus=00;36:*.spx=00;36:*.xspf=00;36:'), ('VSCODE_GIT_IPC_HANDLE', '/run/user/1000/vscode-git-1d55b7547a.sock'), ('TERM_PROGRAM', 'vscode'), ('SSH_AUTH_SOCK', '/tmp/ssh-XXXXXXRTXzri/agent.4082'), ('ROS_DOMAIN_ID', '0'), ('XDG_GREETER_DATA_DIR', '/var/lib/lightdm-data/sunrise'), ('AMENT_PREFIX_PATH', '/home/sunrise/Robot_Car/install/openslam_gmapping:/opt/ros/humble'), ('SHELL', '/bin/bash'), ('NO_AT_BRIDGE', '1'), ('GDMSESSION', 'xfce'), ('VSCODE_GIT_ASKPASS_EXTRA_ARGS', ''), ('QT_IM_MODULE', 'ibus'), ('XDG_VTNR', '7'), ('PWD', '/home/sunrise/Robot_Car/build/slam_gmapping'), ('XDG_CONFIG_DIRS', '/etc/xdg/xdg-xfce:/etc/xdg:/etc/xdg'), ('CLUTTER_IM_MODULE', 'ibus'), ('XDG_DATA_DIRS', '/usr/share/xfce4:/usr/local/share/:/usr/share/:/usr/share'), ('PYTHONPATH', '/opt/ros/humble/lib/python3.10/site-packages:/opt/ros/humble/local/lib/python3.10/dist-packages'), ('COLCON', '1'), ('CMAKE_PREFIX_PATH', '/home/sunrise/Robot_Car/install/openslam_gmapping:/opt/ros/humble')]), 'shell': False}
[9.223238] (-) TimerEvent: {}
[9.327160] (-) TimerEvent: {}
[9.428317] (-) TimerEvent: {}
[9.533894] (-) TimerEvent: {}
[9.635283] (-) TimerEvent: {}
[9.738093] (-) TimerEvent: {}
[9.841733] (-) TimerEvent: {}
[9.923099] (slam_gmapping) StdoutLine: {'line': b'[100%] Built target slam_gmapping\n'}
[9.942089] (-) TimerEvent: {}
[10.047153] (-) TimerEvent: {}
[10.054360] (slam_gmapping) CommandEnded: {'returncode': 0}
[10.081405] (slam_gmapping) JobProgress: {'identifier': 'slam_gmapping', 'progress': 'install'}
[10.081846] (slam_gmapping) Command: {'cmd': ['/usr/bin/cmake', '--install', '/home/sunrise/Robot_Car/build/slam_gmapping'], 'cwd': '/home/sunrise/Robot_Car/build/slam_gmapping', 'env': OrderedDict([('PYTHON_BASIC_REPL', '1'), ('LANGUAGE', 'zh_CN'), ('USER', 'sunrise'), ('XDG_SEAT', 'seat0'), ('SSH_AGENT_PID', '4087'), ('XDG_SESSION_TYPE', 'x11'), ('GIT_ASKPASS', '/usr/share/code/resources/app/extensions/git/dist/askpass.sh'), ('SHLVL', '1'), ('LD_LIBRARY_PATH', '/home/sunrise/Robot_Car/install/openslam_gmapping/lib:/opt/ros/humble/opt/rviz_ogre_vendor/lib:/opt/ros/humble/lib/aarch64-linux-gnu:/opt/ros/humble/lib'), ('HOME', '/home/sunrise'), ('CHROME_DESKTOP', 'code.desktop'), ('TERM_PROGRAM_VERSION', '1.124.2'), ('DESKTOP_SESSION', 'xfce'), ('PANEL_GDK_CORE_DEVICE_EVENTS', '0'), ('ROS_PYTHON_VERSION', '3'), ('XDG_SEAT_PATH', '/org/freedesktop/DisplayManager/Seat0'), ('VSCODE_GIT_ASKPASS_MAIN', '/usr/share/code/resources/app/extensions/git/dist/askpass-main.js'), ('VSCODE_GIT_ASKPASS_NODE', '/usr/share/code/code'), ('PYDEVD_DISABLE_FILE_VALIDATION', '1'), ('BUNDLED_DEBUGPY_PATH', '/home/sunrise/.vscode/extensions/ms-python.debugpy-2026.6.0-linux-arm64/bundled/libs/debugpy'), ('VSCODE_PYTHON_AUTOACTIVATE_GUARD', '1'), ('DBUS_SESSION_BUS_ADDRESS', 'unix:path=/run/user/1000/bus'), ('COLORTERM', 'truecolor'), ('ROS_DISTRO', 'humble'), ('GTK_IM_MODULE', 'ibus'), ('LOGNAME', 'sunrise'), ('_', '/usr/bin/colcon'), ('ROS_VERSION', '2'), ('XDG_SESSION_CLASS', 'user'), ('TERM', 'xterm-256color'), ('XDG_SESSION_ID', 'c2'), ('FC_FONTATIONS', '1'), ('ROS_LOCALHOST_ONLY', '0'), ('PATH', '/opt/ros/humble/bin:/usr/local/sbin:/usr/local/bin:/usr/sbin:/usr/bin:/sbin:/bin:/usr/games:/usr/local/games:/snap/bin:/home/sunrise/.vscode/extensions/ms-python.debugpy-2026.6.0-linux-arm64/bundled/scripts/noConfigScripts'), ('SESSION_MANAGER', 'local/ubuntu:@/tmp/.ICE-unix/3729,unix/ubuntu:/tmp/.ICE-unix/3729'), ('GDM_LANG', 'zh_CN'), ('XDG_SESSION_PATH', '/org/freedesktop/DisplayManager/Session0'), ('XDG_MENU_PREFIX', 'xfce-'), ('XDG_RUNTIME_DIR', '/run/user/1000'), ('GDK_BACKEND', 'x11'), ('DISPLAY', ':0.0'), ('VSCODE_DEBUGPY_ADAPTER_ENDPOINTS', '/home/sunrise/.vscode/extensions/ms-python.debugpy-2026.6.0-linux-arm64/.noConfigDebugAdapterEndpoints/endpoint-2930192ec8a14405.txt'), ('LANG', 'zh_CN.UTF-8'), ('XDG_CURRENT_DESKTOP', 'XFCE'), ('PYTHONSTARTUP', '/home/sunrise/.config/Code/User/workspaceStorage/529e9bd9e159003f43f748703cfb416d/ms-python.python/pythonrc.py'), ('XMODIFIERS', '@im=ibus'), ('XDG_SESSION_DESKTOP', 'xfce'), ('XAUTHORITY', '/home/sunrise/.Xauthority'), ('LS_COLORS', 'rs=0:di=01;34:ln=01;36:mh=00:pi=40;33:so=01;35:do=01;35:bd=40;33;01:cd=40;33;01:or=40;31;01:mi=00:su=37;41:sg=30;43:ca=30;41:tw=30;42:ow=34;42:st=37;44:ex=01;32:*.tar=01;31:*.tgz=01;31:*.arc=01;31:*.arj=01;31:*.taz=01;31:*.lha=01;31:*.lz4=01;31:*.lzh=01;31:*.lzma=01;31:*.tlz=01;31:*.txz=01;31:*.tzo=01;31:*.t7z=01;31:*.zip=01;31:*.z=01;31:*.dz=01;31:*.gz=01;31:*.lrz=01;31:*.lz=01;31:*.lzo=01;31:*.xz=01;31:*.zst=01;31:*.tzst=01;31:*.bz2=01;31:*.bz=01;31:*.tbz=01;31:*.tbz2=01;31:*.tz=01;31:*.deb=01;31:*.rpm=01;31:*.jar=01;31:*.war=01;31:*.ear=01;31:*.sar=01;31:*.rar=01;31:*.alz=01;31:*.ace=01;31:*.zoo=01;31:*.cpio=01;31:*.7z=01;31:*.rz=01;31:*.cab=01;31:*.wim=01;31:*.swm=01;31:*.dwm=01;31:*.esd=01;31:*.jpg=01;35:*.jpeg=01;35:*.mjpg=01;35:*.mjpeg=01;35:*.gif=01;35:*.bmp=01;35:*.pbm=01;35:*.pgm=01;35:*.ppm=01;35:*.tga=01;35:*.xbm=01;35:*.xpm=01;35:*.tif=01;35:*.tiff=01;35:*.png=01;35:*.svg=01;35:*.svgz=01;35:*.mng=01;35:*.pcx=01;35:*.mov=01;35:*.mpg=01;35:*.mpeg=01;35:*.m2v=01;35:*.mkv=01;35:*.webm=01;35:*.webp=01;35:*.ogm=01;35:*.mp4=01;35:*.m4v=01;35:*.mp4v=01;35:*.vob=01;35:*.qt=01;35:*.nuv=01;35:*.wmv=01;35:*.asf=01;35:*.rm=01;35:*.rmvb=01;35:*.flc=01;35:*.avi=01;35:*.fli=01;35:*.flv=01;35:*.gl=01;35:*.dl=01;35:*.xcf=01;35:*.xwd=01;35:*.yuv=01;35:*.cgm=01;35:*.emf=01;35:*.ogv=01;35:*.ogx=01;35:*.aac=00;36:*.au=00;36:*.flac=00;36:*.m4a=00;36:*.mid=00;36:*.midi=00;36:*.mka=00;36:*.mp3=00;36:*.mpc=00;36:*.ogg=00;36:*.ra=00;36:*.wav=00;36:*.oga=00;36:*.opus=00;36:*.spx=00;36:*.xspf=00;36:'), ('VSCODE_GIT_IPC_HANDLE', '/run/user/1000/vscode-git-1d55b7547a.sock'), ('TERM_PROGRAM', 'vscode'), ('SSH_AUTH_SOCK', '/tmp/ssh-XXXXXXRTXzri/agent.4082'), ('ROS_DOMAIN_ID', '0'), ('XDG_GREETER_DATA_DIR', '/var/lib/lightdm-data/sunrise'), ('AMENT_PREFIX_PATH', '/home/sunrise/Robot_Car/install/openslam_gmapping:/opt/ros/humble'), ('SHELL', '/bin/bash'), ('NO_AT_BRIDGE', '1'), ('GDMSESSION', 'xfce'), ('VSCODE_GIT_ASKPASS_EXTRA_ARGS', ''), ('QT_IM_MODULE', 'ibus'), ('XDG_VTNR', '7'), ('PWD', '/home/sunrise/Robot_Car/build/slam_gmapping'), ('XDG_CONFIG_DIRS', '/etc/xdg/xdg-xfce:/etc/xdg:/etc/xdg'), ('CLUTTER_IM_MODULE', 'ibus'), ('XDG_DATA_DIRS', '/usr/share/xfce4:/usr/local/share/:/usr/share/:/usr/share'), ('PYTHONPATH', '/opt/ros/humble/lib/python3.10/site-packages:/opt/ros/humble/local/lib/python3.10/dist-packages'), ('COLCON', '1'), ('CMAKE_PREFIX_PATH', '/home/sunrise/Robot_Car/install/openslam_gmapping:/opt/ros/humble')]), 'shell': False}
[10.151262] (-) TimerEvent: {}
[10.157993] (slam_gmapping) StdoutLine: {'line': b'-- Install configuration: "Release"\n'}
[10.165372] (slam_gmapping) StdoutLine: {'line': b'-- Execute custom install script\n'}
[10.171446] (slam_gmapping) StdoutLine: {'line': b'-- Up-to-date symlink: /home/sunrise/Robot_Car/install/slam_gmapping/lib/slam_gmapping/slam_gmapping\n'}
[10.172878] (slam_gmapping) StdoutLine: {'line': b'-- Up-to-date symlink: /home/sunrise/Robot_Car/install/slam_gmapping/share/slam_gmapping/launch/slam_gmapping.launch.py\n'}
[10.179360] (slam_gmapping) StdoutLine: {'line': b'-- Up-to-date symlink: /home/sunrise/Robot_Car/install/slam_gmapping/share/ament_index/resource_index/package_run_dependencies/slam_gmapping\n'}
[10.180472] (slam_gmapping) StdoutLine: {'line': b'-- Up-to-date symlink: /home/sunrise/Robot_Car/install/slam_gmapping/share/ament_index/resource_index/parent_prefix_path/slam_gmapping\n'}
[10.191426] (slam_gmapping) StdoutLine: {'line': b'-- Up-to-date symlink: /home/sunrise/Robot_Car/install/slam_gmapping/share/slam_gmapping/environment/ament_prefix_path.sh\n'}
[10.192564] (slam_gmapping) StdoutLine: {'line': b'-- Up-to-date symlink: /home/sunrise/Robot_Car/install/slam_gmapping/share/slam_gmapping/environment/ament_prefix_path.dsv\n'}
[10.193666] (slam_gmapping) StdoutLine: {'line': b'-- Up-to-date symlink: /home/sunrise/Robot_Car/install/slam_gmapping/share/slam_gmapping/environment/path.sh\n'}
[10.199339] (slam_gmapping) StdoutLine: {'line': b'-- Up-to-date symlink: /home/sunrise/Robot_Car/install/slam_gmapping/share/slam_gmapping/environment/path.dsv\n'}
[10.200560] (slam_gmapping) StdoutLine: {'line': b'-- Up-to-date symlink: /home/sunrise/Robot_Car/install/slam_gmapping/share/slam_gmapping/local_setup.bash\n'}
[10.201559] (slam_gmapping) StdoutLine: {'line': b'-- Up-to-date symlink: /home/sunrise/Robot_Car/install/slam_gmapping/share/slam_gmapping/local_setup.sh\n'}
[10.204875] (slam_gmapping) StdoutLine: {'line': b'-- Up-to-date symlink: /home/sunrise/Robot_Car/install/slam_gmapping/share/slam_gmapping/local_setup.zsh\n'}
[10.206388] (slam_gmapping) StdoutLine: {'line': b'-- Up-to-date symlink: /home/sunrise/Robot_Car/install/slam_gmapping/share/slam_gmapping/local_setup.dsv\n'}
[10.212059] (slam_gmapping) StdoutLine: {'line': b'-- Symlinking: /home/sunrise/Robot_Car/install/slam_gmapping/share/slam_gmapping/package.dsv\n'}
[10.251431] (-) TimerEvent: {}
[10.305448] (slam_gmapping) StdoutLine: {'line': b'-- Up-to-date symlink: /home/sunrise/Robot_Car/install/slam_gmapping/share/ament_index/resource_index/packages/slam_gmapping\n'}
[10.306391] (slam_gmapping) StdoutLine: {'line': b'-- Up-to-date symlink: /home/sunrise/Robot_Car/install/slam_gmapping/share/slam_gmapping/cmake/slam_gmappingConfig.cmake\n'}
[10.311797] (slam_gmapping) StdoutLine: {'line': b'-- Up-to-date symlink: /home/sunrise/Robot_Car/install/slam_gmapping/share/slam_gmapping/cmake/slam_gmappingConfig-version.cmake\n'}
[10.312770] (slam_gmapping) StdoutLine: {'line': b'-- Up-to-date symlink: /home/sunrise/Robot_Car/install/slam_gmapping/share/slam_gmapping/package.xml\n'}
[10.338747] (slam_gmapping) CommandEnded: {'returncode': 0}
[10.352310] (-) TimerEvent: {}
[10.460527] (-) TimerEvent: {}
[10.588729] (-) TimerEvent: {}
[10.597472] (slam_gmapping) JobEnded: {'identifier': 'slam_gmapping', 'rc': 0}
[10.691144] (-) TimerEvent: {}
[10.792289] (-) TimerEvent: {}
[10.893329] (-) TimerEvent: {}
[10.994433] (-) TimerEvent: {}
[11.095460] (-) TimerEvent: {}
[11.196676] (-) TimerEvent: {}
[11.298576] (-) TimerEvent: {}
[11.399956] (-) TimerEvent: {}
[11.501259] (-) TimerEvent: {}
[11.603968] (-) TimerEvent: {}
[11.711744] (-) TimerEvent: {}
[11.741746] (car_base_driver) Command: {'cmd': ['/usr/bin/python3', '-W', 'ignore:setup.py install is deprecated', '-W', 'ignore:easy_install command is deprecated', 'setup.py', 'egg_info', '--egg-base', '../../build/car_base_driver', 'build', '--build-base', '/home/sunrise/Robot_Car/build/car_base_driver/build', 'install', '--record', '/home/sunrise/Robot_Car/build/car_base_driver/install.log', '--single-version-externally-managed', 'install_data'], 'cwd': '/home/sunrise/Robot_Car/src/car_base_driver', 'env': {'PYTHON_BASIC_REPL': '1', 'LANGUAGE': 'zh_CN', 'USER': 'sunrise', 'XDG_SEAT': 'seat0', 'SSH_AGENT_PID': '4087', 'XDG_SESSION_TYPE': 'x11', 'GIT_ASKPASS': '/usr/share/code/resources/app/extensions/git/dist/askpass.sh', 'SHLVL': '1', 'LD_LIBRARY_PATH': '/opt/ros/humble/opt/rviz_ogre_vendor/lib:/opt/ros/humble/lib/aarch64-linux-gnu:/opt/ros/humble/lib', 'HOME': '/home/sunrise', 'CHROME_DESKTOP': 'code.desktop', 'TERM_PROGRAM_VERSION': '1.124.2', 'DESKTOP_SESSION': 'xfce', 'PANEL_GDK_CORE_DEVICE_EVENTS': '0', 'ROS_PYTHON_VERSION': '3', 'XDG_SEAT_PATH': '/org/freedesktop/DisplayManager/Seat0', 'VSCODE_GIT_ASKPASS_MAIN': '/usr/share/code/resources/app/extensions/git/dist/askpass-main.js', 'VSCODE_GIT_ASKPASS_NODE': '/usr/share/code/code', 'PYDEVD_DISABLE_FILE_VALIDATION': '1', 'BUNDLED_DEBUGPY_PATH': '/home/sunrise/.vscode/extensions/ms-python.debugpy-2026.6.0-linux-arm64/bundled/libs/debugpy', 'VSCODE_PYTHON_AUTOACTIVATE_GUARD': '1', 'DBUS_SESSION_BUS_ADDRESS': 'unix:path=/run/user/1000/bus', 'COLORTERM': 'truecolor', 'ROS_DISTRO': 'humble', 'GTK_IM_MODULE': 'ibus', 'LOGNAME': 'sunrise', '_': '/usr/bin/colcon', 'ROS_VERSION': '2', 'XDG_SESSION_CLASS': 'user', 'TERM': 'xterm-256color', 'XDG_SESSION_ID': 'c2', 'FC_FONTATIONS': '1', 'ROS_LOCALHOST_ONLY': '0', 'PATH': '/opt/ros/humble/bin:/usr/local/sbin:/usr/local/bin:/usr/sbin:/usr/bin:/sbin:/bin:/usr/games:/usr/local/games:/snap/bin:/home/sunrise/.vscode/extensions/ms-python.debugpy-2026.6.0-linux-arm64/bundled/scripts/noConfigScripts', 'SESSION_MANAGER': 'local/ubuntu:@/tmp/.ICE-unix/3729,unix/ubuntu:/tmp/.ICE-unix/3729', 'GDM_LANG': 'zh_CN', 'XDG_SESSION_PATH': '/org/freedesktop/DisplayManager/Session0', 'XDG_MENU_PREFIX': 'xfce-', 'XDG_RUNTIME_DIR': '/run/user/1000', 'GDK_BACKEND': 'x11', 'DISPLAY': ':0.0', 'VSCODE_DEBUGPY_ADAPTER_ENDPOINTS': '/home/sunrise/.vscode/extensions/ms-python.debugpy-2026.6.0-linux-arm64/.noConfigDebugAdapterEndpoints/endpoint-2930192ec8a14405.txt', 'LANG': 'zh_CN.UTF-8', 'XDG_CURRENT_DESKTOP': 'XFCE', 'PYTHONSTARTUP': '/home/sunrise/.config/Code/User/workspaceStorage/529e9bd9e159003f43f748703cfb416d/ms-python.python/pythonrc.py', 'XMODIFIERS': '@im=ibus', 'XDG_SESSION_DESKTOP': 'xfce', 'XAUTHORITY': '/home/sunrise/.Xauthority', 'LS_COLORS': 'rs=0:di=01;34:ln=01;36:mh=00:pi=40;33:so=01;35:do=01;35:bd=40;33;01:cd=40;33;01:or=40;31;01:mi=00:su=37;41:sg=30;43:ca=30;41:tw=30;42:ow=34;42:st=37;44:ex=01;32:*.tar=01;31:*.tgz=01;31:*.arc=01;31:*.arj=01;31:*.taz=01;31:*.lha=01;31:*.lz4=01;31:*.lzh=01;31:*.lzma=01;31:*.tlz=01;31:*.txz=01;31:*.tzo=01;31:*.t7z=01;31:*.zip=01;31:*.z=01;31:*.dz=01;31:*.gz=01;31:*.lrz=01;31:*.lz=01;31:*.lzo=01;31:*.xz=01;31:*.zst=01;31:*.tzst=01;31:*.bz2=01;31:*.bz=01;31:*.tbz=01;31:*.tbz2=01;31:*.tz=01;31:*.deb=01;31:*.rpm=01;31:*.jar=01;31:*.war=01;31:*.ear=01;31:*.sar=01;31:*.rar=01;31:*.alz=01;31:*.ace=01;31:*.zoo=01;31:*.cpio=01;31:*.7z=01;31:*.rz=01;31:*.cab=01;31:*.wim=01;31:*.swm=01;31:*.dwm=01;31:*.esd=01;31:*.jpg=01;35:*.jpeg=01;35:*.mjpg=01;35:*.mjpeg=01;35:*.gif=01;35:*.bmp=01;35:*.pbm=01;35:*.pgm=01;35:*.ppm=01;35:*.tga=01;35:*.xbm=01;35:*.xpm=01;35:*.tif=01;35:*.tiff=01;35:*.png=01;35:*.svg=01;35:*.svgz=01;35:*.mng=01;35:*.pcx=01;35:*.mov=01;35:*.mpg=01;35:*.mpeg=01;35:*.m2v=01;35:*.mkv=01;35:*.webm=01;35:*.webp=01;35:*.ogm=01;35:*.mp4=01;35:*.m4v=01;35:*.mp4v=01;35:*.vob=01;35:*.qt=01;35:*.nuv=01;35:*.wmv=01;35:*.asf=01;35:*.rm=01;35:*.rmvb=01;35:*.flc=01;35:*.avi=01;35:*.fli=01;35:*.flv=01;35:*.gl=01;35:*.dl=01;35:*.xcf=01;35:*.xwd=01;35:*.yuv=01;35:*.cgm=01;35:*.emf=01;35:*.ogv=01;35:*.ogx=01;35:*.aac=00;36:*.au=00;36:*.flac=00;36:*.m4a=00;36:*.mid=00;36:*.midi=00;36:*.mka=00;36:*.mp3=00;36:*.mpc=00;36:*.ogg=00;36:*.ra=00;36:*.wav=00;36:*.oga=00;36:*.opus=00;36:*.spx=00;36:*.xspf=00;36:', 'VSCODE_GIT_IPC_HANDLE': '/run/user/1000/vscode-git-1d55b7547a.sock', 'TERM_PROGRAM': 'vscode', 'SSH_AUTH_SOCK': '/tmp/ssh-XXXXXXRTXzri/agent.4082', 'ROS_DOMAIN_ID': '0', 'XDG_GREETER_DATA_DIR': '/var/lib/lightdm-data/sunrise', 'AMENT_PREFIX_PATH': '/opt/ros/humble', 'SHELL': '/bin/bash', 'NO_AT_BRIDGE': '1', 'GDMSESSION': 'xfce', 'VSCODE_GIT_ASKPASS_EXTRA_ARGS': '', 'QT_IM_MODULE': 'ibus', 'XDG_VTNR': '7', 'PWD': '/home/sunrise/Robot_Car/build/car_base_driver', 'XDG_CONFIG_DIRS': '/etc/xdg/xdg-xfce:/etc/xdg:/etc/xdg', 'CLUTTER_IM_MODULE': 'ibus', 'XDG_DATA_DIRS': '/usr/share/xfce4:/usr/local/share/:/usr/share/:/usr/share', 'PYTHONPATH': '/home/sunrise/Robot_Car/build/car_base_driver/prefix_override:/usr/lib/python3/dist-packages/colcon_core/task/python/colcon_distutils_commands:/home/sunrise/Robot_Car/install/car_base_driver/lib/python3.10/site-packages:/opt/ros/humble/lib/python3.10/site-packages:/opt/ros/humble/local/lib/python3.10/dist-packages', 'COLCON': '1'}, 'shell': False}
[11.813927] (-) TimerEvent: {}
[11.926727] (-) TimerEvent: {}
[12.030021] (-) TimerEvent: {}
[12.131109] (-) TimerEvent: {}
[12.234705] (-) TimerEvent: {}
[12.336090] (-) TimerEvent: {}
[12.439297] (-) TimerEvent: {}
[12.541953] (-) TimerEvent: {}
[12.643114] (-) TimerEvent: {}
[12.747244] (-) TimerEvent: {}
[12.848454] (-) TimerEvent: {}
[12.949571] (-) TimerEvent: {}
[13.051103] (-) TimerEvent: {}
[13.152201] (-) TimerEvent: {}
[13.255128] (-) TimerEvent: {}
[13.356098] (-) TimerEvent: {}
[13.457105] (-) TimerEvent: {}
[13.558463] (-) TimerEvent: {}
[13.660715] (-) TimerEvent: {}
[13.762634] (-) TimerEvent: {}
[13.831202] (car_base_driver) StderrLine: {'line': b"/usr/local/lib/python3.10/dist-packages/setuptools/_distutils/dist.py:289: UserWarning: Unknown distribution option: 'tests_require'\n"}
[13.834099] (car_base_driver) StderrLine: {'line': b'  warnings.warn(msg)\n'}
[13.862874] (-) TimerEvent: {}
[13.967622] (-) TimerEvent: {}
[14.070683] (-) TimerEvent: {}
[14.173650] (-) TimerEvent: {}
[14.276750] (-) TimerEvent: {}
[14.382092] (-) TimerEvent: {}
[14.485171] (-) TimerEvent: {}
[14.588262] (-) TimerEvent: {}
[14.692078] (-) TimerEvent: {}
[14.795409] (-) TimerEvent: {}
[14.897153] (-) TimerEvent: {}
[15.000986] (-) TimerEvent: {}
[15.104468] (-) TimerEvent: {}
[15.207171] (-) TimerEvent: {}
[15.311202] (-) TimerEvent: {}
[15.355455] (car_control_tools) Command: {'cmd': ['/usr/bin/python3', '-W', 'ignore:setup.py install is deprecated', '-W', 'ignore:easy_install command is deprecated', 'setup.py', 'egg_info', '--egg-base', '../../build/car_control_tools', 'build', '--build-base', '/home/sunrise/Robot_Car/build/car_control_tools/build', 'install', '--record', '/home/sunrise/Robot_Car/build/car_control_tools/install.log', '--single-version-externally-managed', 'install_data'], 'cwd': '/home/sunrise/Robot_Car/src/car_control_tools', 'env': {'PYTHON_BASIC_REPL': '1', 'LANGUAGE': 'zh_CN', 'USER': 'sunrise', 'XDG_SEAT': 'seat0', 'SSH_AGENT_PID': '4087', 'XDG_SESSION_TYPE': 'x11', 'GIT_ASKPASS': '/usr/share/code/resources/app/extensions/git/dist/askpass.sh', 'SHLVL': '1', 'LD_LIBRARY_PATH': '/opt/ros/humble/opt/rviz_ogre_vendor/lib:/opt/ros/humble/lib/aarch64-linux-gnu:/opt/ros/humble/lib', 'HOME': '/home/sunrise', 'CHROME_DESKTOP': 'code.desktop', 'TERM_PROGRAM_VERSION': '1.124.2', 'DESKTOP_SESSION': 'xfce', 'PANEL_GDK_CORE_DEVICE_EVENTS': '0', 'ROS_PYTHON_VERSION': '3', 'XDG_SEAT_PATH': '/org/freedesktop/DisplayManager/Seat0', 'VSCODE_GIT_ASKPASS_MAIN': '/usr/share/code/resources/app/extensions/git/dist/askpass-main.js', 'VSCODE_GIT_ASKPASS_NODE': '/usr/share/code/code', 'PYDEVD_DISABLE_FILE_VALIDATION': '1', 'BUNDLED_DEBUGPY_PATH': '/home/sunrise/.vscode/extensions/ms-python.debugpy-2026.6.0-linux-arm64/bundled/libs/debugpy', 'VSCODE_PYTHON_AUTOACTIVATE_GUARD': '1', 'DBUS_SESSION_BUS_ADDRESS': 'unix:path=/run/user/1000/bus', 'COLORTERM': 'truecolor', 'ROS_DISTRO': 'humble', 'GTK_IM_MODULE': 'ibus', 'LOGNAME': 'sunrise', '_': '/usr/bin/colcon', 'ROS_VERSION': '2', 'XDG_SESSION_CLASS': 'user', 'TERM': 'xterm-256color', 'XDG_SESSION_ID': 'c2', 'FC_FONTATIONS': '1', 'ROS_LOCALHOST_ONLY': '0', 'PATH': '/opt/ros/humble/bin:/usr/local/sbin:/usr/local/bin:/usr/sbin:/usr/bin:/sbin:/bin:/usr/games:/usr/local/games:/snap/bin:/home/sunrise/.vscode/extensions/ms-python.debugpy-2026.6.0-linux-arm64/bundled/scripts/noConfigScripts', 'SESSION_MANAGER': 'local/ubuntu:@/tmp/.ICE-unix/3729,unix/ubuntu:/tmp/.ICE-unix/3729', 'GDM_LANG': 'zh_CN', 'XDG_SESSION_PATH': '/org/freedesktop/DisplayManager/Session0', 'XDG_MENU_PREFIX': 'xfce-', 'XDG_RUNTIME_DIR': '/run/user/1000', 'GDK_BACKEND': 'x11', 'DISPLAY': ':0.0', 'VSCODE_DEBUGPY_ADAPTER_ENDPOINTS': '/home/sunrise/.vscode/extensions/ms-python.debugpy-2026.6.0-linux-arm64/.noConfigDebugAdapterEndpoints/endpoint-2930192ec8a14405.txt', 'LANG': 'zh_CN.UTF-8', 'XDG_CURRENT_DESKTOP': 'XFCE', 'PYTHONSTARTUP': '/home/sunrise/.config/Code/User/workspaceStorage/529e9bd9e159003f43f748703cfb416d/ms-python.python/pythonrc.py', 'XMODIFIERS': '@im=ibus', 'XDG_SESSION_DESKTOP': 'xfce', 'XAUTHORITY': '/home/sunrise/.Xauthority', 'LS_COLORS': 'rs=0:di=01;34:ln=01;36:mh=00:pi=40;33:so=01;35:do=01;35:bd=40;33;01:cd=40;33;01:or=40;31;01:mi=00:su=37;41:sg=30;43:ca=30;41:tw=30;42:ow=34;42:st=37;44:ex=01;32:*.tar=01;31:*.tgz=01;31:*.arc=01;31:*.arj=01;31:*.taz=01;31:*.lha=01;31:*.lz4=01;31:*.lzh=01;31:*.lzma=01;31:*.tlz=01;31:*.txz=01;31:*.tzo=01;31:*.t7z=01;31:*.zip=01;31:*.z=01;31:*.dz=01;31:*.gz=01;31:*.lrz=01;31:*.lz=01;31:*.lzo=01;31:*.xz=01;31:*.zst=01;31:*.tzst=01;31:*.bz2=01;31:*.bz=01;31:*.tbz=01;31:*.tbz2=01;31:*.tz=01;31:*.deb=01;31:*.rpm=01;31:*.jar=01;31:*.war=01;31:*.ear=01;31:*.sar=01;31:*.rar=01;31:*.alz=01;31:*.ace=01;31:*.zoo=01;31:*.cpio=01;31:*.7z=01;31:*.rz=01;31:*.cab=01;31:*.wim=01;31:*.swm=01;31:*.dwm=01;31:*.esd=01;31:*.jpg=01;35:*.jpeg=01;35:*.mjpg=01;35:*.mjpeg=01;35:*.gif=01;35:*.bmp=01;35:*.pbm=01;35:*.pgm=01;35:*.ppm=01;35:*.tga=01;35:*.xbm=01;35:*.xpm=01;35:*.tif=01;35:*.tiff=01;35:*.png=01;35:*.svg=01;35:*.svgz=01;35:*.mng=01;35:*.pcx=01;35:*.mov=01;35:*.mpg=01;35:*.mpeg=01;35:*.m2v=01;35:*.mkv=01;35:*.webm=01;35:*.webp=01;35:*.ogm=01;35:*.mp4=01;35:*.m4v=01;35:*.mp4v=01;35:*.vob=01;35:*.qt=01;35:*.nuv=01;35:*.wmv=01;35:*.asf=01;35:*.rm=01;35:*.rmvb=01;35:*.flc=01;35:*.avi=01;35:*.fli=01;35:*.flv=01;35:*.gl=01;35:*.dl=01;35:*.xcf=01;35:*.xwd=01;35:*.yuv=01;35:*.cgm=01;35:*.emf=01;35:*.ogv=01;35:*.ogx=01;35:*.aac=00;36:*.au=00;36:*.flac=00;36:*.m4a=00;36:*.mid=00;36:*.midi=00;36:*.mka=00;36:*.mp3=00;36:*.mpc=00;36:*.ogg=00;36:*.ra=00;36:*.wav=00;36:*.oga=00;36:*.opus=00;36:*.spx=00;36:*.xspf=00;36:', 'VSCODE_GIT_IPC_HANDLE': '/run/user/1000/vscode-git-1d55b7547a.sock', 'TERM_PROGRAM': 'vscode', 'SSH_AUTH_SOCK': '/tmp/ssh-XXXXXXRTXzri/agent.4082', 'ROS_DOMAIN_ID': '0', 'XDG_GREETER_DATA_DIR': '/var/lib/lightdm-data/sunrise', 'AMENT_PREFIX_PATH': '/opt/ros/humble', 'SHELL': '/bin/bash', 'NO_AT_BRIDGE': '1', 'GDMSESSION': 'xfce', 'VSCODE_GIT_ASKPASS_EXTRA_ARGS': '', 'QT_IM_MODULE': 'ibus', 'XDG_VTNR': '7', 'PWD': '/home/sunrise/Robot_Car/build/car_control_tools', 'XDG_CONFIG_DIRS': '/etc/xdg/xdg-xfce:/etc/xdg:/etc/xdg', 'CLUTTER_IM_MODULE': 'ibus', 'XDG_DATA_DIRS': '/usr/share/xfce4:/usr/local/share/:/usr/share/:/usr/share', 'PYTHONPATH': '/home/sunrise/Robot_Car/build/car_control_tools/prefix_override:/usr/lib/python3/dist-packages/colcon_core/task/python/colcon_distutils_commands:/home/sunrise/Robot_Car/install/car_control_tools/lib/python3.10/site-packages:/opt/ros/humble/lib/python3.10/site-packages:/opt/ros/humble/local/lib/python3.10/dist-packages', 'COLCON': '1'}, 'shell': False}
[15.411410] (-) TimerEvent: {}
[15.512889] (-) TimerEvent: {}
[15.517428] (car_base_driver) StdoutLine: {'line': b'running egg_info\n'}
[15.613153] (-) TimerEvent: {}
[15.714376] (-) TimerEvent: {}
[15.807591] (car_base_driver) StdoutLine: {'line': b'writing ../../build/car_base_driver/car_base_driver.egg-info/PKG-INFO\n'}
[15.814635] (-) TimerEvent: {}
[15.816437] (car_base_driver) StdoutLine: {'line': b'writing dependency_links to ../../build/car_base_driver/car_base_driver.egg-info/dependency_links.txt\n'}
[15.821554] (car_base_driver) StdoutLine: {'line': b'writing entry points to ../../build/car_base_driver/car_base_driver.egg-info/entry_points.txt\n'}
[15.826506] (car_base_driver) StdoutLine: {'line': b'writing requirements to ../../build/car_base_driver/car_base_driver.egg-info/requires.txt\n'}
[15.831363] (car_base_driver) StdoutLine: {'line': b'writing top-level names to ../../build/car_base_driver/car_base_driver.egg-info/top_level.txt\n'}
[15.914938] (-) TimerEvent: {}
[16.016398] (-) TimerEvent: {}
[16.117851] (-) TimerEvent: {}
[16.221290] (-) TimerEvent: {}
[16.325580] (-) TimerEvent: {}
[16.428843] (-) TimerEvent: {}
[16.445740] (car_base_driver) StdoutLine: {'line': b"reading manifest file '../../build/car_base_driver/car_base_driver.egg-info/SOURCES.txt'\n"}
[16.503020] (car_base_driver) StdoutLine: {'line': b"writing manifest file '../../build/car_base_driver/car_base_driver.egg-info/SOURCES.txt'\n"}
[16.505397] (car_base_driver) StdoutLine: {'line': b'running build\n'}
[16.506587] (car_base_driver) StdoutLine: {'line': b'running build_py\n'}
[16.509906] (car_base_driver) StdoutLine: {'line': b'copying car_base_driver/__init__.py -> /home/sunrise/Robot_Car/build/car_base_driver/build/lib/car_base_driver\n'}
[16.512921] (car_base_driver) StdoutLine: {'line': b'copying car_base_driver/kinematics.py -> /home/sunrise/Robot_Car/build/car_base_driver/build/lib/car_base_driver\n'}
[16.518454] (car_base_driver) StdoutLine: {'line': b'copying car_base_driver/serial_driver.py -> /home/sunrise/Robot_Car/build/car_base_driver/build/lib/car_base_driver\n'}
[16.528484] (car_base_driver) StdoutLine: {'line': b'running install\n'}
[16.529564] (-) TimerEvent: {}
[16.598795] (car_base_driver) StdoutLine: {'line': b'running install_lib\n'}
[16.629813] (-) TimerEvent: {}
[16.733547] (-) TimerEvent: {}
[16.836923] (-) TimerEvent: {}
[16.883869] (car_base_driver) StdoutLine: {'line': b'running install_data\n'}
[16.888211] (car_base_driver) StdoutLine: {'line': b'copying resource/car_base_driver -> /home/sunrise/Robot_Car/install/car_base_driver/share/ament_index/resource_index/packages\n'}
[16.892190] (car_base_driver) StdoutLine: {'line': b'copying package.xml -> /home/sunrise/Robot_Car/install/car_base_driver/share/car_base_driver\n'}
[16.896527] (car_base_driver) StdoutLine: {'line': b'copying launch/base_driver.launch.py -> /home/sunrise/Robot_Car/install/car_base_driver/share/car_base_driver/launch\n'}
[16.905271] (car_base_driver) StdoutLine: {'line': b'copying config/base_driver.yaml -> /home/sunrise/Robot_Car/install/car_base_driver/share/car_base_driver/config\n'}
[16.911377] (car_base_driver) StdoutLine: {'line': b'running install_egg_info\n'}
[16.937195] (-) TimerEvent: {}
[17.038410] (-) TimerEvent: {}
[17.129246] (car_control_tools) StderrLine: {'line': b"/usr/local/lib/python3.10/dist-packages/setuptools/_distutils/dist.py:289: UserWarning: Unknown distribution option: 'tests_require'\n"}
[17.133298] (car_control_tools) StderrLine: {'line': b'  warnings.warn(msg)\n'}
[17.138701] (-) TimerEvent: {}
[17.194427] (car_base_driver) StdoutLine: {'line': b"removing '/home/sunrise/Robot_Car/install/car_base_driver/lib/python3.10/site-packages/car_base_driver-0.0.1-py3.10.egg-info' (and everything under it)\n"}
[17.207164] (car_base_driver) StdoutLine: {'line': b'Copying ../../build/car_base_driver/car_base_driver.egg-info to /home/sunrise/Robot_Car/install/car_base_driver/lib/python3.10/site-packages/car_base_driver-0.0.1-py3.10.egg-info\n'}
[17.224962] (car_base_driver) StdoutLine: {'line': b'running install_scripts\n'}
[17.239009] (-) TimerEvent: {}
[17.340187] (-) TimerEvent: {}
[17.442089] (-) TimerEvent: {}
[17.547455] (-) TimerEvent: {}
[17.648525] (-) TimerEvent: {}
[17.743416] (car_base_driver) StdoutLine: {'line': b'Installing serial_driver script to /home/sunrise/Robot_Car/install/car_base_driver/lib/car_base_driver\n'}
[17.748750] (-) TimerEvent: {}
[17.749976] (car_base_driver) StdoutLine: {'line': b"writing list of installed files to '/home/sunrise/Robot_Car/build/car_base_driver/install.log'\n"}
[17.848972] (-) TimerEvent: {}
[17.950405] (-) TimerEvent: {}
[18.051677] (-) TimerEvent: {}
[18.096519] (car_base_driver) CommandEnded: {'returncode': 0}
[18.152470] (-) TimerEvent: {}
[18.183301] (car_base_driver) JobEnded: {'identifier': 'car_base_driver', 'rc': 0}
[18.190094] (car_navigation) JobStarted: {'identifier': 'car_navigation'}
[18.254774] (-) TimerEvent: {}
[18.282636] (car_navigation) JobProgress: {'identifier': 'car_navigation', 'progress': 'cmake'}
[18.299596] (car_navigation) JobProgress: {'identifier': 'car_navigation', 'progress': 'build'}
[18.306583] (car_navigation) Command: {'cmd': ['/usr/bin/cmake', '--build', '/home/sunrise/Robot_Car/build/car_navigation', '--', '-j4', '-l4'], 'cwd': '/home/sunrise/Robot_Car/build/car_navigation', 'env': OrderedDict([('PYTHON_BASIC_REPL', '1'), ('LANGUAGE', 'zh_CN'), ('USER', 'sunrise'), ('XDG_SEAT', 'seat0'), ('SSH_AGENT_PID', '4087'), ('XDG_SESSION_TYPE', 'x11'), ('GIT_ASKPASS', '/usr/share/code/resources/app/extensions/git/dist/askpass.sh'), ('SHLVL', '1'), ('LD_LIBRARY_PATH', '/opt/ros/humble/opt/rviz_ogre_vendor/lib:/opt/ros/humble/lib/aarch64-linux-gnu:/opt/ros/humble/lib'), ('HOME', '/home/sunrise'), ('CHROME_DESKTOP', 'code.desktop'), ('TERM_PROGRAM_VERSION', '1.124.2'), ('DESKTOP_SESSION', 'xfce'), ('PANEL_GDK_CORE_DEVICE_EVENTS', '0'), ('ROS_PYTHON_VERSION', '3'), ('XDG_SEAT_PATH', '/org/freedesktop/DisplayManager/Seat0'), ('VSCODE_GIT_ASKPASS_MAIN', '/usr/share/code/resources/app/extensions/git/dist/askpass-main.js'), ('VSCODE_GIT_ASKPASS_NODE', '/usr/share/code/code'), ('PYDEVD_DISABLE_FILE_VALIDATION', '1'), ('BUNDLED_DEBUGPY_PATH', '/home/sunrise/.vscode/extensions/ms-python.debugpy-2026.6.0-linux-arm64/bundled/libs/debugpy'), ('VSCODE_PYTHON_AUTOACTIVATE_GUARD', '1'), ('DBUS_SESSION_BUS_ADDRESS', 'unix:path=/run/user/1000/bus'), ('COLORTERM', 'truecolor'), ('ROS_DISTRO', 'humble'), ('GTK_IM_MODULE', 'ibus'), ('LOGNAME', 'sunrise'), ('_', '/usr/bin/colcon'), ('ROS_VERSION', '2'), ('XDG_SESSION_CLASS', 'user'), ('TERM', 'xterm-256color'), ('XDG_SESSION_ID', 'c2'), ('FC_FONTATIONS', '1'), ('ROS_LOCALHOST_ONLY', '0'), ('PATH', '/opt/ros/humble/bin:/usr/local/sbin:/usr/local/bin:/usr/sbin:/usr/bin:/sbin:/bin:/usr/games:/usr/local/games:/snap/bin:/home/sunrise/.vscode/extensions/ms-python.debugpy-2026.6.0-linux-arm64/bundled/scripts/noConfigScripts'), ('SESSION_MANAGER', 'local/ubuntu:@/tmp/.ICE-unix/3729,unix/ubuntu:/tmp/.ICE-unix/3729'), ('GDM_LANG', 'zh_CN'), ('XDG_SESSION_PATH', '/org/freedesktop/DisplayManager/Session0'), ('XDG_MENU_PREFIX', 'xfce-'), ('XDG_RUNTIME_DIR', '/run/user/1000'), ('GDK_BACKEND', 'x11'), ('DISPLAY', ':0.0'), ('VSCODE_DEBUGPY_ADAPTER_ENDPOINTS', '/home/sunrise/.vscode/extensions/ms-python.debugpy-2026.6.0-linux-arm64/.noConfigDebugAdapterEndpoints/endpoint-2930192ec8a14405.txt'), ('LANG', 'zh_CN.UTF-8'), ('XDG_CURRENT_DESKTOP', 'XFCE'), ('PYTHONSTARTUP', '/home/sunrise/.config/Code/User/workspaceStorage/529e9bd9e159003f43f748703cfb416d/ms-python.python/pythonrc.py'), ('XMODIFIERS', '@im=ibus'), ('XDG_SESSION_DESKTOP', 'xfce'), ('XAUTHORITY', '/home/sunrise/.Xauthority'), ('LS_COLORS', 'rs=0:di=01;34:ln=01;36:mh=00:pi=40;33:so=01;35:do=01;35:bd=40;33;01:cd=40;33;01:or=40;31;01:mi=00:su=37;41:sg=30;43:ca=30;41:tw=30;42:ow=34;42:st=37;44:ex=01;32:*.tar=01;31:*.tgz=01;31:*.arc=01;31:*.arj=01;31:*.taz=01;31:*.lha=01;31:*.lz4=01;31:*.lzh=01;31:*.lzma=01;31:*.tlz=01;31:*.txz=01;31:*.tzo=01;31:*.t7z=01;31:*.zip=01;31:*.z=01;31:*.dz=01;31:*.gz=01;31:*.lrz=01;31:*.lz=01;31:*.lzo=01;31:*.xz=01;31:*.zst=01;31:*.tzst=01;31:*.bz2=01;31:*.bz=01;31:*.tbz=01;31:*.tbz2=01;31:*.tz=01;31:*.deb=01;31:*.rpm=01;31:*.jar=01;31:*.war=01;31:*.ear=01;31:*.sar=01;31:*.rar=01;31:*.alz=01;31:*.ace=01;31:*.zoo=01;31:*.cpio=01;31:*.7z=01;31:*.rz=01;31:*.cab=01;31:*.wim=01;31:*.swm=01;31:*.dwm=01;31:*.esd=01;31:*.jpg=01;35:*.jpeg=01;35:*.mjpg=01;35:*.mjpeg=01;35:*.gif=01;35:*.bmp=01;35:*.pbm=01;35:*.pgm=01;35:*.ppm=01;35:*.tga=01;35:*.xbm=01;35:*.xpm=01;35:*.tif=01;35:*.tiff=01;35:*.png=01;35:*.svg=01;35:*.svgz=01;35:*.mng=01;35:*.pcx=01;35:*.mov=01;35:*.mpg=01;35:*.mpeg=01;35:*.m2v=01;35:*.mkv=01;35:*.webm=01;35:*.webp=01;35:*.ogm=01;35:*.mp4=01;35:*.m4v=01;35:*.mp4v=01;35:*.vob=01;35:*.qt=01;35:*.nuv=01;35:*.wmv=01;35:*.asf=01;35:*.rm=01;35:*.rmvb=01;35:*.flc=01;35:*.avi=01;35:*.fli=01;35:*.flv=01;35:*.gl=01;35:*.dl=01;35:*.xcf=01;35:*.xwd=01;35:*.yuv=01;35:*.cgm=01;35:*.emf=01;35:*.ogv=01;35:*.ogx=01;35:*.aac=00;36:*.au=00;36:*.flac=00;36:*.m4a=00;36:*.mid=00;36:*.midi=00;36:*.mka=00;36:*.mp3=00;36:*.mpc=00;36:*.ogg=00;36:*.ra=00;36:*.wav=00;36:*.oga=00;36:*.opus=00;36:*.spx=00;36:*.xspf=00;36:'), ('VSCODE_GIT_IPC_HANDLE', '/run/user/1000/vscode-git-1d55b7547a.sock'), ('TERM_PROGRAM', 'vscode'), ('SSH_AUTH_SOCK', '/tmp/ssh-XXXXXXRTXzri/agent.4082'), ('ROS_DOMAIN_ID', '0'), ('XDG_GREETER_DATA_DIR', '/var/lib/lightdm-data/sunrise'), ('AMENT_PREFIX_PATH', '/home/sunrise/Robot_Car/install/ydlidar_ros2_driver:/home/sunrise/Robot_Car/install/car_model_urdf:/home/sunrise/Robot_Car/install/car_base_driver:/opt/ros/humble'), ('SHELL', '/bin/bash'), ('NO_AT_BRIDGE', '1'), ('GDMSESSION', 'xfce'), ('VSCODE_GIT_ASKPASS_EXTRA_ARGS', ''), ('QT_IM_MODULE', 'ibus'), ('XDG_VTNR', '7'), ('PWD', '/home/sunrise/Robot_Car/build/car_navigation'), ('XDG_CONFIG_DIRS', '/etc/xdg/xdg-xfce:/etc/xdg:/etc/xdg'), ('CLUTTER_IM_MODULE', 'ibus'), ('XDG_DATA_DIRS', '/usr/share/xfce4:/usr/local/share/:/usr/share/:/usr/share'), ('PYTHONPATH', '/home/sunrise/Robot_Car/install/car_base_driver/lib/python3.10/site-packages:/opt/ros/humble/lib/python3.10/site-packages:/opt/ros/humble/local/lib/python3.10/dist-packages'), ('COLCON', '1'), ('CMAKE_PREFIX_PATH', '/home/sunrise/Robot_Car/install/ydlidar_ros2_driver:/home/sunrise/Robot_Car/install/car_model_urdf:/opt/ros/humble')]), 'shell': False}
[18.355192] (-) TimerEvent: {}
[18.457493] (-) TimerEvent: {}
[18.558835] (-) TimerEvent: {}
[18.644522] (car_navigation) CommandEnded: {'returncode': 0}
[18.660936] (car_navigation) JobProgress: {'identifier': 'car_navigation', 'progress': 'install'}
[18.661311] (-) TimerEvent: {}
[18.662294] (car_navigation) Command: {'cmd': ['/usr/bin/cmake', '--install', '/home/sunrise/Robot_Car/build/car_navigation'], 'cwd': '/home/sunrise/Robot_Car/build/car_navigation', 'env': OrderedDict([('PYTHON_BASIC_REPL', '1'), ('LANGUAGE', 'zh_CN'), ('USER', 'sunrise'), ('XDG_SEAT', 'seat0'), ('SSH_AGENT_PID', '4087'), ('XDG_SESSION_TYPE', 'x11'), ('GIT_ASKPASS', '/usr/share/code/resources/app/extensions/git/dist/askpass.sh'), ('SHLVL', '1'), ('LD_LIBRARY_PATH', '/opt/ros/humble/opt/rviz_ogre_vendor/lib:/opt/ros/humble/lib/aarch64-linux-gnu:/opt/ros/humble/lib'), ('HOME', '/home/sunrise'), ('CHROME_DESKTOP', 'code.desktop'), ('TERM_PROGRAM_VERSION', '1.124.2'), ('DESKTOP_SESSION', 'xfce'), ('PANEL_GDK_CORE_DEVICE_EVENTS', '0'), ('ROS_PYTHON_VERSION', '3'), ('XDG_SEAT_PATH', '/org/freedesktop/DisplayManager/Seat0'), ('VSCODE_GIT_ASKPASS_MAIN', '/usr/share/code/resources/app/extensions/git/dist/askpass-main.js'), ('VSCODE_GIT_ASKPASS_NODE', '/usr/share/code/code'), ('PYDEVD_DISABLE_FILE_VALIDATION', '1'), ('BUNDLED_DEBUGPY_PATH', '/home/sunrise/.vscode/extensions/ms-python.debugpy-2026.6.0-linux-arm64/bundled/libs/debugpy'), ('VSCODE_PYTHON_AUTOACTIVATE_GUARD', '1'), ('DBUS_SESSION_BUS_ADDRESS', 'unix:path=/run/user/1000/bus'), ('COLORTERM', 'truecolor'), ('ROS_DISTRO', 'humble'), ('GTK_IM_MODULE', 'ibus'), ('LOGNAME', 'sunrise'), ('_', '/usr/bin/colcon'), ('ROS_VERSION', '2'), ('XDG_SESSION_CLASS', 'user'), ('TERM', 'xterm-256color'), ('XDG_SESSION_ID', 'c2'), ('FC_FONTATIONS', '1'), ('ROS_LOCALHOST_ONLY', '0'), ('PATH', '/opt/ros/humble/bin:/usr/local/sbin:/usr/local/bin:/usr/sbin:/usr/bin:/sbin:/bin:/usr/games:/usr/local/games:/snap/bin:/home/sunrise/.vscode/extensions/ms-python.debugpy-2026.6.0-linux-arm64/bundled/scripts/noConfigScripts'), ('SESSION_MANAGER', 'local/ubuntu:@/tmp/.ICE-unix/3729,unix/ubuntu:/tmp/.ICE-unix/3729'), ('GDM_LANG', 'zh_CN'), ('XDG_SESSION_PATH', '/org/freedesktop/DisplayManager/Session0'), ('XDG_MENU_PREFIX', 'xfce-'), ('XDG_RUNTIME_DIR', '/run/user/1000'), ('GDK_BACKEND', 'x11'), ('DISPLAY', ':0.0'), ('VSCODE_DEBUGPY_ADAPTER_ENDPOINTS', '/home/sunrise/.vscode/extensions/ms-python.debugpy-2026.6.0-linux-arm64/.noConfigDebugAdapterEndpoints/endpoint-2930192ec8a14405.txt'), ('LANG', 'zh_CN.UTF-8'), ('XDG_CURRENT_DESKTOP', 'XFCE'), ('PYTHONSTARTUP', '/home/sunrise/.config/Code/User/workspaceStorage/529e9bd9e159003f43f748703cfb416d/ms-python.python/pythonrc.py'), ('XMODIFIERS', '@im=ibus'), ('XDG_SESSION_DESKTOP', 'xfce'), ('XAUTHORITY', '/home/sunrise/.Xauthority'), ('LS_COLORS', 'rs=0:di=01;34:ln=01;36:mh=00:pi=40;33:so=01;35:do=01;35:bd=40;33;01:cd=40;33;01:or=40;31;01:mi=00:su=37;41:sg=30;43:ca=30;41:tw=30;42:ow=34;42:st=37;44:ex=01;32:*.tar=01;31:*.tgz=01;31:*.arc=01;31:*.arj=01;31:*.taz=01;31:*.lha=01;31:*.lz4=01;31:*.lzh=01;31:*.lzma=01;31:*.tlz=01;31:*.txz=01;31:*.tzo=01;31:*.t7z=01;31:*.zip=01;31:*.z=01;31:*.dz=01;31:*.gz=01;31:*.lrz=01;31:*.lz=01;31:*.lzo=01;31:*.xz=01;31:*.zst=01;31:*.tzst=01;31:*.bz2=01;31:*.bz=01;31:*.tbz=01;31:*.tbz2=01;31:*.tz=01;31:*.deb=01;31:*.rpm=01;31:*.jar=01;31:*.war=01;31:*.ear=01;31:*.sar=01;31:*.rar=01;31:*.alz=01;31:*.ace=01;31:*.zoo=01;31:*.cpio=01;31:*.7z=01;31:*.rz=01;31:*.cab=01;31:*.wim=01;31:*.swm=01;31:*.dwm=01;31:*.esd=01;31:*.jpg=01;35:*.jpeg=01;35:*.mjpg=01;35:*.mjpeg=01;35:*.gif=01;35:*.bmp=01;35:*.pbm=01;35:*.pgm=01;35:*.ppm=01;35:*.tga=01;35:*.xbm=01;35:*.xpm=01;35:*.tif=01;35:*.tiff=01;35:*.png=01;35:*.svg=01;35:*.svgz=01;35:*.mng=01;35:*.pcx=01;35:*.mov=01;35:*.mpg=01;35:*.mpeg=01;35:*.m2v=01;35:*.mkv=01;35:*.webm=01;35:*.webp=01;35:*.ogm=01;35:*.mp4=01;35:*.m4v=01;35:*.mp4v=01;35:*.vob=01;35:*.qt=01;35:*.nuv=01;35:*.wmv=01;35:*.asf=01;35:*.rm=01;35:*.rmvb=01;35:*.flc=01;35:*.avi=01;35:*.fli=01;35:*.flv=01;35:*.gl=01;35:*.dl=01;35:*.xcf=01;35:*.xwd=01;35:*.yuv=01;35:*.cgm=01;35:*.emf=01;35:*.ogv=01;35:*.ogx=01;35:*.aac=00;36:*.au=00;36:*.flac=00;36:*.m4a=00;36:*.mid=00;36:*.midi=00;36:*.mka=00;36:*.mp3=00;36:*.mpc=00;36:*.ogg=00;36:*.ra=00;36:*.wav=00;36:*.oga=00;36:*.opus=00;36:*.spx=00;36:*.xspf=00;36:'), ('VSCODE_GIT_IPC_HANDLE', '/run/user/1000/vscode-git-1d55b7547a.sock'), ('TERM_PROGRAM', 'vscode'), ('SSH_AUTH_SOCK', '/tmp/ssh-XXXXXXRTXzri/agent.4082'), ('ROS_DOMAIN_ID', '0'), ('XDG_GREETER_DATA_DIR', '/var/lib/lightdm-data/sunrise'), ('AMENT_PREFIX_PATH', '/home/sunrise/Robot_Car/install/ydlidar_ros2_driver:/home/sunrise/Robot_Car/install/car_model_urdf:/home/sunrise/Robot_Car/install/car_base_driver:/opt/ros/humble'), ('SHELL', '/bin/bash'), ('NO_AT_BRIDGE', '1'), ('GDMSESSION', 'xfce'), ('VSCODE_GIT_ASKPASS_EXTRA_ARGS', ''), ('QT_IM_MODULE', 'ibus'), ('XDG_VTNR', '7'), ('PWD', '/home/sunrise/Robot_Car/build/car_navigation'), ('XDG_CONFIG_DIRS', '/etc/xdg/xdg-xfce:/etc/xdg:/etc/xdg'), ('CLUTTER_IM_MODULE', 'ibus'), ('XDG_DATA_DIRS', '/usr/share/xfce4:/usr/local/share/:/usr/share/:/usr/share'), ('PYTHONPATH', '/home/sunrise/Robot_Car/install/car_base_driver/lib/python3.10/site-packages:/opt/ros/humble/lib/python3.10/site-packages:/opt/ros/humble/local/lib/python3.10/dist-packages'), ('COLCON', '1'), ('CMAKE_PREFIX_PATH', '/home/sunrise/Robot_Car/install/ydlidar_ros2_driver:/home/sunrise/Robot_Car/install/car_model_urdf:/opt/ros/humble')]), 'shell': False}
[18.706517] (car_navigation) StdoutLine: {'line': b'-- Install configuration: ""\n'}
[18.708428] (car_navigation) StdoutLine: {'line': b'-- Up-to-date: /home/sunrise/Robot_Car/install/car_navigation/share/car_navigation/config\n'}
[18.711728] (car_navigation) StdoutLine: {'line': b'-- Up-to-date: /home/sunrise/Robot_Car/install/car_navigation/share/car_navigation/config/cartographer_2d.lua\n'}
[18.717609] (car_navigation) StdoutLine: {'line': b'-- Up-to-date: /home/sunrise/Robot_Car/install/car_navigation/share/car_navigation/config/nav2_params.yaml\n'}
[18.720154] (car_navigation) StdoutLine: {'line': b'-- Up-to-date: /home/sunrise/Robot_Car/install/car_navigation/share/car_navigation/config/ekf.yaml\n'}
[18.721342] (car_navigation) StdoutLine: {'line': b'-- Up-to-date: /home/sunrise/Robot_Car/install/car_navigation/share/car_navigation/config/slam_toolbox.yaml\n'}
[18.724233] (car_navigation) StdoutLine: {'line': b'-- Up-to-date: /home/sunrise/Robot_Car/install/car_navigation/share/car_navigation/launch\n'}
[18.725275] (car_navigation) StdoutLine: {'line': b'-- Up-to-date: /home/sunrise/Robot_Car/install/car_navigation/share/car_navigation/launch/robot_bringup.launch.py\n'}
[18.726253] (car_navigation) StdoutLine: {'line': b'-- Up-to-date: /home/sunrise/Robot_Car/install/car_navigation/share/car_navigation/launch/mapping.launch.py\n'}
[18.733490] (car_navigation) StdoutLine: {'line': b'-- Installing: /home/sunrise/Robot_Car/install/car_navigation/share/car_navigation/launch/navigation.launch.py\n'}
[18.734716] (car_navigation) StdoutLine: {'line': b'-- Up-to-date: /home/sunrise/Robot_Car/install/car_navigation/share/car_navigation/launch/cartographer_mapping.launch.py\n'}
[18.744137] (car_navigation) StdoutLine: {'line': b'-- Up-to-date: /home/sunrise/Robot_Car/install/car_navigation/share/ament_index/resource_index/package_run_dependencies/car_navigation\n'}
[18.745597] (car_navigation) StdoutLine: {'line': b'-- Up-to-date: /home/sunrise/Robot_Car/install/car_navigation/share/ament_index/resource_index/parent_prefix_path/car_navigation\n'}
[18.746679] (car_navigation) StdoutLine: {'line': b'-- Up-to-date: /home/sunrise/Robot_Car/install/car_navigation/share/car_navigation/environment/ament_prefix_path.sh\n'}
[18.747857] (car_navigation) StdoutLine: {'line': b'-- Up-to-date: /home/sunrise/Robot_Car/install/car_navigation/share/car_navigation/environment/ament_prefix_path.dsv\n'}
[18.749056] (car_navigation) StdoutLine: {'line': b'-- Up-to-date: /home/sunrise/Robot_Car/install/car_navigation/share/car_navigation/environment/path.sh\n'}
[18.750028] (car_navigation) StdoutLine: {'line': b'-- Up-to-date: /home/sunrise/Robot_Car/install/car_navigation/share/car_navigation/environment/path.dsv\n'}
[18.751182] (car_navigation) StdoutLine: {'line': b'-- Up-to-date: /home/sunrise/Robot_Car/install/car_navigation/share/car_navigation/local_setup.bash\n'}
[18.752336] (car_navigation) StdoutLine: {'line': b'-- Up-to-date: /home/sunrise/Robot_Car/install/car_navigation/share/car_navigation/local_setup.sh\n'}
[18.753876] (car_navigation) StdoutLine: {'line': b'-- Up-to-date: /home/sunrise/Robot_Car/install/car_navigation/share/car_navigation/local_setup.zsh\n'}
[18.755059] (car_navigation) StdoutLine: {'line': b'-- Up-to-date: /home/sunrise/Robot_Car/install/car_navigation/share/car_navigation/local_setup.dsv\n'}
[18.756361] (car_navigation) StdoutLine: {'line': b'-- Installing: /home/sunrise/Robot_Car/install/car_navigation/share/car_navigation/package.dsv\n'}
[18.757430] (car_navigation) StdoutLine: {'line': b'-- Up-to-date: /home/sunrise/Robot_Car/install/car_navigation/share/ament_index/resource_index/packages/car_navigation\n'}
[18.758771] (car_navigation) StdoutLine: {'line': b'-- Up-to-date: /home/sunrise/Robot_Car/install/car_navigation/share/car_navigation/cmake/car_navigationConfig.cmake\n'}
[18.765422] (-) TimerEvent: {}
[18.780670] (car_navigation) StdoutLine: {'line': b'-- Up-to-date: /home/sunrise/Robot_Car/install/car_navigation/share/car_navigation/cmake/car_navigationConfig-version.cmake\n'}
[18.781952] (car_navigation) StdoutLine: {'line': b'-- Up-to-date: /home/sunrise/Robot_Car/install/car_navigation/share/car_navigation/package.xml\n'}
[18.787149] (car_navigation) CommandEnded: {'returncode': 0}
[18.866002] (-) TimerEvent: {}
[18.953980] (car_navigation) JobEnded: {'identifier': 'car_navigation', 'rc': 0}
[18.966231] (-) TimerEvent: {}
[19.067153] (-) TimerEvent: {}
[19.124404] (car_control_tools) StdoutLine: {'line': b'running egg_info\n'}
[19.167384] (-) TimerEvent: {}
[19.268344] (-) TimerEvent: {}
[19.348884] (car_control_tools) StdoutLine: {'line': b'writing ../../build/car_control_tools/car_control_tools.egg-info/PKG-INFO\n'}
[19.352432] (car_control_tools) StdoutLine: {'line': b'writing dependency_links to ../../build/car_control_tools/car_control_tools.egg-info/dependency_links.txt\n'}
[19.354683] (car_control_tools) StdoutLine: {'line': b'writing entry points to ../../build/car_control_tools/car_control_tools.egg-info/entry_points.txt\n'}
[19.357555] (car_control_tools) StdoutLine: {'line': b'writing requirements to ../../build/car_control_tools/car_control_tools.egg-info/requires.txt\n'}
[19.359587] (car_control_tools) StdoutLine: {'line': b'writing top-level names to ../../build/car_control_tools/car_control_tools.egg-info/top_level.txt\n'}
[19.368533] (-) TimerEvent: {}
[19.469535] (-) TimerEvent: {}
[19.570664] (-) TimerEvent: {}
[19.671763] (-) TimerEvent: {}
[19.772754] (-) TimerEvent: {}
[19.873788] (-) TimerEvent: {}
[19.949241] (car_control_tools) StdoutLine: {'line': b"reading manifest file '../../build/car_control_tools/car_control_tools.egg-info/SOURCES.txt'\n"}
[19.971508] (car_control_tools) StdoutLine: {'line': b"writing manifest file '../../build/car_control_tools/car_control_tools.egg-info/SOURCES.txt'\n"}
[19.972811] (car_control_tools) StdoutLine: {'line': b'running build\n'}
[19.973814] (-) TimerEvent: {}
[19.975077] (car_control_tools) StdoutLine: {'line': b'running build_py\n'}
[19.976166] (car_control_tools) StdoutLine: {'line': b'copying car_control_tools/__init__.py -> /home/sunrise/Robot_Car/build/car_control_tools/build/lib/car_control_tools\n'}
[19.979589] (car_control_tools) StdoutLine: {'line': b'copying car_control_tools/goal_utils.py -> /home/sunrise/Robot_Car/build/car_control_tools/build/lib/car_control_tools\n'}
[19.981659] (car_control_tools) StdoutLine: {'line': b'copying car_control_tools/terminal_goal.py -> /home/sunrise/Robot_Car/build/car_control_tools/build/lib/car_control_tools\n'}
[19.987127] (car_control_tools) StdoutLine: {'line': b'running install\n'}
[20.036922] (car_control_tools) StdoutLine: {'line': b'running install_lib\n'}
[20.074152] (-) TimerEvent: {}
[20.175326] (-) TimerEvent: {}
[20.276522] (-) TimerEvent: {}
[20.349894] (car_control_tools) StdoutLine: {'line': b'running install_data\n'}
[20.352431] (car_control_tools) StdoutLine: {'line': b'copying resource/car_control_tools -> /home/sunrise/Robot_Car/install/car_control_tools/share/ament_index/resource_index/packages\n'}
[20.355536] (car_control_tools) StdoutLine: {'line': b'copying package.xml -> /home/sunrise/Robot_Car/install/car_control_tools/share/car_control_tools\n'}
[20.356850] (car_control_tools) StdoutLine: {'line': b'running install_egg_info\n'}
[20.376790] (-) TimerEvent: {}
[20.477813] (-) TimerEvent: {}
[20.578809] (-) TimerEvent: {}
[20.631596] (car_control_tools) StdoutLine: {'line': b"removing '/home/sunrise/Robot_Car/install/car_control_tools/lib/python3.10/site-packages/car_control_tools-0.0.1-py3.10.egg-info' (and everything under it)\n"}
[20.634702] (car_control_tools) StdoutLine: {'line': b'Copying ../../build/car_control_tools/car_control_tools.egg-info to /home/sunrise/Robot_Car/install/car_control_tools/lib/python3.10/site-packages/car_control_tools-0.0.1-py3.10.egg-info\n'}
[20.647145] (car_control_tools) StdoutLine: {'line': b'running install_scripts\n'}
[20.679107] (-) TimerEvent: {}
[20.784370] (-) TimerEvent: {}
[20.885553] (-) TimerEvent: {}
[20.986556] (-) TimerEvent: {}
[21.087606] (-) TimerEvent: {}
[21.188598] (-) TimerEvent: {}
[21.212494] (car_control_tools) StdoutLine: {'line': b'Installing terminal_goal script to /home/sunrise/Robot_Car/install/car_control_tools/lib/car_control_tools\n'}
[21.216203] (car_control_tools) StdoutLine: {'line': b"writing list of installed files to '/home/sunrise/Robot_Car/build/car_control_tools/install.log'\n"}
[21.289424] (-) TimerEvent: {}
[21.390545] (-) TimerEvent: {}
[21.491694] (-) TimerEvent: {}
[21.507699] (car_control_tools) CommandEnded: {'returncode': 0}
[21.582525] (car_control_tools) JobEnded: {'identifier': 'car_control_tools', 'rc': 0}
[21.589340] (-) EventReactorShutdown: {}
