[0.000000] (-) TimerEvent: {}
[0.001247] (car_base_driver) JobQueued: {'identifier': 'car_base_driver', 'dependencies': OrderedDict()}
[0.002858] (car_control_tools) JobQueued: {'identifier': 'car_control_tools', 'dependencies': OrderedDict()}
[0.003816] (car_model_urdf) JobQueued: {'identifier': 'car_model_urdf', 'dependencies': OrderedDict()}
[0.004709] (openslam_gmapping) JobQueued: {'identifier': 'openslam_gmapping', 'dependencies': OrderedDict()}
[0.004966] (ydlidar_ros2_driver) JobQueued: {'identifier': 'ydlidar_ros2_driver', 'dependencies': OrderedDict()}
[0.005186] (car_navigation) JobQueued: {'identifier': 'car_navigation', 'dependencies': OrderedDict([('car_base_driver', '/home/sunrise/Robot_Car/install/car_base_driver'), ('car_model_urdf', '/home/sunrise/Robot_Car/install/car_model_urdf'), ('ydlidar_ros2_driver', '/home/sunrise/Robot_Car/install/ydlidar_ros2_driver')])}
[0.005411] (slam_gmapping) JobQueued: {'identifier': 'slam_gmapping', 'dependencies': OrderedDict([('openslam_gmapping', '/home/sunrise/Robot_Car/install/openslam_gmapping')])}
[0.005615] (car_base_driver) JobStarted: {'identifier': 'car_base_driver'}
[0.052955] (car_model_urdf) JobStarted: {'identifier': 'car_model_urdf'}
[0.077517] (openslam_gmapping) JobStarted: {'identifier': 'openslam_gmapping'}
[0.098868] (-) TimerEvent: {}
[0.103956] (ydlidar_ros2_driver) JobStarted: {'identifier': 'ydlidar_ros2_driver'}
[0.199142] (-) TimerEvent: {}
[0.300377] (-) TimerEvent: {}
[0.401440] (-) TimerEvent: {}
[0.502370] (-) TimerEvent: {}
[0.603354] (-) TimerEvent: {}
[0.704346] (-) TimerEvent: {}
[0.805233] (-) TimerEvent: {}
[0.906252] (-) TimerEvent: {}
[1.007297] (-) TimerEvent: {}
[1.108254] (-) TimerEvent: {}
[1.209173] (-) TimerEvent: {}
[1.310099] (-) TimerEvent: {}
[1.411116] (-) TimerEvent: {}
[1.512129] (-) TimerEvent: {}
[1.613135] (-) TimerEvent: {}
[1.714272] (-) TimerEvent: {}
[1.782319] (car_model_urdf) JobProgress: {'identifier': 'car_model_urdf', 'progress': 'cmake'}
[1.785884] (car_model_urdf) JobProgress: {'identifier': 'car_model_urdf', 'progress': 'build'}
[1.790164] (car_model_urdf) Command: {'cmd': ['/usr/bin/cmake', '--build', '/home/sunrise/Robot_Car/build/car_model_urdf', '--', '-j4', '-l4'], 'cwd': '/home/sunrise/Robot_Car/build/car_model_urdf', 'env': OrderedDict([('LANGUAGE', 'zh_CN'), ('USER', 'sunrise'), ('XDG_SEAT', 'seat0'), ('SSH_AGENT_PID', '4283'), ('XDG_SESSION_TYPE', 'x11'), ('SHLVL', '1'), ('LD_LIBRARY_PATH', '/opt/ros/humble/opt/rviz_ogre_vendor/lib:/opt/ros/humble/lib/aarch64-linux-gnu:/opt/ros/humble/lib'), ('HOME', '/home/sunrise'), ('OLDPWD', '/home/sunrise/Robot_Car'), ('DESKTOP_SESSION', 'xfce'), ('ROS_PYTHON_VERSION', '3'), ('XDG_SEAT_PATH', '/org/freedesktop/DisplayManager/Seat0'), ('DBUS_SESSION_BUS_ADDRESS', 'unix:path=/run/user/1000/bus'), ('COLORTERM', 'truecolor'), ('ROS_DISTRO', 'humble'), ('GTK_IM_MODULE', 'ibus'), ('LOGNAME', 'sunrise'), ('WINDOWID', '67119595'), ('_', '/usr/bin/colcon'), ('ROS_VERSION', '2'), ('XDG_SESSION_CLASS', 'user'), ('TERM', 'xterm-256color'), ('XDG_SESSION_ID', 'c2'), ('ROS_LOCALHOST_ONLY', '0'), ('PATH', '/opt/ros/humble/bin:/usr/local/sbin:/usr/local/bin:/usr/sbin:/usr/bin:/sbin:/bin:/usr/games:/usr/local/games:/snap/bin'), ('SESSION_MANAGER', 'local/ubuntu:@/tmp/.ICE-unix/3780,unix/ubuntu:/tmp/.ICE-unix/3780'), ('GDM_LANG', 'zh_CN'), ('XDG_SESSION_PATH', '/org/freedesktop/DisplayManager/Session0'), ('XDG_MENU_PREFIX', 'xfce-'), ('XDG_RUNTIME_DIR', '/run/user/1000'), ('DISPLAY', ':0.0'), ('LANG', 'zh_CN.UTF-8'), ('XDG_CURRENT_DESKTOP', 'XFCE'), ('XMODIFIERS', '@im=ibus'), ('XDG_SESSION_DESKTOP', 'xfce'), ('XAUTHORITY', '/home/sunrise/.Xauthority'), ('LS_COLORS', 'rs=0:di=01;34:ln=01;36:mh=00:pi=40;33:so=01;35:do=01;35:bd=40;33;01:cd=40;33;01:or=40;31;01:mi=00:su=37;41:sg=30;43:ca=30;41:tw=30;42:ow=34;42:st=37;44:ex=01;32:*.tar=01;31:*.tgz=01;31:*.arc=01;31:*.arj=01;31:*.taz=01;31:*.lha=01;31:*.lz4=01;31:*.lzh=01;31:*.lzma=01;31:*.tlz=01;31:*.txz=01;31:*.tzo=01;31:*.t7z=01;31:*.zip=01;31:*.z=01;31:*.dz=01;31:*.gz=01;31:*.lrz=01;31:*.lz=01;31:*.lzo=01;31:*.xz=01;31:*.zst=01;31:*.tzst=01;31:*.bz2=01;31:*.bz=01;31:*.tbz=01;31:*.tbz2=01;31:*.tz=01;31:*.deb=01;31:*.rpm=01;31:*.jar=01;31:*.war=01;31:*.ear=01;31:*.sar=01;31:*.rar=01;31:*.alz=01;31:*.ace=01;31:*.zoo=01;31:*.cpio=01;31:*.7z=01;31:*.rz=01;31:*.cab=01;31:*.wim=01;31:*.swm=01;31:*.dwm=01;31:*.esd=01;31:*.jpg=01;35:*.jpeg=01;35:*.mjpg=01;35:*.mjpeg=01;35:*.gif=01;35:*.bmp=01;35:*.pbm=01;35:*.pgm=01;35:*.ppm=01;35:*.tga=01;35:*.xbm=01;35:*.xpm=01;35:*.tif=01;35:*.tiff=01;35:*.png=01;35:*.svg=01;35:*.svgz=01;35:*.mng=01;35:*.pcx=01;35:*.mov=01;35:*.mpg=01;35:*.mpeg=01;35:*.m2v=01;35:*.mkv=01;35:*.webm=01;35:*.webp=01;35:*.ogm=01;35:*.mp4=01;35:*.m4v=01;35:*.mp4v=01;35:*.vob=01;35:*.qt=01;35:*.nuv=01;35:*.wmv=01;35:*.asf=01;35:*.rm=01;35:*.rmvb=01;35:*.flc=01;35:*.avi=01;35:*.fli=01;35:*.flv=01;35:*.gl=01;35:*.dl=01;35:*.xcf=01;35:*.xwd=01;35:*.yuv=01;35:*.cgm=01;35:*.emf=01;35:*.ogv=01;35:*.ogx=01;35:*.aac=00;36:*.au=00;36:*.flac=00;36:*.m4a=00;36:*.mid=00;36:*.midi=00;36:*.mka=00;36:*.mp3=00;36:*.mpc=00;36:*.ogg=00;36:*.ra=00;36:*.wav=00;36:*.oga=00;36:*.opus=00;36:*.spx=00;36:*.xspf=00;36:'), ('SSH_AUTH_SOCK', '/tmp/ssh-XXXXXX0nnUTh/agent.4275'), ('ROS_DOMAIN_ID', '0'), ('XDG_GREETER_DATA_DIR', '/var/lib/lightdm-data/sunrise'), ('AMENT_PREFIX_PATH', '/opt/ros/humble'), ('SHELL', '/bin/bash'), ('GDMSESSION', 'xfce'), ('QT_IM_MODULE', 'ibus'), ('XDG_VTNR', '7'), ('PWD', '/home/sunrise/Robot_Car/build/car_model_urdf'), ('XDG_CONFIG_DIRS', '/etc/xdg/xdg-xfce:/etc/xdg:/etc/xdg'), ('CLUTTER_IM_MODULE', 'ibus'), ('XDG_DATA_DIRS', '/usr/share/xfce4:/usr/local/share/:/usr/share/:/usr/share'), ('PYTHONPATH', '/opt/ros/humble/lib/python3.10/site-packages:/opt/ros/humble/local/lib/python3.10/dist-packages'), ('COLCON', '1'), ('VTE_VERSION', '6800'), ('CMAKE_PREFIX_PATH', '/opt/ros/humble')]), 'shell': False}
[1.803093] (openslam_gmapping) JobProgress: {'identifier': 'openslam_gmapping', 'progress': 'cmake'}
[1.806524] (openslam_gmapping) Command: {'cmd': ['/usr/bin/cmake', '/home/sunrise/Robot_Car/src/openslam_gmapping', '-DCMAKE_INSTALL_PREFIX=/home/sunrise/Robot_Car/install/openslam_gmapping'], 'cwd': '/home/sunrise/Robot_Car/build/openslam_gmapping', 'env': OrderedDict([('LANGUAGE', 'zh_CN'), ('USER', 'sunrise'), ('XDG_SEAT', 'seat0'), ('SSH_AGENT_PID', '4283'), ('XDG_SESSION_TYPE', 'x11'), ('SHLVL', '1'), ('LD_LIBRARY_PATH', '/opt/ros/humble/opt/rviz_ogre_vendor/lib:/opt/ros/humble/lib/aarch64-linux-gnu:/opt/ros/humble/lib'), ('HOME', '/home/sunrise'), ('OLDPWD', '/home/sunrise/Robot_Car'), ('DESKTOP_SESSION', 'xfce'), ('ROS_PYTHON_VERSION', '3'), ('XDG_SEAT_PATH', '/org/freedesktop/DisplayManager/Seat0'), ('DBUS_SESSION_BUS_ADDRESS', 'unix:path=/run/user/1000/bus'), ('COLORTERM', 'truecolor'), ('ROS_DISTRO', 'humble'), ('GTK_IM_MODULE', 'ibus'), ('LOGNAME', 'sunrise'), ('WINDOWID', '67119595'), ('_', '/usr/bin/colcon'), ('ROS_VERSION', '2'), ('XDG_SESSION_CLASS', 'user'), ('TERM', 'xterm-256color'), ('XDG_SESSION_ID', 'c2'), ('ROS_LOCALHOST_ONLY', '0'), ('PATH', '/opt/ros/humble/bin:/usr/local/sbin:/usr/local/bin:/usr/sbin:/usr/bin:/sbin:/bin:/usr/games:/usr/local/games:/snap/bin'), ('SESSION_MANAGER', 'local/ubuntu:@/tmp/.ICE-unix/3780,unix/ubuntu:/tmp/.ICE-unix/3780'), ('GDM_LANG', 'zh_CN'), ('XDG_SESSION_PATH', '/org/freedesktop/DisplayManager/Session0'), ('XDG_MENU_PREFIX', 'xfce-'), ('XDG_RUNTIME_DIR', '/run/user/1000'), ('DISPLAY', ':0.0'), ('LANG', 'zh_CN.UTF-8'), ('XDG_CURRENT_DESKTOP', 'XFCE'), ('XMODIFIERS', '@im=ibus'), ('XDG_SESSION_DESKTOP', 'xfce'), ('XAUTHORITY', '/home/sunrise/.Xauthority'), ('LS_COLORS', 'rs=0:di=01;34:ln=01;36:mh=00:pi=40;33:so=01;35:do=01;35:bd=40;33;01:cd=40;33;01:or=40;31;01:mi=00:su=37;41:sg=30;43:ca=30;41:tw=30;42:ow=34;42:st=37;44:ex=01;32:*.tar=01;31:*.tgz=01;31:*.arc=01;31:*.arj=01;31:*.taz=01;31:*.lha=01;31:*.lz4=01;31:*.lzh=01;31:*.lzma=01;31:*.tlz=01;31:*.txz=01;31:*.tzo=01;31:*.t7z=01;31:*.zip=01;31:*.z=01;31:*.dz=01;31:*.gz=01;31:*.lrz=01;31:*.lz=01;31:*.lzo=01;31:*.xz=01;31:*.zst=01;31:*.tzst=01;31:*.bz2=01;31:*.bz=01;31:*.tbz=01;31:*.tbz2=01;31:*.tz=01;31:*.deb=01;31:*.rpm=01;31:*.jar=01;31:*.war=01;31:*.ear=01;31:*.sar=01;31:*.rar=01;31:*.alz=01;31:*.ace=01;31:*.zoo=01;31:*.cpio=01;31:*.7z=01;31:*.rz=01;31:*.cab=01;31:*.wim=01;31:*.swm=01;31:*.dwm=01;31:*.esd=01;31:*.jpg=01;35:*.jpeg=01;35:*.mjpg=01;35:*.mjpeg=01;35:*.gif=01;35:*.bmp=01;35:*.pbm=01;35:*.pgm=01;35:*.ppm=01;35:*.tga=01;35:*.xbm=01;35:*.xpm=01;35:*.tif=01;35:*.tiff=01;35:*.png=01;35:*.svg=01;35:*.svgz=01;35:*.mng=01;35:*.pcx=01;35:*.mov=01;35:*.mpg=01;35:*.mpeg=01;35:*.m2v=01;35:*.mkv=01;35:*.webm=01;35:*.webp=01;35:*.ogm=01;35:*.mp4=01;35:*.m4v=01;35:*.mp4v=01;35:*.vob=01;35:*.qt=01;35:*.nuv=01;35:*.wmv=01;35:*.asf=01;35:*.rm=01;35:*.rmvb=01;35:*.flc=01;35:*.avi=01;35:*.fli=01;35:*.flv=01;35:*.gl=01;35:*.dl=01;35:*.xcf=01;35:*.xwd=01;35:*.yuv=01;35:*.cgm=01;35:*.emf=01;35:*.ogv=01;35:*.ogx=01;35:*.aac=00;36:*.au=00;36:*.flac=00;36:*.m4a=00;36:*.mid=00;36:*.midi=00;36:*.mka=00;36:*.mp3=00;36:*.mpc=00;36:*.ogg=00;36:*.ra=00;36:*.wav=00;36:*.oga=00;36:*.opus=00;36:*.spx=00;36:*.xspf=00;36:'), ('SSH_AUTH_SOCK', '/tmp/ssh-XXXXXX0nnUTh/agent.4275'), ('ROS_DOMAIN_ID', '0'), ('XDG_GREETER_DATA_DIR', '/var/lib/lightdm-data/sunrise'), ('AMENT_PREFIX_PATH', '/opt/ros/humble'), ('SHELL', '/bin/bash'), ('GDMSESSION', 'xfce'), ('QT_IM_MODULE', 'ibus'), ('XDG_VTNR', '7'), ('PWD', '/home/sunrise/Robot_Car/build/openslam_gmapping'), ('XDG_CONFIG_DIRS', '/etc/xdg/xdg-xfce:/etc/xdg:/etc/xdg'), ('CLUTTER_IM_MODULE', 'ibus'), ('XDG_DATA_DIRS', '/usr/share/xfce4:/usr/local/share/:/usr/share/:/usr/share'), ('PYTHONPATH', '/opt/ros/humble/lib/python3.10/site-packages:/opt/ros/humble/local/lib/python3.10/dist-packages'), ('COLCON', '1'), ('VTE_VERSION', '6800'), ('CMAKE_PREFIX_PATH', '/opt/ros/humble')]), 'shell': False}
[1.821604] (-) TimerEvent: {}
[1.826467] (ydlidar_ros2_driver) JobProgress: {'identifier': 'ydlidar_ros2_driver', 'progress': 'cmake'}
[1.827380] (ydlidar_ros2_driver) JobProgress: {'identifier': 'ydlidar_ros2_driver', 'progress': 'build'}
[1.827663] (ydlidar_ros2_driver) Command: {'cmd': ['/usr/bin/cmake', '--build', '/home/sunrise/Robot_Car/build/ydlidar_ros2_driver', '--', '-j4', '-l4'], 'cwd': '/home/sunrise/Robot_Car/build/ydlidar_ros2_driver', 'env': OrderedDict([('LANGUAGE', 'zh_CN'), ('USER', 'sunrise'), ('XDG_SEAT', 'seat0'), ('SSH_AGENT_PID', '4283'), ('XDG_SESSION_TYPE', 'x11'), ('SHLVL', '1'), ('LD_LIBRARY_PATH', '/opt/ros/humble/opt/rviz_ogre_vendor/lib:/opt/ros/humble/lib/aarch64-linux-gnu:/opt/ros/humble/lib'), ('HOME', '/home/sunrise'), ('OLDPWD', '/home/sunrise/Robot_Car'), ('DESKTOP_SESSION', 'xfce'), ('ROS_PYTHON_VERSION', '3'), ('XDG_SEAT_PATH', '/org/freedesktop/DisplayManager/Seat0'), ('DBUS_SESSION_BUS_ADDRESS', 'unix:path=/run/user/1000/bus'), ('COLORTERM', 'truecolor'), ('ROS_DISTRO', 'humble'), ('GTK_IM_MODULE', 'ibus'), ('LOGNAME', 'sunrise'), ('WINDOWID', '67119595'), ('_', '/usr/bin/colcon'), ('ROS_VERSION', '2'), ('XDG_SESSION_CLASS', 'user'), ('TERM', 'xterm-256color'), ('XDG_SESSION_ID', 'c2'), ('ROS_LOCALHOST_ONLY', '0'), ('PATH', '/opt/ros/humble/bin:/usr/local/sbin:/usr/local/bin:/usr/sbin:/usr/bin:/sbin:/bin:/usr/games:/usr/local/games:/snap/bin'), ('SESSION_MANAGER', 'local/ubuntu:@/tmp/.ICE-unix/3780,unix/ubuntu:/tmp/.ICE-unix/3780'), ('GDM_LANG', 'zh_CN'), ('XDG_SESSION_PATH', '/org/freedesktop/DisplayManager/Session0'), ('XDG_MENU_PREFIX', 'xfce-'), ('XDG_RUNTIME_DIR', '/run/user/1000'), ('DISPLAY', ':0.0'), ('LANG', 'zh_CN.UTF-8'), ('XDG_CURRENT_DESKTOP', 'XFCE'), ('XMODIFIERS', '@im=ibus'), ('XDG_SESSION_DESKTOP', 'xfce'), ('XAUTHORITY', '/home/sunrise/.Xauthority'), ('LS_COLORS', 'rs=0:di=01;34:ln=01;36:mh=00:pi=40;33:so=01;35:do=01;35:bd=40;33;01:cd=40;33;01:or=40;31;01:mi=00:su=37;41:sg=30;43:ca=30;41:tw=30;42:ow=34;42:st=37;44:ex=01;32:*.tar=01;31:*.tgz=01;31:*.arc=01;31:*.arj=01;31:*.taz=01;31:*.lha=01;31:*.lz4=01;31:*.lzh=01;31:*.lzma=01;31:*.tlz=01;31:*.txz=01;31:*.tzo=01;31:*.t7z=01;31:*.zip=01;31:*.z=01;31:*.dz=01;31:*.gz=01;31:*.lrz=01;31:*.lz=01;31:*.lzo=01;31:*.xz=01;31:*.zst=01;31:*.tzst=01;31:*.bz2=01;31:*.bz=01;31:*.tbz=01;31:*.tbz2=01;31:*.tz=01;31:*.deb=01;31:*.rpm=01;31:*.jar=01;31:*.war=01;31:*.ear=01;31:*.sar=01;31:*.rar=01;31:*.alz=01;31:*.ace=01;31:*.zoo=01;31:*.cpio=01;31:*.7z=01;31:*.rz=01;31:*.cab=01;31:*.wim=01;31:*.swm=01;31:*.dwm=01;31:*.esd=01;31:*.jpg=01;35:*.jpeg=01;35:*.mjpg=01;35:*.mjpeg=01;35:*.gif=01;35:*.bmp=01;35:*.pbm=01;35:*.pgm=01;35:*.ppm=01;35:*.tga=01;35:*.xbm=01;35:*.xpm=01;35:*.tif=01;35:*.tiff=01;35:*.png=01;35:*.svg=01;35:*.svgz=01;35:*.mng=01;35:*.pcx=01;35:*.mov=01;35:*.mpg=01;35:*.mpeg=01;35:*.m2v=01;35:*.mkv=01;35:*.webm=01;35:*.webp=01;35:*.ogm=01;35:*.mp4=01;35:*.m4v=01;35:*.mp4v=01;35:*.vob=01;35:*.qt=01;35:*.nuv=01;35:*.wmv=01;35:*.asf=01;35:*.rm=01;35:*.rmvb=01;35:*.flc=01;35:*.avi=01;35:*.fli=01;35:*.flv=01;35:*.gl=01;35:*.dl=01;35:*.xcf=01;35:*.xwd=01;35:*.yuv=01;35:*.cgm=01;35:*.emf=01;35:*.ogv=01;35:*.ogx=01;35:*.aac=00;36:*.au=00;36:*.flac=00;36:*.m4a=00;36:*.mid=00;36:*.midi=00;36:*.mka=00;36:*.mp3=00;36:*.mpc=00;36:*.ogg=00;36:*.ra=00;36:*.wav=00;36:*.oga=00;36:*.opus=00;36:*.spx=00;36:*.xspf=00;36:'), ('SSH_AUTH_SOCK', '/tmp/ssh-XXXXXX0nnUTh/agent.4275'), ('ROS_DOMAIN_ID', '0'), ('XDG_GREETER_DATA_DIR', '/var/lib/lightdm-data/sunrise'), ('AMENT_PREFIX_PATH', '/opt/ros/humble'), ('SHELL', '/bin/bash'), ('GDMSESSION', 'xfce'), ('QT_IM_MODULE', 'ibus'), ('XDG_VTNR', '7'), ('PWD', '/home/sunrise/Robot_Car/build/ydlidar_ros2_driver'), ('XDG_CONFIG_DIRS', '/etc/xdg/xdg-xfce:/etc/xdg:/etc/xdg'), ('CLUTTER_IM_MODULE', 'ibus'), ('XDG_DATA_DIRS', '/usr/share/xfce4:/usr/local/share/:/usr/share/:/usr/share'), ('PYTHONPATH', '/opt/ros/humble/lib/python3.10/site-packages:/opt/ros/humble/local/lib/python3.10/dist-packages'), ('COLCON', '1'), ('VTE_VERSION', '6800'), ('CMAKE_PREFIX_PATH', '/opt/ros/humble')]), 'shell': False}
[1.879243] (openslam_gmapping) StdoutLine: {'line': b'-- Found ament_cmake: 1.3.12 (/opt/ros/humble/share/ament_cmake/cmake)\n'}
[1.921870] (-) TimerEvent: {}
[2.023122] (-) TimerEvent: {}
[2.049042] (car_model_urdf) CommandEnded: {'returncode': 0}
[2.061396] (car_model_urdf) JobProgress: {'identifier': 'car_model_urdf', 'progress': 'install'}
[2.123357] (-) TimerEvent: {}
[2.135722] (car_model_urdf) Command: {'cmd': ['/usr/bin/cmake', '--install', '/home/sunrise/Robot_Car/build/car_model_urdf'], 'cwd': '/home/sunrise/Robot_Car/build/car_model_urdf', 'env': OrderedDict([('LANGUAGE', 'zh_CN'), ('USER', 'sunrise'), ('XDG_SEAT', 'seat0'), ('SSH_AGENT_PID', '4283'), ('XDG_SESSION_TYPE', 'x11'), ('SHLVL', '1'), ('LD_LIBRARY_PATH', '/opt/ros/humble/opt/rviz_ogre_vendor/lib:/opt/ros/humble/lib/aarch64-linux-gnu:/opt/ros/humble/lib'), ('HOME', '/home/sunrise'), ('OLDPWD', '/home/sunrise/Robot_Car'), ('DESKTOP_SESSION', 'xfce'), ('ROS_PYTHON_VERSION', '3'), ('XDG_SEAT_PATH', '/org/freedesktop/DisplayManager/Seat0'), ('DBUS_SESSION_BUS_ADDRESS', 'unix:path=/run/user/1000/bus'), ('COLORTERM', 'truecolor'), ('ROS_DISTRO', 'humble'), ('GTK_IM_MODULE', 'ibus'), ('LOGNAME', 'sunrise'), ('WINDOWID', '67119595'), ('_', '/usr/bin/colcon'), ('ROS_VERSION', '2'), ('XDG_SESSION_CLASS', 'user'), ('TERM', 'xterm-256color'), ('XDG_SESSION_ID', 'c2'), ('ROS_LOCALHOST_ONLY', '0'), ('PATH', '/opt/ros/humble/bin:/usr/local/sbin:/usr/local/bin:/usr/sbin:/usr/bin:/sbin:/bin:/usr/games:/usr/local/games:/snap/bin'), ('SESSION_MANAGER', 'local/ubuntu:@/tmp/.ICE-unix/3780,unix/ubuntu:/tmp/.ICE-unix/3780'), ('GDM_LANG', 'zh_CN'), ('XDG_SESSION_PATH', '/org/freedesktop/DisplayManager/Session0'), ('XDG_MENU_PREFIX', 'xfce-'), ('XDG_RUNTIME_DIR', '/run/user/1000'), ('DISPLAY', ':0.0'), ('LANG', 'zh_CN.UTF-8'), ('XDG_CURRENT_DESKTOP', 'XFCE'), ('XMODIFIERS', '@im=ibus'), ('XDG_SESSION_DESKTOP', 'xfce'), ('XAUTHORITY', '/home/sunrise/.Xauthority'), ('LS_COLORS', 'rs=0:di=01;34:ln=01;36:mh=00:pi=40;33:so=01;35:do=01;35:bd=40;33;01:cd=40;33;01:or=40;31;01:mi=00:su=37;41:sg=30;43:ca=30;41:tw=30;42:ow=34;42:st=37;44:ex=01;32:*.tar=01;31:*.tgz=01;31:*.arc=01;31:*.arj=01;31:*.taz=01;31:*.lha=01;31:*.lz4=01;31:*.lzh=01;31:*.lzma=01;31:*.tlz=01;31:*.txz=01;31:*.tzo=01;31:*.t7z=01;31:*.zip=01;31:*.z=01;31:*.dz=01;31:*.gz=01;31:*.lrz=01;31:*.lz=01;31:*.lzo=01;31:*.xz=01;31:*.zst=01;31:*.tzst=01;31:*.bz2=01;31:*.bz=01;31:*.tbz=01;31:*.tbz2=01;31:*.tz=01;31:*.deb=01;31:*.rpm=01;31:*.jar=01;31:*.war=01;31:*.ear=01;31:*.sar=01;31:*.rar=01;31:*.alz=01;31:*.ace=01;31:*.zoo=01;31:*.cpio=01;31:*.7z=01;31:*.rz=01;31:*.cab=01;31:*.wim=01;31:*.swm=01;31:*.dwm=01;31:*.esd=01;31:*.jpg=01;35:*.jpeg=01;35:*.mjpg=01;35:*.mjpeg=01;35:*.gif=01;35:*.bmp=01;35:*.pbm=01;35:*.pgm=01;35:*.ppm=01;35:*.tga=01;35:*.xbm=01;35:*.xpm=01;35:*.tif=01;35:*.tiff=01;35:*.png=01;35:*.svg=01;35:*.svgz=01;35:*.mng=01;35:*.pcx=01;35:*.mov=01;35:*.mpg=01;35:*.mpeg=01;35:*.m2v=01;35:*.mkv=01;35:*.webm=01;35:*.webp=01;35:*.ogm=01;35:*.mp4=01;35:*.m4v=01;35:*.mp4v=01;35:*.vob=01;35:*.qt=01;35:*.nuv=01;35:*.wmv=01;35:*.asf=01;35:*.rm=01;35:*.rmvb=01;35:*.flc=01;35:*.avi=01;35:*.fli=01;35:*.flv=01;35:*.gl=01;35:*.dl=01;35:*.xcf=01;35:*.xwd=01;35:*.yuv=01;35:*.cgm=01;35:*.emf=01;35:*.ogv=01;35:*.ogx=01;35:*.aac=00;36:*.au=00;36:*.flac=00;36:*.m4a=00;36:*.mid=00;36:*.midi=00;36:*.mka=00;36:*.mp3=00;36:*.mpc=00;36:*.ogg=00;36:*.ra=00;36:*.wav=00;36:*.oga=00;36:*.opus=00;36:*.spx=00;36:*.xspf=00;36:'), ('SSH_AUTH_SOCK', '/tmp/ssh-XXXXXX0nnUTh/agent.4275'), ('ROS_DOMAIN_ID', '0'), ('XDG_GREETER_DATA_DIR', '/var/lib/lightdm-data/sunrise'), ('AMENT_PREFIX_PATH', '/opt/ros/humble'), ('SHELL', '/bin/bash'), ('GDMSESSION', 'xfce'), ('QT_IM_MODULE', 'ibus'), ('XDG_VTNR', '7'), ('PWD', '/home/sunrise/Robot_Car/build/car_model_urdf'), ('XDG_CONFIG_DIRS', '/etc/xdg/xdg-xfce:/etc/xdg:/etc/xdg'), ('CLUTTER_IM_MODULE', 'ibus'), ('XDG_DATA_DIRS', '/usr/share/xfce4:/usr/local/share/:/usr/share/:/usr/share'), ('PYTHONPATH', '/opt/ros/humble/lib/python3.10/site-packages:/opt/ros/humble/local/lib/python3.10/dist-packages'), ('COLCON', '1'), ('VTE_VERSION', '6800'), ('CMAKE_PREFIX_PATH', '/opt/ros/humble')]), 'shell': False}
[2.216737] (car_model_urdf) StdoutLine: {'line': b'-- Install configuration: ""\n'}
[2.217955] (car_model_urdf) StdoutLine: {'line': b'-- Up-to-date: /home/sunrise/Robot_Car/install/car_model_urdf/share/car_model_urdf/launch\n'}
[2.219037] (car_model_urdf) StdoutLine: {'line': b'-- Up-to-date: /home/sunrise/Robot_Car/install/car_model_urdf/share/car_model_urdf/launch/description.launch.py\n'}
[2.220125] (car_model_urdf) StdoutLine: {'line': b'-- Up-to-date: /home/sunrise/Robot_Car/install/car_model_urdf/share/car_model_urdf/launch/display_xacro.launch.py\n'}
[2.221081] (car_model_urdf) StdoutLine: {'line': b'-- Up-to-date: /home/sunrise/Robot_Car/install/car_model_urdf/share/car_model_urdf/launch/display_urdf.launch.py\n'}
[2.221886] (car_model_urdf) StdoutLine: {'line': b'-- Up-to-date: /home/sunrise/Robot_Car/install/car_model_urdf/share/car_model_urdf/urdf\n'}
[2.223070] (car_model_urdf) StdoutLine: {'line': b'-- Up-to-date: /home/sunrise/Robot_Car/install/car_model_urdf/share/car_model_urdf/urdf/car_model.urdf\n'}
[2.225192] (-) TimerEvent: {}
[2.226623] (car_model_urdf) StdoutLine: {'line': b'-- Up-to-date: /home/sunrise/Robot_Car/install/car_model_urdf/share/car_model_urdf/urdf/car_model.urdf.xacro\n'}
[2.227998] (car_model_urdf) StdoutLine: {'line': b'-- Up-to-date: /home/sunrise/Robot_Car/install/car_model_urdf/share/car_model_urdf/config\n'}
[2.228985] (car_model_urdf) StdoutLine: {'line': b'-- Up-to-date: /home/sunrise/Robot_Car/install/car_model_urdf/share/car_model_urdf/config/rviz\n'}
[2.235739] (car_model_urdf) StdoutLine: {'line': b'-- Up-to-date: /home/sunrise/Robot_Car/install/car_model_urdf/share/car_model_urdf/config/rviz/dispaly_model.rviz\n'}
[2.236685] (car_model_urdf) StdoutLine: {'line': b'-- Up-to-date: /home/sunrise/Robot_Car/install/car_model_urdf/share/ament_index/resource_index/package_run_dependencies/car_model_urdf\n'}
[2.237574] (car_model_urdf) StdoutLine: {'line': b'-- Up-to-date: /home/sunrise/Robot_Car/install/car_model_urdf/share/ament_index/resource_index/parent_prefix_path/car_model_urdf\n'}
[2.238483] (car_model_urdf) StdoutLine: {'line': b'-- Up-to-date: /home/sunrise/Robot_Car/install/car_model_urdf/share/car_model_urdf/environment/ament_prefix_path.sh\n'}
[2.243644] (car_model_urdf) StdoutLine: {'line': b'-- Up-to-date: /home/sunrise/Robot_Car/install/car_model_urdf/share/car_model_urdf/environment/ament_prefix_path.dsv\n'}
[2.244714] (car_model_urdf) StdoutLine: {'line': b'-- Up-to-date: /home/sunrise/Robot_Car/install/car_model_urdf/share/car_model_urdf/environment/path.sh\n'}
[2.245772] (car_model_urdf) StdoutLine: {'line': b'-- Up-to-date: /home/sunrise/Robot_Car/install/car_model_urdf/share/car_model_urdf/environment/path.dsv\n'}
[2.256758] (car_model_urdf) StdoutLine: {'line': b'-- Up-to-date: /home/sunrise/Robot_Car/install/car_model_urdf/share/car_model_urdf/local_setup.bash\n'}
[2.271916] (car_model_urdf) StdoutLine: {'line': b'-- Up-to-date: /home/sunrise/Robot_Car/install/car_model_urdf/share/car_model_urdf/local_setup.sh\n'}
[2.272737] (car_model_urdf) StdoutLine: {'line': b'-- Up-to-date: /home/sunrise/Robot_Car/install/car_model_urdf/share/car_model_urdf/local_setup.zsh\n'}
[2.273703] (car_model_urdf) StdoutLine: {'line': b'-- Up-to-date: /home/sunrise/Robot_Car/install/car_model_urdf/share/car_model_urdf/local_setup.dsv\n'}
[2.274717] (car_model_urdf) StdoutLine: {'line': b'-- Installing: /home/sunrise/Robot_Car/install/car_model_urdf/share/car_model_urdf/package.dsv\n'}
[2.276196] (car_model_urdf) StdoutLine: {'line': b'-- Up-to-date: /home/sunrise/Robot_Car/install/car_model_urdf/share/ament_index/resource_index/packages/car_model_urdf\n'}
[2.277749] (car_model_urdf) StdoutLine: {'line': b'-- Up-to-date: /home/sunrise/Robot_Car/install/car_model_urdf/share/car_model_urdf/cmake/car_model_urdfConfig.cmake\n'}
[2.287333] (car_model_urdf) StdoutLine: {'line': b'-- Up-to-date: /home/sunrise/Robot_Car/install/car_model_urdf/share/car_model_urdf/cmake/car_model_urdfConfig-version.cmake\n'}
[2.288366] (car_model_urdf) StdoutLine: {'line': b'-- Up-to-date: /home/sunrise/Robot_Car/install/car_model_urdf/share/car_model_urdf/package.xml\n'}
[2.289310] (ydlidar_ros2_driver) StdoutLine: {'line': b'[100%] Built target ydlidar_ros2_driver_node\n'}
[2.290672] (ydlidar_ros2_driver) StdoutLine: {'line': b'[100%] Built target ydlidar_ros2_driver_client\n'}
[2.293302] (car_model_urdf) CommandEnded: {'returncode': 0}
[2.326071] (-) TimerEvent: {}
[2.444381] (-) TimerEvent: {}
[2.533795] (car_model_urdf) JobEnded: {'identifier': 'car_model_urdf', 'rc': 0}
[2.538619] (car_control_tools) JobStarted: {'identifier': 'car_control_tools'}
[2.544589] (-) TimerEvent: {}
[2.617882] (ydlidar_ros2_driver) CommandEnded: {'returncode': 0}
[2.622544] (ydlidar_ros2_driver) JobProgress: {'identifier': 'ydlidar_ros2_driver', 'progress': 'install'}
[2.624728] (ydlidar_ros2_driver) Command: {'cmd': ['/usr/bin/cmake', '--install', '/home/sunrise/Robot_Car/build/ydlidar_ros2_driver'], 'cwd': '/home/sunrise/Robot_Car/build/ydlidar_ros2_driver', 'env': OrderedDict([('LANGUAGE', 'zh_CN'), ('USER', 'sunrise'), ('XDG_SEAT', 'seat0'), ('SSH_AGENT_PID', '4283'), ('XDG_SESSION_TYPE', 'x11'), ('SHLVL', '1'), ('LD_LIBRARY_PATH', '/opt/ros/humble/opt/rviz_ogre_vendor/lib:/opt/ros/humble/lib/aarch64-linux-gnu:/opt/ros/humble/lib'), ('HOME', '/home/sunrise'), ('OLDPWD', '/home/sunrise/Robot_Car'), ('DESKTOP_SESSION', 'xfce'), ('ROS_PYTHON_VERSION', '3'), ('XDG_SEAT_PATH', '/org/freedesktop/DisplayManager/Seat0'), ('DBUS_SESSION_BUS_ADDRESS', 'unix:path=/run/user/1000/bus'), ('COLORTERM', 'truecolor'), ('ROS_DISTRO', 'humble'), ('GTK_IM_MODULE', 'ibus'), ('LOGNAME', 'sunrise'), ('WINDOWID', '67119595'), ('_', '/usr/bin/colcon'), ('ROS_VERSION', '2'), ('XDG_SESSION_CLASS', 'user'), ('TERM', 'xterm-256color'), ('XDG_SESSION_ID', 'c2'), ('ROS_LOCALHOST_ONLY', '0'), ('PATH', '/opt/ros/humble/bin:/usr/local/sbin:/usr/local/bin:/usr/sbin:/usr/bin:/sbin:/bin:/usr/games:/usr/local/games:/snap/bin'), ('SESSION_MANAGER', 'local/ubuntu:@/tmp/.ICE-unix/3780,unix/ubuntu:/tmp/.ICE-unix/3780'), ('GDM_LANG', 'zh_CN'), ('XDG_SESSION_PATH', '/org/freedesktop/DisplayManager/Session0'), ('XDG_MENU_PREFIX', 'xfce-'), ('XDG_RUNTIME_DIR', '/run/user/1000'), ('DISPLAY', ':0.0'), ('LANG', 'zh_CN.UTF-8'), ('XDG_CURRENT_DESKTOP', 'XFCE'), ('XMODIFIERS', '@im=ibus'), ('XDG_SESSION_DESKTOP', 'xfce'), ('XAUTHORITY', '/home/sunrise/.Xauthority'), ('LS_COLORS', 'rs=0:di=01;34:ln=01;36:mh=00:pi=40;33:so=01;35:do=01;35:bd=40;33;01:cd=40;33;01:or=40;31;01:mi=00:su=37;41:sg=30;43:ca=30;41:tw=30;42:ow=34;42:st=37;44:ex=01;32:*.tar=01;31:*.tgz=01;31:*.arc=01;31:*.arj=01;31:*.taz=01;31:*.lha=01;31:*.lz4=01;31:*.lzh=01;31:*.lzma=01;31:*.tlz=01;31:*.txz=01;31:*.tzo=01;31:*.t7z=01;31:*.zip=01;31:*.z=01;31:*.dz=01;31:*.gz=01;31:*.lrz=01;31:*.lz=01;31:*.lzo=01;31:*.xz=01;31:*.zst=01;31:*.tzst=01;31:*.bz2=01;31:*.bz=01;31:*.tbz=01;31:*.tbz2=01;31:*.tz=01;31:*.deb=01;31:*.rpm=01;31:*.jar=01;31:*.war=01;31:*.ear=01;31:*.sar=01;31:*.rar=01;31:*.alz=01;31:*.ace=01;31:*.zoo=01;31:*.cpio=01;31:*.7z=01;31:*.rz=01;31:*.cab=01;31:*.wim=01;31:*.swm=01;31:*.dwm=01;31:*.esd=01;31:*.jpg=01;35:*.jpeg=01;35:*.mjpg=01;35:*.mjpeg=01;35:*.gif=01;35:*.bmp=01;35:*.pbm=01;35:*.pgm=01;35:*.ppm=01;35:*.tga=01;35:*.xbm=01;35:*.xpm=01;35:*.tif=01;35:*.tiff=01;35:*.png=01;35:*.svg=01;35:*.svgz=01;35:*.mng=01;35:*.pcx=01;35:*.mov=01;35:*.mpg=01;35:*.mpeg=01;35:*.m2v=01;35:*.mkv=01;35:*.webm=01;35:*.webp=01;35:*.ogm=01;35:*.mp4=01;35:*.m4v=01;35:*.mp4v=01;35:*.vob=01;35:*.qt=01;35:*.nuv=01;35:*.wmv=01;35:*.asf=01;35:*.rm=01;35:*.rmvb=01;35:*.flc=01;35:*.avi=01;35:*.fli=01;35:*.flv=01;35:*.gl=01;35:*.dl=01;35:*.xcf=01;35:*.xwd=01;35:*.yuv=01;35:*.cgm=01;35:*.emf=01;35:*.ogv=01;35:*.ogx=01;35:*.aac=00;36:*.au=00;36:*.flac=00;36:*.m4a=00;36:*.mid=00;36:*.midi=00;36:*.mka=00;36:*.mp3=00;36:*.mpc=00;36:*.ogg=00;36:*.ra=00;36:*.wav=00;36:*.oga=00;36:*.opus=00;36:*.spx=00;36:*.xspf=00;36:'), ('SSH_AUTH_SOCK', '/tmp/ssh-XXXXXX0nnUTh/agent.4275'), ('ROS_DOMAIN_ID', '0'), ('XDG_GREETER_DATA_DIR', '/var/lib/lightdm-data/sunrise'), ('AMENT_PREFIX_PATH', '/opt/ros/humble'), ('SHELL', '/bin/bash'), ('GDMSESSION', 'xfce'), ('QT_IM_MODULE', 'ibus'), ('XDG_VTNR', '7'), ('PWD', '/home/sunrise/Robot_Car/build/ydlidar_ros2_driver'), ('XDG_CONFIG_DIRS', '/etc/xdg/xdg-xfce:/etc/xdg:/etc/xdg'), ('CLUTTER_IM_MODULE', 'ibus'), ('XDG_DATA_DIRS', '/usr/share/xfce4:/usr/local/share/:/usr/share/:/usr/share'), ('PYTHONPATH', '/opt/ros/humble/lib/python3.10/site-packages:/opt/ros/humble/local/lib/python3.10/dist-packages'), ('COLCON', '1'), ('VTE_VERSION', '6800'), ('CMAKE_PREFIX_PATH', '/opt/ros/humble')]), 'shell': False}
[2.659598] (-) TimerEvent: {}
[2.684214] (ydlidar_ros2_driver) StdoutLine: {'line': b'-- Install configuration: ""\n'}
[2.685551] (ydlidar_ros2_driver) StdoutLine: {'line': b'-- Up-to-date: /home/sunrise/Robot_Car/install/ydlidar_ros2_driver/lib/ydlidar_ros2_driver/ydlidar_ros2_driver_node\n'}
[2.687185] (ydlidar_ros2_driver) StdoutLine: {'line': b'-- Up-to-date: /home/sunrise/Robot_Car/install/ydlidar_ros2_driver/lib/ydlidar_ros2_driver/ydlidar_ros2_driver_client\n'}
[2.689702] (ydlidar_ros2_driver) StdoutLine: {'line': b'-- Up-to-date: /home/sunrise/Robot_Car/install/ydlidar_ros2_driver/share/ydlidar_ros2_driver/launch\n'}
[2.691700] (ydlidar_ros2_driver) StdoutLine: {'line': b'-- Up-to-date: /home/sunrise/Robot_Car/install/ydlidar_ros2_driver/share/ydlidar_ros2_driver/launch/ydlidar_launch_view.py\n'}
[2.693228] (ydlidar_ros2_driver) StdoutLine: {'line': b'-- Up-to-date: /home/sunrise/Robot_Car/install/ydlidar_ros2_driver/share/ydlidar_ros2_driver/launch/ydlidar.py\n'}
[2.695213] (ydlidar_ros2_driver) StdoutLine: {'line': b'-- Up-to-date: /home/sunrise/Robot_Car/install/ydlidar_ros2_driver/share/ydlidar_ros2_driver/launch/ydlidar_launch.py\n'}
[2.696791] (ydlidar_ros2_driver) StdoutLine: {'line': b'-- Up-to-date: /home/sunrise/Robot_Car/install/ydlidar_ros2_driver/share/ydlidar_ros2_driver/params\n'}
[2.698467] (ydlidar_ros2_driver) StdoutLine: {'line': b'-- Up-to-date: /home/sunrise/Robot_Car/install/ydlidar_ros2_driver/share/ydlidar_ros2_driver/params/G6.yaml\n'}
[2.700153] (ydlidar_ros2_driver) StdoutLine: {'line': b'-- Up-to-date: /home/sunrise/Robot_Car/install/ydlidar_ros2_driver/share/ydlidar_ros2_driver/params/sdm15.yaml\n'}
[2.701883] (ydlidar_ros2_driver) StdoutLine: {'line': b'-- Up-to-date: /home/sunrise/Robot_Car/install/ydlidar_ros2_driver/share/ydlidar_ros2_driver/params/GS2.yaml\n'}
[2.706278] (ydlidar_ros2_driver) StdoutLine: {'line': b'-- Up-to-date: /home/sunrise/Robot_Car/install/ydlidar_ros2_driver/share/ydlidar_ros2_driver/params/TG.yaml\n'}
[2.709107] (ydlidar_ros2_driver) StdoutLine: {'line': b'-- Up-to-date: /home/sunrise/Robot_Car/install/ydlidar_ros2_driver/share/ydlidar_ros2_driver/params/Tmini.yaml\n'}
[2.710028] (ydlidar_ros2_driver) StdoutLine: {'line': b'-- Up-to-date: /home/sunrise/Robot_Car/install/ydlidar_ros2_driver/share/ydlidar_ros2_driver/params/X4.yaml\n'}
[2.710963] (ydlidar_ros2_driver) StdoutLine: {'line': b'-- Up-to-date: /home/sunrise/Robot_Car/install/ydlidar_ros2_driver/share/ydlidar_ros2_driver/params/X4-Pro.yaml\n'}
[2.716382] (ydlidar_ros2_driver) StdoutLine: {'line': b'-- Up-to-date: /home/sunrise/Robot_Car/install/ydlidar_ros2_driver/share/ydlidar_ros2_driver/params/Tmini-Plus-SH.yaml\n'}
[2.717621] (ydlidar_ros2_driver) StdoutLine: {'line': b'-- Up-to-date: /home/sunrise/Robot_Car/install/ydlidar_ros2_driver/share/ydlidar_ros2_driver/params/GS5.yaml\n'}
[2.723003] (ydlidar_ros2_driver) StdoutLine: {'line': b'-- Up-to-date: /home/sunrise/Robot_Car/install/ydlidar_ros2_driver/share/ydlidar_ros2_driver/params/G2.yaml\n'}
[2.725063] (ydlidar_ros2_driver) StdoutLine: {'line': b'-- Up-to-date: /home/sunrise/Robot_Car/install/ydlidar_ros2_driver/share/ydlidar_ros2_driver/params/X2.yaml\n'}
[2.725978] (ydlidar_ros2_driver) StdoutLine: {'line': b'-- Up-to-date: /home/sunrise/Robot_Car/install/ydlidar_ros2_driver/share/ydlidar_ros2_driver/params/TEA.yaml\n'}
[2.726928] (ydlidar_ros2_driver) StdoutLine: {'line': b'-- Up-to-date: /home/sunrise/Robot_Car/install/ydlidar_ros2_driver/share/ydlidar_ros2_driver/params/ydlidar.yaml\n'}
[2.729905] (ydlidar_ros2_driver) StdoutLine: {'line': b'-- Up-to-date: /home/sunrise/Robot_Car/install/ydlidar_ros2_driver/share/ydlidar_ros2_driver/params/G4.yaml\n'}
[2.730986] (ydlidar_ros2_driver) StdoutLine: {'line': b'-- Up-to-date: /home/sunrise/Robot_Car/install/ydlidar_ros2_driver/share/ydlidar_ros2_driver/params/X3.yaml\n'}
[2.731928] (ydlidar_ros2_driver) StdoutLine: {'line': b'-- Up-to-date: /home/sunrise/Robot_Car/install/ydlidar_ros2_driver/share/ydlidar_ros2_driver/params/G1.yaml\n'}
[2.732840] (ydlidar_ros2_driver) StdoutLine: {'line': b'-- Up-to-date: /home/sunrise/Robot_Car/install/ydlidar_ros2_driver/share/ydlidar_ros2_driver/startup\n'}
[2.733651] (ydlidar_ros2_driver) StdoutLine: {'line': b'-- Up-to-date: /home/sunrise/Robot_Car/install/ydlidar_ros2_driver/share/ydlidar_ros2_driver/startup/initenv.sh\n'}
[2.734445] (ydlidar_ros2_driver) StdoutLine: {'line': b'-- Up-to-date: /home/sunrise/Robot_Car/install/ydlidar_ros2_driver/share/ydlidar_ros2_driver/config\n'}
[2.748809] (ydlidar_ros2_driver) StdoutLine: {'line': b'-- Up-to-date: /home/sunrise/Robot_Car/install/ydlidar_ros2_driver/share/ydlidar_ros2_driver/config/ydlidar.rviz\n'}
[2.749879] (ydlidar_ros2_driver) StdoutLine: {'line': b'-- Up-to-date: /home/sunrise/Robot_Car/install/ydlidar_ros2_driver/share/ament_index/resource_index/package_run_dependencies/ydlidar_ros2_driver\n'}
[2.750875] (ydlidar_ros2_driver) StdoutLine: {'line': b'-- Up-to-date: /home/sunrise/Robot_Car/install/ydlidar_ros2_driver/share/ament_index/resource_index/parent_prefix_path/ydlidar_ros2_driver\n'}
[2.751808] (ydlidar_ros2_driver) StdoutLine: {'line': b'-- Up-to-date: /home/sunrise/Robot_Car/install/ydlidar_ros2_driver/share/ydlidar_ros2_driver/environment/ament_prefix_path.sh\n'}
[2.752722] (ydlidar_ros2_driver) StdoutLine: {'line': b'-- Up-to-date: /home/sunrise/Robot_Car/install/ydlidar_ros2_driver/share/ydlidar_ros2_driver/environment/ament_prefix_path.dsv\n'}
[2.753566] (ydlidar_ros2_driver) StdoutLine: {'line': b'-- Up-to-date: /home/sunrise/Robot_Car/install/ydlidar_ros2_driver/share/ydlidar_ros2_driver/environment/path.sh\n'}
[2.754419] (ydlidar_ros2_driver) StdoutLine: {'line': b'-- Up-to-date: /home/sunrise/Robot_Car/install/ydlidar_ros2_driver/share/ydlidar_ros2_driver/environment/path.dsv\n'}
[2.755392] (ydlidar_ros2_driver) StdoutLine: {'line': b'-- Up-to-date: /home/sunrise/Robot_Car/install/ydlidar_ros2_driver/share/ydlidar_ros2_driver/local_setup.bash\n'}
[2.771447] (-) TimerEvent: {}
[2.773976] (ydlidar_ros2_driver) StdoutLine: {'line': b'-- Up-to-date: /home/sunrise/Robot_Car/install/ydlidar_ros2_driver/share/ydlidar_ros2_driver/local_setup.sh\n'}
[2.775672] (ydlidar_ros2_driver) StdoutLine: {'line': b'-- Up-to-date: /home/sunrise/Robot_Car/install/ydlidar_ros2_driver/share/ydlidar_ros2_driver/local_setup.zsh\n'}
[2.776782] (ydlidar_ros2_driver) StdoutLine: {'line': b'-- Up-to-date: /home/sunrise/Robot_Car/install/ydlidar_ros2_driver/share/ydlidar_ros2_driver/local_setup.dsv\n'}
[2.777739] (ydlidar_ros2_driver) StdoutLine: {'line': b'-- Installing: /home/sunrise/Robot_Car/install/ydlidar_ros2_driver/share/ydlidar_ros2_driver/package.dsv\n'}
[2.778625] (ydlidar_ros2_driver) StdoutLine: {'line': b'-- Up-to-date: /home/sunrise/Robot_Car/install/ydlidar_ros2_driver/share/ament_index/resource_index/packages/ydlidar_ros2_driver\n'}
[2.779618] (ydlidar_ros2_driver) StdoutLine: {'line': b'-- Up-to-date: /home/sunrise/Robot_Car/install/ydlidar_ros2_driver/share/ydlidar_ros2_driver/cmake/ydlidar_ros2_driverConfig.cmake\n'}
[2.780525] (ydlidar_ros2_driver) StdoutLine: {'line': b'-- Up-to-date: /home/sunrise/Robot_Car/install/ydlidar_ros2_driver/share/ydlidar_ros2_driver/cmake/ydlidar_ros2_driverConfig-version.cmake\n'}
[2.781482] (ydlidar_ros2_driver) StdoutLine: {'line': b'-- Up-to-date: /home/sunrise/Robot_Car/install/ydlidar_ros2_driver/share/ydlidar_ros2_driver/package.xml\n'}
[2.871677] (-) TimerEvent: {}
[2.969894] (openslam_gmapping) StdoutLine: {'line': b'-- Override CMake install command with custom implementation using symlinks instead of copying resources\n'}
[2.971854] (-) TimerEvent: {}
[3.073203] (-) TimerEvent: {}
[3.174263] (-) TimerEvent: {}
[3.275308] (-) TimerEvent: {}
[3.376824] (-) TimerEvent: {}
[3.478045] (-) TimerEvent: {}
[3.579698] (-) TimerEvent: {}
[3.681553] (-) TimerEvent: {}
[3.691719] (openslam_gmapping) StdoutLine: {'line': b'-- Configuring done\n'}
[3.781788] (-) TimerEvent: {}
[3.819411] (openslam_gmapping) StdoutLine: {'line': b'-- Generating done\n'}
[3.859887] (openslam_gmapping) StdoutLine: {'line': b'-- Build files have been written to: /home/sunrise/Robot_Car/build/openslam_gmapping\n'}
[3.881978] (-) TimerEvent: {}
[3.983276] (-) TimerEvent: {}
[4.084408] (-) TimerEvent: {}
[4.185951] (-) TimerEvent: {}
[4.287428] (-) TimerEvent: {}
[4.388555] (-) TimerEvent: {}
[4.489459] (-) TimerEvent: {}
[4.590611] (-) TimerEvent: {}
[4.691701] (-) TimerEvent: {}
[4.763959] (ydlidar_ros2_driver) CommandEnded: {'returncode': 0}
[4.792920] (-) TimerEvent: {}
[4.867107] (ydlidar_ros2_driver) JobEnded: {'identifier': 'ydlidar_ros2_driver', 'rc': 0}
[4.873810] (openslam_gmapping) CommandEnded: {'returncode': 0}
[4.879998] (openslam_gmapping) JobProgress: {'identifier': 'openslam_gmapping', 'progress': 'build'}
[4.880306] (openslam_gmapping) Command: {'cmd': ['/usr/bin/cmake', '--build', '/home/sunrise/Robot_Car/build/openslam_gmapping', '--', '-j4', '-l4'], 'cwd': '/home/sunrise/Robot_Car/build/openslam_gmapping', 'env': OrderedDict([('LANGUAGE', 'zh_CN'), ('USER', 'sunrise'), ('XDG_SEAT', 'seat0'), ('SSH_AGENT_PID', '4283'), ('XDG_SESSION_TYPE', 'x11'), ('SHLVL', '1'), ('LD_LIBRARY_PATH', '/opt/ros/humble/opt/rviz_ogre_vendor/lib:/opt/ros/humble/lib/aarch64-linux-gnu:/opt/ros/humble/lib'), ('HOME', '/home/sunrise'), ('OLDPWD', '/home/sunrise/Robot_Car'), ('DESKTOP_SESSION', 'xfce'), ('ROS_PYTHON_VERSION', '3'), ('XDG_SEAT_PATH', '/org/freedesktop/DisplayManager/Seat0'), ('DBUS_SESSION_BUS_ADDRESS', 'unix:path=/run/user/1000/bus'), ('COLORTERM', 'truecolor'), ('ROS_DISTRO', 'humble'), ('GTK_IM_MODULE', 'ibus'), ('LOGNAME', 'sunrise'), ('WINDOWID', '67119595'), ('_', '/usr/bin/colcon'), ('ROS_VERSION', '2'), ('XDG_SESSION_CLASS', 'user'), ('TERM', 'xterm-256color'), ('XDG_SESSION_ID', 'c2'), ('ROS_LOCALHOST_ONLY', '0'), ('PATH', '/opt/ros/humble/bin:/usr/local/sbin:/usr/local/bin:/usr/sbin:/usr/bin:/sbin:/bin:/usr/games:/usr/local/games:/snap/bin'), ('SESSION_MANAGER', 'local/ubuntu:@/tmp/.ICE-unix/3780,unix/ubuntu:/tmp/.ICE-unix/3780'), ('GDM_LANG', 'zh_CN'), ('XDG_SESSION_PATH', '/org/freedesktop/DisplayManager/Session0'), ('XDG_MENU_PREFIX', 'xfce-'), ('XDG_RUNTIME_DIR', '/run/user/1000'), ('DISPLAY', ':0.0'), ('LANG', 'zh_CN.UTF-8'), ('XDG_CURRENT_DESKTOP', 'XFCE'), ('XMODIFIERS', '@im=ibus'), ('XDG_SESSION_DESKTOP', 'xfce'), ('XAUTHORITY', '/home/sunrise/.Xauthority'), ('LS_COLORS', 'rs=0:di=01;34:ln=01;36:mh=00:pi=40;33:so=01;35:do=01;35:bd=40;33;01:cd=40;33;01:or=40;31;01:mi=00:su=37;41:sg=30;43:ca=30;41:tw=30;42:ow=34;42:st=37;44:ex=01;32:*.tar=01;31:*.tgz=01;31:*.arc=01;31:*.arj=01;31:*.taz=01;31:*.lha=01;31:*.lz4=01;31:*.lzh=01;31:*.lzma=01;31:*.tlz=01;31:*.txz=01;31:*.tzo=01;31:*.t7z=01;31:*.zip=01;31:*.z=01;31:*.dz=01;31:*.gz=01;31:*.lrz=01;31:*.lz=01;31:*.lzo=01;31:*.xz=01;31:*.zst=01;31:*.tzst=01;31:*.bz2=01;31:*.bz=01;31:*.tbz=01;31:*.tbz2=01;31:*.tz=01;31:*.deb=01;31:*.rpm=01;31:*.jar=01;31:*.war=01;31:*.ear=01;31:*.sar=01;31:*.rar=01;31:*.alz=01;31:*.ace=01;31:*.zoo=01;31:*.cpio=01;31:*.7z=01;31:*.rz=01;31:*.cab=01;31:*.wim=01;31:*.swm=01;31:*.dwm=01;31:*.esd=01;31:*.jpg=01;35:*.jpeg=01;35:*.mjpg=01;35:*.mjpeg=01;35:*.gif=01;35:*.bmp=01;35:*.pbm=01;35:*.pgm=01;35:*.ppm=01;35:*.tga=01;35:*.xbm=01;35:*.xpm=01;35:*.tif=01;35:*.tiff=01;35:*.png=01;35:*.svg=01;35:*.svgz=01;35:*.mng=01;35:*.pcx=01;35:*.mov=01;35:*.mpg=01;35:*.mpeg=01;35:*.m2v=01;35:*.mkv=01;35:*.webm=01;35:*.webp=01;35:*.ogm=01;35:*.mp4=01;35:*.m4v=01;35:*.mp4v=01;35:*.vob=01;35:*.qt=01;35:*.nuv=01;35:*.wmv=01;35:*.asf=01;35:*.rm=01;35:*.rmvb=01;35:*.flc=01;35:*.avi=01;35:*.fli=01;35:*.flv=01;35:*.gl=01;35:*.dl=01;35:*.xcf=01;35:*.xwd=01;35:*.yuv=01;35:*.cgm=01;35:*.emf=01;35:*.ogv=01;35:*.ogx=01;35:*.aac=00;36:*.au=00;36:*.flac=00;36:*.m4a=00;36:*.mid=00;36:*.midi=00;36:*.mka=00;36:*.mp3=00;36:*.mpc=00;36:*.ogg=00;36:*.ra=00;36:*.wav=00;36:*.oga=00;36:*.opus=00;36:*.spx=00;36:*.xspf=00;36:'), ('SSH_AUTH_SOCK', '/tmp/ssh-XXXXXX0nnUTh/agent.4275'), ('ROS_DOMAIN_ID', '0'), ('XDG_GREETER_DATA_DIR', '/var/lib/lightdm-data/sunrise'), ('AMENT_PREFIX_PATH', '/opt/ros/humble'), ('SHELL', '/bin/bash'), ('GDMSESSION', 'xfce'), ('QT_IM_MODULE', 'ibus'), ('XDG_VTNR', '7'), ('PWD', '/home/sunrise/Robot_Car/build/openslam_gmapping'), ('XDG_CONFIG_DIRS', '/etc/xdg/xdg-xfce:/etc/xdg:/etc/xdg'), ('CLUTTER_IM_MODULE', 'ibus'), ('XDG_DATA_DIRS', '/usr/share/xfce4:/usr/local/share/:/usr/share/:/usr/share'), ('PYTHONPATH', '/opt/ros/humble/lib/python3.10/site-packages:/opt/ros/humble/local/lib/python3.10/dist-packages'), ('COLCON', '1'), ('VTE_VERSION', '6800'), ('CMAKE_PREFIX_PATH', '/opt/ros/humble')]), 'shell': False}
[4.893210] (-) TimerEvent: {}
[4.995827] (-) TimerEvent: {}
[5.083272] (openslam_gmapping) StdoutLine: {'line': b'\x1b[35m\x1b[1mConsolidate compiler generated dependencies of target utils\x1b[0m\n'}
[5.096069] (-) TimerEvent: {}
[5.111458] (openslam_gmapping) StdoutLine: {'line': b'\x1b[35m\x1b[1mConsolidate compiler generated dependencies of target sensor_base\x1b[0m\n'}
[5.142326] (openslam_gmapping) StdoutLine: {'line': b'[ 13%] Built target utils\n'}
[5.181024] (openslam_gmapping) StdoutLine: {'line': b'[ 27%] Built target sensor_base\n'}
[5.196309] (-) TimerEvent: {}
[5.226489] (openslam_gmapping) StdoutLine: {'line': b'\x1b[35m\x1b[1mConsolidate compiler generated dependencies of target sensor_odometry\x1b[0m\n'}
[5.240261] (openslam_gmapping) StdoutLine: {'line': b'\x1b[35m\x1b[1mConsolidate compiler generated dependencies of target sensor_range\x1b[0m\n'}
[5.288423] (openslam_gmapping) StdoutLine: {'line': b'[ 40%] Built target sensor_odometry\n'}
[5.296518] (-) TimerEvent: {}
[5.308776] (openslam_gmapping) StdoutLine: {'line': b'[ 54%] Built target sensor_range\n'}
[5.356107] (openslam_gmapping) StdoutLine: {'line': b'\x1b[35m\x1b[1mConsolidate compiler generated dependencies of target scanmatcher\x1b[0m\n'}
[5.399950] (-) TimerEvent: {}
[5.418111] (openslam_gmapping) StdoutLine: {'line': b'[ 77%] Built target scanmatcher\n'}
[5.473512] (openslam_gmapping) StdoutLine: {'line': b'\x1b[35m\x1b[1mConsolidate compiler generated dependencies of target gridfastslam\x1b[0m\n'}
[5.500168] (-) TimerEvent: {}
[5.548410] (openslam_gmapping) StdoutLine: {'line': b'[100%] Built target gridfastslam\n'}
[5.597261] (openslam_gmapping) CommandEnded: {'returncode': 0}
[5.600402] (-) TimerEvent: {}
[5.602649] (openslam_gmapping) JobProgress: {'identifier': 'openslam_gmapping', 'progress': 'install'}
[5.604107] (openslam_gmapping) Command: {'cmd': ['/usr/bin/cmake', '--install', '/home/sunrise/Robot_Car/build/openslam_gmapping'], 'cwd': '/home/sunrise/Robot_Car/build/openslam_gmapping', 'env': OrderedDict([('LANGUAGE', 'zh_CN'), ('USER', 'sunrise'), ('XDG_SEAT', 'seat0'), ('SSH_AGENT_PID', '4283'), ('XDG_SESSION_TYPE', 'x11'), ('SHLVL', '1'), ('LD_LIBRARY_PATH', '/opt/ros/humble/opt/rviz_ogre_vendor/lib:/opt/ros/humble/lib/aarch64-linux-gnu:/opt/ros/humble/lib'), ('HOME', '/home/sunrise'), ('OLDPWD', '/home/sunrise/Robot_Car'), ('DESKTOP_SESSION', 'xfce'), ('ROS_PYTHON_VERSION', '3'), ('XDG_SEAT_PATH', '/org/freedesktop/DisplayManager/Seat0'), ('DBUS_SESSION_BUS_ADDRESS', 'unix:path=/run/user/1000/bus'), ('COLORTERM', 'truecolor'), ('ROS_DISTRO', 'humble'), ('GTK_IM_MODULE', 'ibus'), ('LOGNAME', 'sunrise'), ('WINDOWID', '67119595'), ('_', '/usr/bin/colcon'), ('ROS_VERSION', '2'), ('XDG_SESSION_CLASS', 'user'), ('TERM', 'xterm-256color'), ('XDG_SESSION_ID', 'c2'), ('ROS_LOCALHOST_ONLY', '0'), ('PATH', '/opt/ros/humble/bin:/usr/local/sbin:/usr/local/bin:/usr/sbin:/usr/bin:/sbin:/bin:/usr/games:/usr/local/games:/snap/bin'), ('SESSION_MANAGER', 'local/ubuntu:@/tmp/.ICE-unix/3780,unix/ubuntu:/tmp/.ICE-unix/3780'), ('GDM_LANG', 'zh_CN'), ('XDG_SESSION_PATH', '/org/freedesktop/DisplayManager/Session0'), ('XDG_MENU_PREFIX', 'xfce-'), ('XDG_RUNTIME_DIR', '/run/user/1000'), ('DISPLAY', ':0.0'), ('LANG', 'zh_CN.UTF-8'), ('XDG_CURRENT_DESKTOP', 'XFCE'), ('XMODIFIERS', '@im=ibus'), ('XDG_SESSION_DESKTOP', 'xfce'), ('XAUTHORITY', '/home/sunrise/.Xauthority'), ('LS_COLORS', 'rs=0:di=01;34:ln=01;36:mh=00:pi=40;33:so=01;35:do=01;35:bd=40;33;01:cd=40;33;01:or=40;31;01:mi=00:su=37;41:sg=30;43:ca=30;41:tw=30;42:ow=34;42:st=37;44:ex=01;32:*.tar=01;31:*.tgz=01;31:*.arc=01;31:*.arj=01;31:*.taz=01;31:*.lha=01;31:*.lz4=01;31:*.lzh=01;31:*.lzma=01;31:*.tlz=01;31:*.txz=01;31:*.tzo=01;31:*.t7z=01;31:*.zip=01;31:*.z=01;31:*.dz=01;31:*.gz=01;31:*.lrz=01;31:*.lz=01;31:*.lzo=01;31:*.xz=01;31:*.zst=01;31:*.tzst=01;31:*.bz2=01;31:*.bz=01;31:*.tbz=01;31:*.tbz2=01;31:*.tz=01;31:*.deb=01;31:*.rpm=01;31:*.jar=01;31:*.war=01;31:*.ear=01;31:*.sar=01;31:*.rar=01;31:*.alz=01;31:*.ace=01;31:*.zoo=01;31:*.cpio=01;31:*.7z=01;31:*.rz=01;31:*.cab=01;31:*.wim=01;31:*.swm=01;31:*.dwm=01;31:*.esd=01;31:*.jpg=01;35:*.jpeg=01;35:*.mjpg=01;35:*.mjpeg=01;35:*.gif=01;35:*.bmp=01;35:*.pbm=01;35:*.pgm=01;35:*.ppm=01;35:*.tga=01;35:*.xbm=01;35:*.xpm=01;35:*.tif=01;35:*.tiff=01;35:*.png=01;35:*.svg=01;35:*.svgz=01;35:*.mng=01;35:*.pcx=01;35:*.mov=01;35:*.mpg=01;35:*.mpeg=01;35:*.m2v=01;35:*.mkv=01;35:*.webm=01;35:*.webp=01;35:*.ogm=01;35:*.mp4=01;35:*.m4v=01;35:*.mp4v=01;35:*.vob=01;35:*.qt=01;35:*.nuv=01;35:*.wmv=01;35:*.asf=01;35:*.rm=01;35:*.rmvb=01;35:*.flc=01;35:*.avi=01;35:*.fli=01;35:*.flv=01;35:*.gl=01;35:*.dl=01;35:*.xcf=01;35:*.xwd=01;35:*.yuv=01;35:*.cgm=01;35:*.emf=01;35:*.ogv=01;35:*.ogx=01;35:*.aac=00;36:*.au=00;36:*.flac=00;36:*.m4a=00;36:*.mid=00;36:*.midi=00;36:*.mka=00;36:*.mp3=00;36:*.mpc=00;36:*.ogg=00;36:*.ra=00;36:*.wav=00;36:*.oga=00;36:*.opus=00;36:*.spx=00;36:*.xspf=00;36:'), ('SSH_AUTH_SOCK', '/tmp/ssh-XXXXXX0nnUTh/agent.4275'), ('ROS_DOMAIN_ID', '0'), ('XDG_GREETER_DATA_DIR', '/var/lib/lightdm-data/sunrise'), ('AMENT_PREFIX_PATH', '/opt/ros/humble'), ('SHELL', '/bin/bash'), ('GDMSESSION', 'xfce'), ('QT_IM_MODULE', 'ibus'), ('XDG_VTNR', '7'), ('PWD', '/home/sunrise/Robot_Car/build/openslam_gmapping'), ('XDG_CONFIG_DIRS', '/etc/xdg/xdg-xfce:/etc/xdg:/etc/xdg'), ('CLUTTER_IM_MODULE', 'ibus'), ('XDG_DATA_DIRS', '/usr/share/xfce4:/usr/local/share/:/usr/share/:/usr/share'), ('PYTHONPATH', '/opt/ros/humble/lib/python3.10/site-packages:/opt/ros/humble/local/lib/python3.10/dist-packages'), ('COLCON', '1'), ('VTE_VERSION', '6800'), ('CMAKE_PREFIX_PATH', '/opt/ros/humble')]), 'shell': False}
[5.650899] (openslam_gmapping) StdoutLine: {'line': b'-- Install configuration: "Release"\n'}
[5.652039] (openslam_gmapping) StdoutLine: {'line': b'-- Execute custom install script\n'}
[5.655285] (openslam_gmapping) StdoutLine: {'line': b'-- Up-to-date symlink: /home/sunrise/Robot_Car/install/openslam_gmapping/lib/libgridfastslam.a\n'}
[5.656727] (openslam_gmapping) StdoutLine: {'line': b'-- Up-to-date symlink: /home/sunrise/Robot_Car/install/openslam_gmapping/lib/libscanmatcher.a\n'}
[5.658165] (openslam_gmapping) StdoutLine: {'line': b'-- Up-to-date symlink: /home/sunrise/Robot_Car/install/openslam_gmapping/lib/libsensor_base.a\n'}
[5.659665] (openslam_gmapping) StdoutLine: {'line': b'-- Up-to-date symlink: /home/sunrise/Robot_Car/install/openslam_gmapping/share/openslam_gmapping/environment/library_path.sh\n'}
[5.661162] (openslam_gmapping) StdoutLine: {'line': b'-- Up-to-date symlink: /home/sunrise/Robot_Car/install/openslam_gmapping/share/openslam_gmapping/environment/library_path.dsv\n'}
[5.666417] (openslam_gmapping) StdoutLine: {'line': b'-- Up-to-date symlink: /home/sunrise/Robot_Car/install/openslam_gmapping/share/openslam_gmapping/environment/library_path.sh\n'}
[5.668011] (openslam_gmapping) StdoutLine: {'line': b'-- Up-to-date symlink: /home/sunrise/Robot_Car/install/openslam_gmapping/share/openslam_gmapping/environment/library_path.dsv\n'}
[5.669366] (openslam_gmapping) StdoutLine: {'line': b'-- Up-to-date symlink: /home/sunrise/Robot_Car/install/openslam_gmapping/lib/libsensor_odometry.a\n'}
[5.677325] (openslam_gmapping) StdoutLine: {'line': b'-- Up-to-date symlink: /home/sunrise/Robot_Car/install/openslam_gmapping/lib/libsensor_range.a\n'}
[5.679103] (openslam_gmapping) StdoutLine: {'line': b'-- Up-to-date symlink: /home/sunrise/Robot_Car/install/openslam_gmapping/lib/libutils.a\n'}
[5.680627] (openslam_gmapping) StdoutLine: {'line': b'-- Up-to-date symlink: /home/sunrise/Robot_Car/install/openslam_gmapping/share/openslam_gmapping/environment/library_path.sh\n'}
[5.682224] (openslam_gmapping) StdoutLine: {'line': b'-- Up-to-date symlink: /home/sunrise/Robot_Car/install/openslam_gmapping/share/openslam_gmapping/environment/library_path.dsv\n'}
[5.683414] (openslam_gmapping) StdoutLine: {'line': b'-- Up-to-date symlink: /home/sunrise/Robot_Car/install/openslam_gmapping/share/openslam_gmapping/environment/library_path.sh\n'}
[5.684732] (openslam_gmapping) StdoutLine: {'line': b'-- Up-to-date symlink: /home/sunrise/Robot_Car/install/openslam_gmapping/share/openslam_gmapping/environment/library_path.dsv\n'}
[5.686171] (openslam_gmapping) StdoutLine: {'line': b'-- Up-to-date symlink: /home/sunrise/Robot_Car/install/openslam_gmapping/include//gmapping/grid/accessstate.h\n'}
[5.687923] (openslam_gmapping) StdoutLine: {'line': b'-- Up-to-date symlink: /home/sunrise/Robot_Car/install/openslam_gmapping/include//gmapping/grid/array2d.h\n'}
[5.689525] (openslam_gmapping) StdoutLine: {'line': b'-- Up-to-date symlink: /home/sunrise/Robot_Car/install/openslam_gmapping/include//gmapping/grid/harray2d.h\n'}
[5.691198] (openslam_gmapping) StdoutLine: {'line': b'-- Up-to-date symlink: /home/sunrise/Robot_Car/install/openslam_gmapping/include//gmapping/grid/map.h\n'}
[5.692674] (openslam_gmapping) StdoutLine: {'line': b'-- Up-to-date symlink: /home/sunrise/Robot_Car/install/openslam_gmapping/include//gmapping/gridfastslam/gridslamprocessor.h\n'}
[5.693909] (openslam_gmapping) StdoutLine: {'line': b'-- Up-to-date symlink: /home/sunrise/Robot_Car/install/openslam_gmapping/include//gmapping/gridfastslam/gridslamprocessor.hxx\n'}
[5.695384] (openslam_gmapping) StdoutLine: {'line': b'-- Up-to-date symlink: /home/sunrise/Robot_Car/install/openslam_gmapping/include//gmapping/gridfastslam/motionmodel.h\n'}
[5.696565] (openslam_gmapping) StdoutLine: {'line': b'-- Up-to-date symlink: /home/sunrise/Robot_Car/install/openslam_gmapping/include//gmapping/log/configuration.h\n'}
[5.705129] (-) TimerEvent: {}
[5.706662] (openslam_gmapping) StdoutLine: {'line': b'-- Up-to-date symlink: /home/sunrise/Robot_Car/install/openslam_gmapping/include//gmapping/log/sensorlog.h\n'}
[5.707854] (openslam_gmapping) StdoutLine: {'line': b'-- Up-to-date symlink: /home/sunrise/Robot_Car/install/openslam_gmapping/include//gmapping/particlefilter/particlefilter.h\n'}
[5.709224] (openslam_gmapping) StdoutLine: {'line': b'-- Up-to-date symlink: /home/sunrise/Robot_Car/install/openslam_gmapping/include//gmapping/scanmatcher/icp.h\n'}
[5.710202] (openslam_gmapping) StdoutLine: {'line': b'-- Up-to-date symlink: /home/sunrise/Robot_Car/install/openslam_gmapping/include//gmapping/scanmatcher/scanmatcher.h\n'}
[5.711132] (openslam_gmapping) StdoutLine: {'line': b'-- Up-to-date symlink: /home/sunrise/Robot_Car/install/openslam_gmapping/include//gmapping/scanmatcher/smmap.h\n'}
[5.711900] (openslam_gmapping) StdoutLine: {'line': b'-- Up-to-date symlink: /home/sunrise/Robot_Car/install/openslam_gmapping/include//gmapping/sensor/sensor_base/sensor.h\n'}
[5.712730] (openslam_gmapping) StdoutLine: {'line': b'-- Up-to-date symlink: /home/sunrise/Robot_Car/install/openslam_gmapping/include//gmapping/sensor/sensor_base/sensorreading.h\n'}
[5.713512] (openslam_gmapping) StdoutLine: {'line': b'-- Up-to-date symlink: /home/sunrise/Robot_Car/install/openslam_gmapping/include//gmapping/sensor/sensor_odometry/odometryreading.h\n'}
[5.714242] (openslam_gmapping) StdoutLine: {'line': b'-- Up-to-date symlink: /home/sunrise/Robot_Car/install/openslam_gmapping/include//gmapping/sensor/sensor_odometry/odometrysensor.h\n'}
[5.715203] (openslam_gmapping) StdoutLine: {'line': b'-- Up-to-date symlink: /home/sunrise/Robot_Car/install/openslam_gmapping/include//gmapping/sensor/sensor_range/rangereading.h\n'}
[5.716137] (openslam_gmapping) StdoutLine: {'line': b'-- Up-to-date symlink: /home/sunrise/Robot_Car/install/openslam_gmapping/include//gmapping/sensor/sensor_range/rangesensor.h\n'}
[5.718159] (openslam_gmapping) StdoutLine: {'line': b'-- Up-to-date symlink: /home/sunrise/Robot_Car/install/openslam_gmapping/include//gmapping/utils/autoptr.h\n'}
[5.719322] (openslam_gmapping) StdoutLine: {'line': b'-- Up-to-date symlink: /home/sunrise/Robot_Car/install/openslam_gmapping/include//gmapping/utils/commandline.h\n'}
[5.720276] (openslam_gmapping) StdoutLine: {'line': b'-- Up-to-date symlink: /home/sunrise/Robot_Car/install/openslam_gmapping/include//gmapping/utils/gvalues.h\n'}
[5.721243] (openslam_gmapping) StdoutLine: {'line': b'-- Up-to-date symlink: /home/sunrise/Robot_Car/install/openslam_gmapping/include//gmapping/utils/macro_params.h\n'}
[5.722310] (openslam_gmapping) StdoutLine: {'line': b'-- Up-to-date symlink: /home/sunrise/Robot_Car/install/openslam_gmapping/include//gmapping/utils/point.h\n'}
[5.723426] (openslam_gmapping) StdoutLine: {'line': b'-- Up-to-date symlink: /home/sunrise/Robot_Car/install/openslam_gmapping/include//gmapping/utils/stat.h\n'}
[5.724378] (openslam_gmapping) StdoutLine: {'line': b'-- Up-to-date symlink: /home/sunrise/Robot_Car/install/openslam_gmapping/share/ament_index/resource_index/package_run_dependencies/openslam_gmapping\n'}
[5.727787] (openslam_gmapping) StdoutLine: {'line': b'-- Up-to-date symlink: /home/sunrise/Robot_Car/install/openslam_gmapping/share/ament_index/resource_index/parent_prefix_path/openslam_gmapping\n'}
[5.728722] (openslam_gmapping) StdoutLine: {'line': b'-- Up-to-date symlink: /home/sunrise/Robot_Car/install/openslam_gmapping/share/openslam_gmapping/environment/ament_prefix_path.sh\n'}
[5.729472] (openslam_gmapping) StdoutLine: {'line': b'-- Up-to-date symlink: /home/sunrise/Robot_Car/install/openslam_gmapping/share/openslam_gmapping/environment/ament_prefix_path.dsv\n'}
[5.730500] (openslam_gmapping) StdoutLine: {'line': b'-- Up-to-date symlink: /home/sunrise/Robot_Car/install/openslam_gmapping/share/openslam_gmapping/environment/path.sh\n'}
[5.731498] (openslam_gmapping) StdoutLine: {'line': b'-- Up-to-date symlink: /home/sunrise/Robot_Car/install/openslam_gmapping/share/openslam_gmapping/environment/path.dsv\n'}
[5.743892] (openslam_gmapping) StdoutLine: {'line': b'-- Up-to-date symlink: /home/sunrise/Robot_Car/install/openslam_gmapping/share/openslam_gmapping/local_setup.bash\n'}
[5.752961] (openslam_gmapping) StdoutLine: {'line': b'-- Up-to-date symlink: /home/sunrise/Robot_Car/install/openslam_gmapping/share/openslam_gmapping/local_setup.sh\n'}
[5.753999] (openslam_gmapping) StdoutLine: {'line': b'-- Up-to-date symlink: /home/sunrise/Robot_Car/install/openslam_gmapping/share/openslam_gmapping/local_setup.zsh\n'}
[5.755820] (openslam_gmapping) StdoutLine: {'line': b'-- Up-to-date symlink: /home/sunrise/Robot_Car/install/openslam_gmapping/share/openslam_gmapping/local_setup.dsv\n'}
[5.757629] (openslam_gmapping) StdoutLine: {'line': b'-- Symlinking: /home/sunrise/Robot_Car/install/openslam_gmapping/share/openslam_gmapping/package.dsv\n'}
[5.763527] (openslam_gmapping) StdoutLine: {'line': b'-- Up-to-date symlink: /home/sunrise/Robot_Car/install/openslam_gmapping/share/ament_index/resource_index/packages/openslam_gmapping\n'}
[5.764720] (openslam_gmapping) StdoutLine: {'line': b'-- Up-to-date symlink: /home/sunrise/Robot_Car/install/openslam_gmapping/share/openslam_gmapping/cmake/ament_cmake_export_libraries-extras.cmake\n'}
[5.765910] (openslam_gmapping) StdoutLine: {'line': b'-- Up-to-date symlink: /home/sunrise/Robot_Car/install/openslam_gmapping/share/openslam_gmapping/cmake/ament_cmake_export_include_directories-extras.cmake\n'}
[5.767261] (openslam_gmapping) StdoutLine: {'line': b'-- Up-to-date symlink: /home/sunrise/Robot_Car/install/openslam_gmapping/share/openslam_gmapping/cmake/openslam_gmappingConfig.cmake\n'}
[5.768503] (openslam_gmapping) StdoutLine: {'line': b'-- Up-to-date symlink: /home/sunrise/Robot_Car/install/openslam_gmapping/share/openslam_gmapping/cmake/openslam_gmappingConfig-version.cmake\n'}
[5.769753] (openslam_gmapping) StdoutLine: {'line': b'-- Up-to-date symlink: /home/sunrise/Robot_Car/install/openslam_gmapping/share/openslam_gmapping/package.xml\n'}
[5.785760] (openslam_gmapping) CommandEnded: {'returncode': 0}
[5.807986] (-) TimerEvent: {}
[5.897852] (openslam_gmapping) JobEnded: {'identifier': 'openslam_gmapping', 'rc': 0}
[5.908308] (-) TimerEvent: {}
[5.909786] (slam_gmapping) JobStarted: {'identifier': 'slam_gmapping'}
[5.963626] (slam_gmapping) JobProgress: {'identifier': 'slam_gmapping', 'progress': 'cmake'}
[5.972531] (slam_gmapping) Command: {'cmd': ['/usr/bin/cmake', '/home/sunrise/Robot_Car/src/slam_gmapping', '-DCMAKE_INSTALL_PREFIX=/home/sunrise/Robot_Car/install/slam_gmapping'], 'cwd': '/home/sunrise/Robot_Car/build/slam_gmapping', 'env': OrderedDict([('LANGUAGE', 'zh_CN'), ('USER', 'sunrise'), ('XDG_SEAT', 'seat0'), ('SSH_AGENT_PID', '4283'), ('XDG_SESSION_TYPE', 'x11'), ('SHLVL', '1'), ('LD_LIBRARY_PATH', '/home/sunrise/Robot_Car/install/openslam_gmapping/lib:/opt/ros/humble/opt/rviz_ogre_vendor/lib:/opt/ros/humble/lib/aarch64-linux-gnu:/opt/ros/humble/lib'), ('HOME', '/home/sunrise'), ('OLDPWD', '/home/sunrise/Robot_Car'), ('DESKTOP_SESSION', 'xfce'), ('ROS_PYTHON_VERSION', '3'), ('XDG_SEAT_PATH', '/org/freedesktop/DisplayManager/Seat0'), ('DBUS_SESSION_BUS_ADDRESS', 'unix:path=/run/user/1000/bus'), ('COLORTERM', 'truecolor'), ('ROS_DISTRO', 'humble'), ('GTK_IM_MODULE', 'ibus'), ('LOGNAME', 'sunrise'), ('WINDOWID', '67119595'), ('_', '/usr/bin/colcon'), ('ROS_VERSION', '2'), ('XDG_SESSION_CLASS', 'user'), ('TERM', 'xterm-256color'), ('XDG_SESSION_ID', 'c2'), ('ROS_LOCALHOST_ONLY', '0'), ('PATH', '/opt/ros/humble/bin:/usr/local/sbin:/usr/local/bin:/usr/sbin:/usr/bin:/sbin:/bin:/usr/games:/usr/local/games:/snap/bin'), ('SESSION_MANAGER', 'local/ubuntu:@/tmp/.ICE-unix/3780,unix/ubuntu:/tmp/.ICE-unix/3780'), ('GDM_LANG', 'zh_CN'), ('XDG_SESSION_PATH', '/org/freedesktop/DisplayManager/Session0'), ('XDG_MENU_PREFIX', 'xfce-'), ('XDG_RUNTIME_DIR', '/run/user/1000'), ('DISPLAY', ':0.0'), ('LANG', 'zh_CN.UTF-8'), ('XDG_CURRENT_DESKTOP', 'XFCE'), ('XMODIFIERS', '@im=ibus'), ('XDG_SESSION_DESKTOP', 'xfce'), ('XAUTHORITY', '/home/sunrise/.Xauthority'), ('LS_COLORS', 'rs=0:di=01;34:ln=01;36:mh=00:pi=40;33:so=01;35:do=01;35:bd=40;33;01:cd=40;33;01:or=40;31;01:mi=00:su=37;41:sg=30;43:ca=30;41:tw=30;42:ow=34;42:st=37;44:ex=01;32:*.tar=01;31:*.tgz=01;31:*.arc=01;31:*.arj=01;31:*.taz=01;31:*.lha=01;31:*.lz4=01;31:*.lzh=01;31:*.lzma=01;31:*.tlz=01;31:*.txz=01;31:*.tzo=01;31:*.t7z=01;31:*.zip=01;31:*.z=01;31:*.dz=01;31:*.gz=01;31:*.lrz=01;31:*.lz=01;31:*.lzo=01;31:*.xz=01;31:*.zst=01;31:*.tzst=01;31:*.bz2=01;31:*.bz=01;31:*.tbz=01;31:*.tbz2=01;31:*.tz=01;31:*.deb=01;31:*.rpm=01;31:*.jar=01;31:*.war=01;31:*.ear=01;31:*.sar=01;31:*.rar=01;31:*.alz=01;31:*.ace=01;31:*.zoo=01;31:*.cpio=01;31:*.7z=01;31:*.rz=01;31:*.cab=01;31:*.wim=01;31:*.swm=01;31:*.dwm=01;31:*.esd=01;31:*.jpg=01;35:*.jpeg=01;35:*.mjpg=01;35:*.mjpeg=01;35:*.gif=01;35:*.bmp=01;35:*.pbm=01;35:*.pgm=01;35:*.ppm=01;35:*.tga=01;35:*.xbm=01;35:*.xpm=01;35:*.tif=01;35:*.tiff=01;35:*.png=01;35:*.svg=01;35:*.svgz=01;35:*.mng=01;35:*.pcx=01;35:*.mov=01;35:*.mpg=01;35:*.mpeg=01;35:*.m2v=01;35:*.mkv=01;35:*.webm=01;35:*.webp=01;35:*.ogm=01;35:*.mp4=01;35:*.m4v=01;35:*.mp4v=01;35:*.vob=01;35:*.qt=01;35:*.nuv=01;35:*.wmv=01;35:*.asf=01;35:*.rm=01;35:*.rmvb=01;35:*.flc=01;35:*.avi=01;35:*.fli=01;35:*.flv=01;35:*.gl=01;35:*.dl=01;35:*.xcf=01;35:*.xwd=01;35:*.yuv=01;35:*.cgm=01;35:*.emf=01;35:*.ogv=01;35:*.ogx=01;35:*.aac=00;36:*.au=00;36:*.flac=00;36:*.m4a=00;36:*.mid=00;36:*.midi=00;36:*.mka=00;36:*.mp3=00;36:*.mpc=00;36:*.ogg=00;36:*.ra=00;36:*.wav=00;36:*.oga=00;36:*.opus=00;36:*.spx=00;36:*.xspf=00;36:'), ('SSH_AUTH_SOCK', '/tmp/ssh-XXXXXX0nnUTh/agent.4275'), ('ROS_DOMAIN_ID', '0'), ('XDG_GREETER_DATA_DIR', '/var/lib/lightdm-data/sunrise'), ('AMENT_PREFIX_PATH', '/home/sunrise/Robot_Car/install/openslam_gmapping:/opt/ros/humble'), ('SHELL', '/bin/bash'), ('GDMSESSION', 'xfce'), ('QT_IM_MODULE', 'ibus'), ('XDG_VTNR', '7'), ('PWD', '/home/sunrise/Robot_Car/build/slam_gmapping'), ('XDG_CONFIG_DIRS', '/etc/xdg/xdg-xfce:/etc/xdg:/etc/xdg'), ('CLUTTER_IM_MODULE', 'ibus'), ('XDG_DATA_DIRS', '/usr/share/xfce4:/usr/local/share/:/usr/share/:/usr/share'), ('PYTHONPATH', '/opt/ros/humble/lib/python3.10/site-packages:/opt/ros/humble/local/lib/python3.10/dist-packages'), ('COLCON', '1'), ('VTE_VERSION', '6800'), ('CMAKE_PREFIX_PATH', '/home/sunrise/Robot_Car/install/openslam_gmapping:/opt/ros/humble')]), 'shell': False}
[6.008548] (-) TimerEvent: {}
[6.052428] (slam_gmapping) StderrLine: {'line': b'\x1b[0m -fuse-ld=lld -Wl,--disable-new-dtags\x1b[0m\n'}
[6.058380] (slam_gmapping) StdoutLine: {'line': b'-- Found ament_cmake: 1.3.12 (/opt/ros/humble/share/ament_cmake/cmake)\n'}
[6.108828] (-) TimerEvent: {}
[6.213753] (-) TimerEvent: {}
[6.315405] (-) TimerEvent: {}
[6.420108] (-) TimerEvent: {}
[6.521616] (-) TimerEvent: {}
[6.623077] (-) TimerEvent: {}
[6.724493] (-) TimerEvent: {}
[6.825564] (-) TimerEvent: {}
[6.926664] (-) TimerEvent: {}
[7.027832] (-) TimerEvent: {}
[7.126670] (slam_gmapping) StdoutLine: {'line': b'-- Override CMake install command with custom implementation using symlinks instead of copying resources\n'}
[7.127989] (-) TimerEvent: {}
[7.176973] (slam_gmapping) StdoutLine: {'line': b'-- Found std_msgs: 4.9.0 (/opt/ros/humble/share/std_msgs/cmake)\n'}
[7.228233] (-) TimerEvent: {}
[7.330031] (-) TimerEvent: {}
[7.337007] (slam_gmapping) StdoutLine: {'line': b'-- Found rosidl_generator_c: 3.1.7 (/opt/ros/humble/share/rosidl_generator_c/cmake)\n'}
[7.345659] (car_base_driver) Command: {'cmd': ['/usr/bin/python3', '-W', 'ignore:setup.py install is deprecated', '-W', 'ignore:easy_install command is deprecated', 'setup.py', 'egg_info', '--egg-base', '../../build/car_base_driver', 'build', '--build-base', '/home/sunrise/Robot_Car/build/car_base_driver/build', 'install', '--record', '/home/sunrise/Robot_Car/build/car_base_driver/install.log', '--single-version-externally-managed', 'install_data'], 'cwd': '/home/sunrise/Robot_Car/src/car_base_driver', 'env': {'LANGUAGE': 'zh_CN', 'USER': 'sunrise', 'XDG_SEAT': 'seat0', 'SSH_AGENT_PID': '4283', 'XDG_SESSION_TYPE': 'x11', 'SHLVL': '1', 'LD_LIBRARY_PATH': '/opt/ros/humble/opt/rviz_ogre_vendor/lib:/opt/ros/humble/lib/aarch64-linux-gnu:/opt/ros/humble/lib', 'HOME': '/home/sunrise', 'OLDPWD': '/home/sunrise/Robot_Car', 'DESKTOP_SESSION': 'xfce', 'ROS_PYTHON_VERSION': '3', 'XDG_SEAT_PATH': '/org/freedesktop/DisplayManager/Seat0', 'DBUS_SESSION_BUS_ADDRESS': 'unix:path=/run/user/1000/bus', 'COLORTERM': 'truecolor', 'ROS_DISTRO': 'humble', 'GTK_IM_MODULE': 'ibus', 'LOGNAME': 'sunrise', 'WINDOWID': '67119595', '_': '/usr/bin/colcon', 'ROS_VERSION': '2', 'XDG_SESSION_CLASS': 'user', 'TERM': 'xterm-256color', 'XDG_SESSION_ID': 'c2', 'ROS_LOCALHOST_ONLY': '0', 'PATH': '/opt/ros/humble/bin:/usr/local/sbin:/usr/local/bin:/usr/sbin:/usr/bin:/sbin:/bin:/usr/games:/usr/local/games:/snap/bin', 'SESSION_MANAGER': 'local/ubuntu:@/tmp/.ICE-unix/3780,unix/ubuntu:/tmp/.ICE-unix/3780', 'GDM_LANG': 'zh_CN', 'XDG_SESSION_PATH': '/org/freedesktop/DisplayManager/Session0', 'XDG_MENU_PREFIX': 'xfce-', 'XDG_RUNTIME_DIR': '/run/user/1000', 'DISPLAY': ':0.0', 'LANG': 'zh_CN.UTF-8', 'XDG_CURRENT_DESKTOP': 'XFCE', 'XMODIFIERS': '@im=ibus', 'XDG_SESSION_DESKTOP': 'xfce', 'XAUTHORITY': '/home/sunrise/.Xauthority', 'LS_COLORS': 'rs=0:di=01;34:ln=01;36:mh=00:pi=40;33:so=01;35:do=01;35:bd=40;33;01:cd=40;33;01:or=40;31;01:mi=00:su=37;41:sg=30;43:ca=30;41:tw=30;42:ow=34;42:st=37;44:ex=01;32:*.tar=01;31:*.tgz=01;31:*.arc=01;31:*.arj=01;31:*.taz=01;31:*.lha=01;31:*.lz4=01;31:*.lzh=01;31:*.lzma=01;31:*.tlz=01;31:*.txz=01;31:*.tzo=01;31:*.t7z=01;31:*.zip=01;31:*.z=01;31:*.dz=01;31:*.gz=01;31:*.lrz=01;31:*.lz=01;31:*.lzo=01;31:*.xz=01;31:*.zst=01;31:*.tzst=01;31:*.bz2=01;31:*.bz=01;31:*.tbz=01;31:*.tbz2=01;31:*.tz=01;31:*.deb=01;31:*.rpm=01;31:*.jar=01;31:*.war=01;31:*.ear=01;31:*.sar=01;31:*.rar=01;31:*.alz=01;31:*.ace=01;31:*.zoo=01;31:*.cpio=01;31:*.7z=01;31:*.rz=01;31:*.cab=01;31:*.wim=01;31:*.swm=01;31:*.dwm=01;31:*.esd=01;31:*.jpg=01;35:*.jpeg=01;35:*.mjpg=01;35:*.mjpeg=01;35:*.gif=01;35:*.bmp=01;35:*.pbm=01;35:*.pgm=01;35:*.ppm=01;35:*.tga=01;35:*.xbm=01;35:*.xpm=01;35:*.tif=01;35:*.tiff=01;35:*.png=01;35:*.svg=01;35:*.svgz=01;35:*.mng=01;35:*.pcx=01;35:*.mov=01;35:*.mpg=01;35:*.mpeg=01;35:*.m2v=01;35:*.mkv=01;35:*.webm=01;35:*.webp=01;35:*.ogm=01;35:*.mp4=01;35:*.m4v=01;35:*.mp4v=01;35:*.vob=01;35:*.qt=01;35:*.nuv=01;35:*.wmv=01;35:*.asf=01;35:*.rm=01;35:*.rmvb=01;35:*.flc=01;35:*.avi=01;35:*.fli=01;35:*.flv=01;35:*.gl=01;35:*.dl=01;35:*.xcf=01;35:*.xwd=01;35:*.yuv=01;35:*.cgm=01;35:*.emf=01;35:*.ogv=01;35:*.ogx=01;35:*.aac=00;36:*.au=00;36:*.flac=00;36:*.m4a=00;36:*.mid=00;36:*.midi=00;36:*.mka=00;36:*.mp3=00;36:*.mpc=00;36:*.ogg=00;36:*.ra=00;36:*.wav=00;36:*.oga=00;36:*.opus=00;36:*.spx=00;36:*.xspf=00;36:', 'SSH_AUTH_SOCK': '/tmp/ssh-XXXXXX0nnUTh/agent.4275', 'ROS_DOMAIN_ID': '0', 'XDG_GREETER_DATA_DIR': '/var/lib/lightdm-data/sunrise', 'AMENT_PREFIX_PATH': '/opt/ros/humble', 'SHELL': '/bin/bash', 'GDMSESSION': 'xfce', 'QT_IM_MODULE': 'ibus', 'XDG_VTNR': '7', 'PWD': '/home/sunrise/Robot_Car/build/car_base_driver', 'XDG_CONFIG_DIRS': '/etc/xdg/xdg-xfce:/etc/xdg:/etc/xdg', 'CLUTTER_IM_MODULE': 'ibus', 'XDG_DATA_DIRS': '/usr/share/xfce4:/usr/local/share/:/usr/share/:/usr/share', 'PYTHONPATH': '/home/sunrise/Robot_Car/build/car_base_driver/prefix_override:/usr/lib/python3/dist-packages/colcon_core/task/python/colcon_distutils_commands:/home/sunrise/Robot_Car/install/car_base_driver/lib/python3.10/site-packages:/opt/ros/humble/lib/python3.10/site-packages:/opt/ros/humble/local/lib/python3.10/dist-packages', 'COLCON': '1', 'VTE_VERSION': '6800'}, 'shell': False}
[7.358278] (slam_gmapping) StdoutLine: {'line': b'-- Found rosidl_adapter: 3.1.7 (/opt/ros/humble/share/rosidl_adapter/cmake)\n'}
[7.400934] (slam_gmapping) StdoutLine: {'line': b'-- Found rosidl_generator_cpp: 3.1.7 (/opt/ros/humble/share/rosidl_generator_cpp/cmake)\n'}
[7.429892] (-) TimerEvent: {}
[7.474004] (slam_gmapping) StdoutLine: {'line': b'-- Using all available rosidl_typesupport_c: rosidl_typesupport_fastrtps_c;rosidl_typesupport_introspection_c\n'}
[7.530154] (-) TimerEvent: {}
[7.575926] (slam_gmapping) StdoutLine: {'line': b'-- Using all available rosidl_typesupport_cpp: rosidl_typesupport_fastrtps_cpp;rosidl_typesupport_introspection_cpp\n'}
[7.630384] (-) TimerEvent: {}
[7.732221] (-) TimerEvent: {}
[7.773633] (slam_gmapping) StdoutLine: {'line': b'-- Found nav_msgs: 4.9.0 (/opt/ros/humble/share/nav_msgs/cmake)\n'}
[7.832435] (-) TimerEvent: {}
[7.933685] (-) TimerEvent: {}
[8.020261] (slam_gmapping) StdoutLine: {'line': b'-- Found tf2: 0.25.15 (/opt/ros/humble/share/tf2/cmake)\n'}
[8.033905] (-) TimerEvent: {}
[8.050604] (slam_gmapping) StdoutLine: {'line': b'-- Found tf2_ros: 0.25.15 (/opt/ros/humble/share/tf2_ros/cmake)\n'}
[8.134138] (-) TimerEvent: {}
[8.235523] (-) TimerEvent: {}
[8.337136] (-) TimerEvent: {}
[8.426471] (slam_gmapping) StdoutLine: {'line': b'-- Found rmw_implementation_cmake: 6.1.2 (/opt/ros/humble/share/rmw_implementation_cmake/cmake)\n'}
[8.435760] (slam_gmapping) StdoutLine: {'line': b'-- Found rmw_fastrtps_cpp: 6.2.8 (/opt/ros/humble/share/rmw_fastrtps_cpp/cmake)\n'}
[8.437315] (-) TimerEvent: {}
[8.538627] (-) TimerEvent: {}
[8.639884] (-) TimerEvent: {}
[8.741254] (-) TimerEvent: {}
[8.757054] (car_base_driver) StderrLine: {'line': b"/usr/local/lib/python3.10/dist-packages/setuptools/_distutils/dist.py:289: UserWarning: Unknown distribution option: 'tests_require'\n"}
[8.758131] (car_base_driver) StderrLine: {'line': b'  warnings.warn(msg)\n'}
[8.841470] (-) TimerEvent: {}
[8.943479] (-) TimerEvent: {}
[8.988086] (slam_gmapping) StdoutLine: {'line': b"-- Using RMW implementation 'rmw_fastrtps_cpp' as default\n"}
[9.043610] (-) TimerEvent: {}
[9.145080] (-) TimerEvent: {}
[9.247818] (-) TimerEvent: {}
[9.349575] (-) TimerEvent: {}
[9.451247] (-) TimerEvent: {}
[9.552835] (-) TimerEvent: {}
[9.605583] (car_control_tools) Command: {'cmd': ['/usr/bin/python3', '-W', 'ignore:setup.py install is deprecated', '-W', 'ignore:easy_install command is deprecated', 'setup.py', 'egg_info', '--egg-base', '../../build/car_control_tools', 'build', '--build-base', '/home/sunrise/Robot_Car/build/car_control_tools/build', 'install', '--record', '/home/sunrise/Robot_Car/build/car_control_tools/install.log', '--single-version-externally-managed', 'install_data'], 'cwd': '/home/sunrise/Robot_Car/src/car_control_tools', 'env': {'LANGUAGE': 'zh_CN', 'USER': 'sunrise', 'XDG_SEAT': 'seat0', 'SSH_AGENT_PID': '4283', 'XDG_SESSION_TYPE': 'x11', 'SHLVL': '1', 'LD_LIBRARY_PATH': '/opt/ros/humble/opt/rviz_ogre_vendor/lib:/opt/ros/humble/lib/aarch64-linux-gnu:/opt/ros/humble/lib', 'HOME': '/home/sunrise', 'OLDPWD': '/home/sunrise/Robot_Car', 'DESKTOP_SESSION': 'xfce', 'ROS_PYTHON_VERSION': '3', 'XDG_SEAT_PATH': '/org/freedesktop/DisplayManager/Seat0', 'DBUS_SESSION_BUS_ADDRESS': 'unix:path=/run/user/1000/bus', 'COLORTERM': 'truecolor', 'ROS_DISTRO': 'humble', 'GTK_IM_MODULE': 'ibus', 'LOGNAME': 'sunrise', 'WINDOWID': '67119595', '_': '/usr/bin/colcon', 'ROS_VERSION': '2', 'XDG_SESSION_CLASS': 'user', 'TERM': 'xterm-256color', 'XDG_SESSION_ID': 'c2', 'ROS_LOCALHOST_ONLY': '0', 'PATH': '/opt/ros/humble/bin:/usr/local/sbin:/usr/local/bin:/usr/sbin:/usr/bin:/sbin:/bin:/usr/games:/usr/local/games:/snap/bin', 'SESSION_MANAGER': 'local/ubuntu:@/tmp/.ICE-unix/3780,unix/ubuntu:/tmp/.ICE-unix/3780', 'GDM_LANG': 'zh_CN', 'XDG_SESSION_PATH': '/org/freedesktop/DisplayManager/Session0', 'XDG_MENU_PREFIX': 'xfce-', 'XDG_RUNTIME_DIR': '/run/user/1000', 'DISPLAY': ':0.0', 'LANG': 'zh_CN.UTF-8', 'XDG_CURRENT_DESKTOP': 'XFCE', 'XMODIFIERS': '@im=ibus', 'XDG_SESSION_DESKTOP': 'xfce', 'XAUTHORITY': '/home/sunrise/.Xauthority', 'LS_COLORS': 'rs=0:di=01;34:ln=01;36:mh=00:pi=40;33:so=01;35:do=01;35:bd=40;33;01:cd=40;33;01:or=40;31;01:mi=00:su=37;41:sg=30;43:ca=30;41:tw=30;42:ow=34;42:st=37;44:ex=01;32:*.tar=01;31:*.tgz=01;31:*.arc=01;31:*.arj=01;31:*.taz=01;31:*.lha=01;31:*.lz4=01;31:*.lzh=01;31:*.lzma=01;31:*.tlz=01;31:*.txz=01;31:*.tzo=01;31:*.t7z=01;31:*.zip=01;31:*.z=01;31:*.dz=01;31:*.gz=01;31:*.lrz=01;31:*.lz=01;31:*.lzo=01;31:*.xz=01;31:*.zst=01;31:*.tzst=01;31:*.bz2=01;31:*.bz=01;31:*.tbz=01;31:*.tbz2=01;31:*.tz=01;31:*.deb=01;31:*.rpm=01;31:*.jar=01;31:*.war=01;31:*.ear=01;31:*.sar=01;31:*.rar=01;31:*.alz=01;31:*.ace=01;31:*.zoo=01;31:*.cpio=01;31:*.7z=01;31:*.rz=01;31:*.cab=01;31:*.wim=01;31:*.swm=01;31:*.dwm=01;31:*.esd=01;31:*.jpg=01;35:*.jpeg=01;35:*.mjpg=01;35:*.mjpeg=01;35:*.gif=01;35:*.bmp=01;35:*.pbm=01;35:*.pgm=01;35:*.ppm=01;35:*.tga=01;35:*.xbm=01;35:*.xpm=01;35:*.tif=01;35:*.tiff=01;35:*.png=01;35:*.svg=01;35:*.svgz=01;35:*.mng=01;35:*.pcx=01;35:*.mov=01;35:*.mpg=01;35:*.mpeg=01;35:*.m2v=01;35:*.mkv=01;35:*.webm=01;35:*.webp=01;35:*.ogm=01;35:*.mp4=01;35:*.m4v=01;35:*.mp4v=01;35:*.vob=01;35:*.qt=01;35:*.nuv=01;35:*.wmv=01;35:*.asf=01;35:*.rm=01;35:*.rmvb=01;35:*.flc=01;35:*.avi=01;35:*.fli=01;35:*.flv=01;35:*.gl=01;35:*.dl=01;35:*.xcf=01;35:*.xwd=01;35:*.yuv=01;35:*.cgm=01;35:*.emf=01;35:*.ogv=01;35:*.ogx=01;35:*.aac=00;36:*.au=00;36:*.flac=00;36:*.m4a=00;36:*.mid=00;36:*.midi=00;36:*.mka=00;36:*.mp3=00;36:*.mpc=00;36:*.ogg=00;36:*.ra=00;36:*.wav=00;36:*.oga=00;36:*.opus=00;36:*.spx=00;36:*.xspf=00;36:', 'SSH_AUTH_SOCK': '/tmp/ssh-XXXXXX0nnUTh/agent.4275', 'ROS_DOMAIN_ID': '0', 'XDG_GREETER_DATA_DIR': '/var/lib/lightdm-data/sunrise', 'AMENT_PREFIX_PATH': '/opt/ros/humble', 'SHELL': '/bin/bash', 'GDMSESSION': 'xfce', 'QT_IM_MODULE': 'ibus', 'XDG_VTNR': '7', 'PWD': '/home/sunrise/Robot_Car/build/car_control_tools', 'XDG_CONFIG_DIRS': '/etc/xdg/xdg-xfce:/etc/xdg:/etc/xdg', 'CLUTTER_IM_MODULE': 'ibus', 'XDG_DATA_DIRS': '/usr/share/xfce4:/usr/local/share/:/usr/share/:/usr/share', 'PYTHONPATH': '/home/sunrise/Robot_Car/build/car_control_tools/prefix_override:/usr/lib/python3/dist-packages/colcon_core/task/python/colcon_distutils_commands:/home/sunrise/Robot_Car/install/car_control_tools/lib/python3.10/site-packages:/opt/ros/humble/lib/python3.10/site-packages:/opt/ros/humble/local/lib/python3.10/dist-packages', 'COLCON': '1', 'VTE_VERSION': '6800'}, 'shell': False}
[9.653072] (-) TimerEvent: {}
[9.754210] (-) TimerEvent: {}
[9.827215] (slam_gmapping) StdoutLine: {'line': b'-- Found tf2_geometry_msgs: 0.25.15 (/opt/ros/humble/share/tf2_geometry_msgs/cmake)\n'}
[9.851097] (slam_gmapping) StdoutLine: {'line': b'-- Found eigen3_cmake_module: 0.1.1 (/opt/ros/humble/share/eigen3_cmake_module/cmake)\n'}
[9.854423] (-) TimerEvent: {}
[9.860212] (slam_gmapping) StdoutLine: {'line': b'-- Ensuring Eigen3 include directory is part of orocos-kdl CMake target\n'}
[9.875074] (slam_gmapping) StdoutLine: {'line': b'-- Found sensor_msgs: 4.9.0 (/opt/ros/humble/share/sensor_msgs/cmake)\n'}
[9.954647] (-) TimerEvent: {}
[10.011613] (car_base_driver) StdoutLine: {'line': b'running egg_info\n'}
[10.031178] (slam_gmapping) StdoutLine: {'line': b'-- Found visualization_msgs: 4.9.0 (/opt/ros/humble/share/visualization_msgs/cmake)\n'}
[10.055080] (-) TimerEvent: {}
[10.156479] (-) TimerEvent: {}
[10.204445] (slam_gmapping) StdoutLine: {'line': b'-- Found openslam_gmapping: 0.1.2 (/home/sunrise/Robot_Car/install/openslam_gmapping/share/openslam_gmapping/cmake)\n'}
[10.210694] (car_base_driver) StdoutLine: {'line': b'writing ../../build/car_base_driver/car_base_driver.egg-info/PKG-INFO\n'}
[10.213686] (car_base_driver) StdoutLine: {'line': b'writing dependency_links to ../../build/car_base_driver/car_base_driver.egg-info/dependency_links.txt\n'}
[10.216007] (slam_gmapping) StdoutLine: {'line': b'-- Found ament_lint_auto: 0.12.14 (/opt/ros/humble/share/ament_lint_auto/cmake)\n'}
[10.217592] (car_base_driver) StdoutLine: {'line': b'writing entry points to ../../build/car_base_driver/car_base_driver.egg-info/entry_points.txt\n'}
[10.219591] (car_base_driver) StdoutLine: {'line': b'writing requirements to ../../build/car_base_driver/car_base_driver.egg-info/requires.txt\n'}
[10.220474] (car_base_driver) StdoutLine: {'line': b'writing top-level names to ../../build/car_base_driver/car_base_driver.egg-info/top_level.txt\n'}
[10.256717] (-) TimerEvent: {}
[10.358197] (-) TimerEvent: {}
[10.459746] (-) TimerEvent: {}
[10.561175] (-) TimerEvent: {}
[10.642235] (car_base_driver) StdoutLine: {'line': b"reading manifest file '../../build/car_base_driver/car_base_driver.egg-info/SOURCES.txt'\n"}
[10.653365] (car_base_driver) StdoutLine: {'line': b"writing manifest file '../../build/car_base_driver/car_base_driver.egg-info/SOURCES.txt'\n"}
[10.655407] (car_base_driver) StdoutLine: {'line': b'running build\n'}
[10.657091] (car_base_driver) StdoutLine: {'line': b'running build_py\n'}
[10.658512] (car_base_driver) StdoutLine: {'line': b'copying car_base_driver/__init__.py -> /home/sunrise/Robot_Car/build/car_base_driver/build/lib/car_base_driver\n'}
[10.660109] (car_base_driver) StdoutLine: {'line': b'copying car_base_driver/kinematics.py -> /home/sunrise/Robot_Car/build/car_base_driver/build/lib/car_base_driver\n'}
[10.661396] (car_base_driver) StdoutLine: {'line': b'copying car_base_driver/serial_driver.py -> /home/sunrise/Robot_Car/build/car_base_driver/build/lib/car_base_driver\n'}
[10.662287] (-) TimerEvent: {}
[10.664506] (car_base_driver) StdoutLine: {'line': b'running install\n'}
[10.708700] (car_base_driver) StdoutLine: {'line': b'running install_lib\n'}
[10.762540] (-) TimerEvent: {}
[10.849112] (slam_gmapping) StdoutLine: {'line': b"-- Added test 'cppcheck' to perform static code analysis on C / C++ code\n"}
[10.851146] (slam_gmapping) StdoutLine: {'line': b'-- Configured cppcheck include dirs: /home/sunrise/Robot_Car/src/slam_gmapping/include\n'}
[10.852097] (slam_gmapping) StdoutLine: {'line': b'-- Configured cppcheck exclude dirs and/or files: \n'}
[10.853754] (slam_gmapping) StdoutLine: {'line': b"-- Added test 'flake8' to check Python code syntax and style conventions\n"}
[10.856541] (slam_gmapping) StdoutLine: {'line': b"-- Added test 'lint_cmake' to check CMake code style\n"}
[10.858941] (slam_gmapping) StdoutLine: {'line': b"-- Added test 'pep257' to check Python code against some of the docstring style conventions in PEP 257\n"}
[10.862902] (slam_gmapping) StdoutLine: {'line': b"-- Added test 'uncrustify' to check C / C++ code style\n"}
[10.863817] (-) TimerEvent: {}
[10.865045] (slam_gmapping) StdoutLine: {'line': b'-- Configured uncrustify additional arguments: \n'}
[10.873898] (slam_gmapping) StdoutLine: {'line': b"-- Added test 'xmllint' to check XML markup files\n"}
[10.874793] (slam_gmapping) StdoutLine: {'line': b'-- Configuring done\n'}
[10.917568] (car_base_driver) StdoutLine: {'line': b'running install_data\n'}
[10.920620] (car_base_driver) StdoutLine: {'line': b'copying resource/car_base_driver -> /home/sunrise/Robot_Car/install/car_base_driver/share/ament_index/resource_index/packages\n'}
[10.922656] (car_base_driver) StdoutLine: {'line': b'copying package.xml -> /home/sunrise/Robot_Car/install/car_base_driver/share/car_base_driver\n'}
[10.927972] (car_base_driver) StdoutLine: {'line': b'copying launch/base_driver.launch.py -> /home/sunrise/Robot_Car/install/car_base_driver/share/car_base_driver/launch\n'}
[10.929129] (car_base_driver) StdoutLine: {'line': b'copying config/base_driver.yaml -> /home/sunrise/Robot_Car/install/car_base_driver/share/car_base_driver/config\n'}
[10.930365] (car_base_driver) StdoutLine: {'line': b'running install_egg_info\n'}
[10.960088] (slam_gmapping) StdoutLine: {'line': b'-- Generating done\n'}
[10.964140] (-) TimerEvent: {}
[11.003194] (slam_gmapping) StdoutLine: {'line': b'-- Build files have been written to: /home/sunrise/Robot_Car/build/slam_gmapping\n'}
[11.019826] (car_control_tools) StderrLine: {'line': b"/usr/local/lib/python3.10/dist-packages/setuptools/_distutils/dist.py:289: UserWarning: Unknown distribution option: 'tests_require'\n"}
[11.021035] (car_control_tools) StderrLine: {'line': b'  warnings.warn(msg)\n'}
[11.064399] (-) TimerEvent: {}
[11.080888] (slam_gmapping) CommandEnded: {'returncode': 0}
[11.084771] (slam_gmapping) JobProgress: {'identifier': 'slam_gmapping', 'progress': 'build'}
[11.086964] (slam_gmapping) Command: {'cmd': ['/usr/bin/cmake', '--build', '/home/sunrise/Robot_Car/build/slam_gmapping', '--', '-j4', '-l4'], 'cwd': '/home/sunrise/Robot_Car/build/slam_gmapping', 'env': OrderedDict([('LANGUAGE', 'zh_CN'), ('USER', 'sunrise'), ('XDG_SEAT', 'seat0'), ('SSH_AGENT_PID', '4283'), ('XDG_SESSION_TYPE', 'x11'), ('SHLVL', '1'), ('LD_LIBRARY_PATH', '/home/sunrise/Robot_Car/install/openslam_gmapping/lib:/opt/ros/humble/opt/rviz_ogre_vendor/lib:/opt/ros/humble/lib/aarch64-linux-gnu:/opt/ros/humble/lib'), ('HOME', '/home/sunrise'), ('OLDPWD', '/home/sunrise/Robot_Car'), ('DESKTOP_SESSION', 'xfce'), ('ROS_PYTHON_VERSION', '3'), ('XDG_SEAT_PATH', '/org/freedesktop/DisplayManager/Seat0'), ('DBUS_SESSION_BUS_ADDRESS', 'unix:path=/run/user/1000/bus'), ('COLORTERM', 'truecolor'), ('ROS_DISTRO', 'humble'), ('GTK_IM_MODULE', 'ibus'), ('LOGNAME', 'sunrise'), ('WINDOWID', '67119595'), ('_', '/usr/bin/colcon'), ('ROS_VERSION', '2'), ('XDG_SESSION_CLASS', 'user'), ('TERM', 'xterm-256color'), ('XDG_SESSION_ID', 'c2'), ('ROS_LOCALHOST_ONLY', '0'), ('PATH', '/opt/ros/humble/bin:/usr/local/sbin:/usr/local/bin:/usr/sbin:/usr/bin:/sbin:/bin:/usr/games:/usr/local/games:/snap/bin'), ('SESSION_MANAGER', 'local/ubuntu:@/tmp/.ICE-unix/3780,unix/ubuntu:/tmp/.ICE-unix/3780'), ('GDM_LANG', 'zh_CN'), ('XDG_SESSION_PATH', '/org/freedesktop/DisplayManager/Session0'), ('XDG_MENU_PREFIX', 'xfce-'), ('XDG_RUNTIME_DIR', '/run/user/1000'), ('DISPLAY', ':0.0'), ('LANG', 'zh_CN.UTF-8'), ('XDG_CURRENT_DESKTOP', 'XFCE'), ('XMODIFIERS', '@im=ibus'), ('XDG_SESSION_DESKTOP', 'xfce'), ('XAUTHORITY', '/home/sunrise/.Xauthority'), ('LS_COLORS', 'rs=0:di=01;34:ln=01;36:mh=00:pi=40;33:so=01;35:do=01;35:bd=40;33;01:cd=40;33;01:or=40;31;01:mi=00:su=37;41:sg=30;43:ca=30;41:tw=30;42:ow=34;42:st=37;44:ex=01;32:*.tar=01;31:*.tgz=01;31:*.arc=01;31:*.arj=01;31:*.taz=01;31:*.lha=01;31:*.lz4=01;31:*.lzh=01;31:*.lzma=01;31:*.tlz=01;31:*.txz=01;31:*.tzo=01;31:*.t7z=01;31:*.zip=01;31:*.z=01;31:*.dz=01;31:*.gz=01;31:*.lrz=01;31:*.lz=01;31:*.lzo=01;31:*.xz=01;31:*.zst=01;31:*.tzst=01;31:*.bz2=01;31:*.bz=01;31:*.tbz=01;31:*.tbz2=01;31:*.tz=01;31:*.deb=01;31:*.rpm=01;31:*.jar=01;31:*.war=01;31:*.ear=01;31:*.sar=01;31:*.rar=01;31:*.alz=01;31:*.ace=01;31:*.zoo=01;31:*.cpio=01;31:*.7z=01;31:*.rz=01;31:*.cab=01;31:*.wim=01;31:*.swm=01;31:*.dwm=01;31:*.esd=01;31:*.jpg=01;35:*.jpeg=01;35:*.mjpg=01;35:*.mjpeg=01;35:*.gif=01;35:*.bmp=01;35:*.pbm=01;35:*.pgm=01;35:*.ppm=01;35:*.tga=01;35:*.xbm=01;35:*.xpm=01;35:*.tif=01;35:*.tiff=01;35:*.png=01;35:*.svg=01;35:*.svgz=01;35:*.mng=01;35:*.pcx=01;35:*.mov=01;35:*.mpg=01;35:*.mpeg=01;35:*.m2v=01;35:*.mkv=01;35:*.webm=01;35:*.webp=01;35:*.ogm=01;35:*.mp4=01;35:*.m4v=01;35:*.mp4v=01;35:*.vob=01;35:*.qt=01;35:*.nuv=01;35:*.wmv=01;35:*.asf=01;35:*.rm=01;35:*.rmvb=01;35:*.flc=01;35:*.avi=01;35:*.fli=01;35:*.flv=01;35:*.gl=01;35:*.dl=01;35:*.xcf=01;35:*.xwd=01;35:*.yuv=01;35:*.cgm=01;35:*.emf=01;35:*.ogv=01;35:*.ogx=01;35:*.aac=00;36:*.au=00;36:*.flac=00;36:*.m4a=00;36:*.mid=00;36:*.midi=00;36:*.mka=00;36:*.mp3=00;36:*.mpc=00;36:*.ogg=00;36:*.ra=00;36:*.wav=00;36:*.oga=00;36:*.opus=00;36:*.spx=00;36:*.xspf=00;36:'), ('SSH_AUTH_SOCK', '/tmp/ssh-XXXXXX0nnUTh/agent.4275'), ('ROS_DOMAIN_ID', '0'), ('XDG_GREETER_DATA_DIR', '/var/lib/lightdm-data/sunrise'), ('AMENT_PREFIX_PATH', '/home/sunrise/Robot_Car/install/openslam_gmapping:/opt/ros/humble'), ('SHELL', '/bin/bash'), ('GDMSESSION', 'xfce'), ('QT_IM_MODULE', 'ibus'), ('XDG_VTNR', '7'), ('PWD', '/home/sunrise/Robot_Car/build/slam_gmapping'), ('XDG_CONFIG_DIRS', '/etc/xdg/xdg-xfce:/etc/xdg:/etc/xdg'), ('CLUTTER_IM_MODULE', 'ibus'), ('XDG_DATA_DIRS', '/usr/share/xfce4:/usr/local/share/:/usr/share/:/usr/share'), ('PYTHONPATH', '/opt/ros/humble/lib/python3.10/site-packages:/opt/ros/humble/local/lib/python3.10/dist-packages'), ('COLCON', '1'), ('VTE_VERSION', '6800'), ('CMAKE_PREFIX_PATH', '/home/sunrise/Robot_Car/install/openslam_gmapping:/opt/ros/humble')]), 'shell': False}
[11.147545] (car_base_driver) StdoutLine: {'line': b"removing '/home/sunrise/Robot_Car/install/car_base_driver/lib/python3.10/site-packages/car_base_driver-0.0.1-py3.10.egg-info' (and everything under it)\n"}
[11.150607] (car_base_driver) StdoutLine: {'line': b'Copying ../../build/car_base_driver/car_base_driver.egg-info to /home/sunrise/Robot_Car/install/car_base_driver/lib/python3.10/site-packages/car_base_driver-0.0.1-py3.10.egg-info\n'}
[11.157418] (car_base_driver) StdoutLine: {'line': b'running install_scripts\n'}
[11.164624] (-) TimerEvent: {}
[11.266031] (-) TimerEvent: {}
[11.278265] (slam_gmapping) StdoutLine: {'line': b'\x1b[35m\x1b[1mConsolidate compiler generated dependencies of target slam_gmapping\x1b[0m\n'}
[11.366271] (-) TimerEvent: {}
[11.371994] (slam_gmapping) StdoutLine: {'line': b'[100%] Built target slam_gmapping\n'}
[11.421912] (slam_gmapping) CommandEnded: {'returncode': 0}
[11.425946] (slam_gmapping) JobProgress: {'identifier': 'slam_gmapping', 'progress': 'install'}
[11.427976] (slam_gmapping) Command: {'cmd': ['/usr/bin/cmake', '--install', '/home/sunrise/Robot_Car/build/slam_gmapping'], 'cwd': '/home/sunrise/Robot_Car/build/slam_gmapping', 'env': OrderedDict([('LANGUAGE', 'zh_CN'), ('USER', 'sunrise'), ('XDG_SEAT', 'seat0'), ('SSH_AGENT_PID', '4283'), ('XDG_SESSION_TYPE', 'x11'), ('SHLVL', '1'), ('LD_LIBRARY_PATH', '/home/sunrise/Robot_Car/install/openslam_gmapping/lib:/opt/ros/humble/opt/rviz_ogre_vendor/lib:/opt/ros/humble/lib/aarch64-linux-gnu:/opt/ros/humble/lib'), ('HOME', '/home/sunrise'), ('OLDPWD', '/home/sunrise/Robot_Car'), ('DESKTOP_SESSION', 'xfce'), ('ROS_PYTHON_VERSION', '3'), ('XDG_SEAT_PATH', '/org/freedesktop/DisplayManager/Seat0'), ('DBUS_SESSION_BUS_ADDRESS', 'unix:path=/run/user/1000/bus'), ('COLORTERM', 'truecolor'), ('ROS_DISTRO', 'humble'), ('GTK_IM_MODULE', 'ibus'), ('LOGNAME', 'sunrise'), ('WINDOWID', '67119595'), ('_', '/usr/bin/colcon'), ('ROS_VERSION', '2'), ('XDG_SESSION_CLASS', 'user'), ('TERM', 'xterm-256color'), ('XDG_SESSION_ID', 'c2'), ('ROS_LOCALHOST_ONLY', '0'), ('PATH', '/opt/ros/humble/bin:/usr/local/sbin:/usr/local/bin:/usr/sbin:/usr/bin:/sbin:/bin:/usr/games:/usr/local/games:/snap/bin'), ('SESSION_MANAGER', 'local/ubuntu:@/tmp/.ICE-unix/3780,unix/ubuntu:/tmp/.ICE-unix/3780'), ('GDM_LANG', 'zh_CN'), ('XDG_SESSION_PATH', '/org/freedesktop/DisplayManager/Session0'), ('XDG_MENU_PREFIX', 'xfce-'), ('XDG_RUNTIME_DIR', '/run/user/1000'), ('DISPLAY', ':0.0'), ('LANG', 'zh_CN.UTF-8'), ('XDG_CURRENT_DESKTOP', 'XFCE'), ('XMODIFIERS', '@im=ibus'), ('XDG_SESSION_DESKTOP', 'xfce'), ('XAUTHORITY', '/home/sunrise/.Xauthority'), ('LS_COLORS', 'rs=0:di=01;34:ln=01;36:mh=00:pi=40;33:so=01;35:do=01;35:bd=40;33;01:cd=40;33;01:or=40;31;01:mi=00:su=37;41:sg=30;43:ca=30;41:tw=30;42:ow=34;42:st=37;44:ex=01;32:*.tar=01;31:*.tgz=01;31:*.arc=01;31:*.arj=01;31:*.taz=01;31:*.lha=01;31:*.lz4=01;31:*.lzh=01;31:*.lzma=01;31:*.tlz=01;31:*.txz=01;31:*.tzo=01;31:*.t7z=01;31:*.zip=01;31:*.z=01;31:*.dz=01;31:*.gz=01;31:*.lrz=01;31:*.lz=01;31:*.lzo=01;31:*.xz=01;31:*.zst=01;31:*.tzst=01;31:*.bz2=01;31:*.bz=01;31:*.tbz=01;31:*.tbz2=01;31:*.tz=01;31:*.deb=01;31:*.rpm=01;31:*.jar=01;31:*.war=01;31:*.ear=01;31:*.sar=01;31:*.rar=01;31:*.alz=01;31:*.ace=01;31:*.zoo=01;31:*.cpio=01;31:*.7z=01;31:*.rz=01;31:*.cab=01;31:*.wim=01;31:*.swm=01;31:*.dwm=01;31:*.esd=01;31:*.jpg=01;35:*.jpeg=01;35:*.mjpg=01;35:*.mjpeg=01;35:*.gif=01;35:*.bmp=01;35:*.pbm=01;35:*.pgm=01;35:*.ppm=01;35:*.tga=01;35:*.xbm=01;35:*.xpm=01;35:*.tif=01;35:*.tiff=01;35:*.png=01;35:*.svg=01;35:*.svgz=01;35:*.mng=01;35:*.pcx=01;35:*.mov=01;35:*.mpg=01;35:*.mpeg=01;35:*.m2v=01;35:*.mkv=01;35:*.webm=01;35:*.webp=01;35:*.ogm=01;35:*.mp4=01;35:*.m4v=01;35:*.mp4v=01;35:*.vob=01;35:*.qt=01;35:*.nuv=01;35:*.wmv=01;35:*.asf=01;35:*.rm=01;35:*.rmvb=01;35:*.flc=01;35:*.avi=01;35:*.fli=01;35:*.flv=01;35:*.gl=01;35:*.dl=01;35:*.xcf=01;35:*.xwd=01;35:*.yuv=01;35:*.cgm=01;35:*.emf=01;35:*.ogv=01;35:*.ogx=01;35:*.aac=00;36:*.au=00;36:*.flac=00;36:*.m4a=00;36:*.mid=00;36:*.midi=00;36:*.mka=00;36:*.mp3=00;36:*.mpc=00;36:*.ogg=00;36:*.ra=00;36:*.wav=00;36:*.oga=00;36:*.opus=00;36:*.spx=00;36:*.xspf=00;36:'), ('SSH_AUTH_SOCK', '/tmp/ssh-XXXXXX0nnUTh/agent.4275'), ('ROS_DOMAIN_ID', '0'), ('XDG_GREETER_DATA_DIR', '/var/lib/lightdm-data/sunrise'), ('AMENT_PREFIX_PATH', '/home/sunrise/Robot_Car/install/openslam_gmapping:/opt/ros/humble'), ('SHELL', '/bin/bash'), ('GDMSESSION', 'xfce'), ('QT_IM_MODULE', 'ibus'), ('XDG_VTNR', '7'), ('PWD', '/home/sunrise/Robot_Car/build/slam_gmapping'), ('XDG_CONFIG_DIRS', '/etc/xdg/xdg-xfce:/etc/xdg:/etc/xdg'), ('CLUTTER_IM_MODULE', 'ibus'), ('XDG_DATA_DIRS', '/usr/share/xfce4:/usr/local/share/:/usr/share/:/usr/share'), ('PYTHONPATH', '/opt/ros/humble/lib/python3.10/site-packages:/opt/ros/humble/local/lib/python3.10/dist-packages'), ('COLCON', '1'), ('VTE_VERSION', '6800'), ('CMAKE_PREFIX_PATH', '/home/sunrise/Robot_Car/install/openslam_gmapping:/opt/ros/humble')]), 'shell': False}
[11.463608] (slam_gmapping) StdoutLine: {'line': b'-- Install configuration: "Release"\n'}
[11.466002] (slam_gmapping) StdoutLine: {'line': b'-- Execute custom install script\n'}
[11.467039] (-) TimerEvent: {}
[11.468505] (slam_gmapping) StdoutLine: {'line': b'-- Up-to-date symlink: /home/sunrise/Robot_Car/install/slam_gmapping/lib/slam_gmapping/slam_gmapping\n'}
[11.469928] (slam_gmapping) StdoutLine: {'line': b'-- Up-to-date symlink: /home/sunrise/Robot_Car/install/slam_gmapping/share/slam_gmapping/launch/slam_gmapping.launch.py\n'}
[11.471561] (slam_gmapping) StdoutLine: {'line': b'-- Up-to-date symlink: /home/sunrise/Robot_Car/install/slam_gmapping/share/ament_index/resource_index/package_run_dependencies/slam_gmapping\n'}
[11.472808] (slam_gmapping) StdoutLine: {'line': b'-- Up-to-date symlink: /home/sunrise/Robot_Car/install/slam_gmapping/share/ament_index/resource_index/parent_prefix_path/slam_gmapping\n'}
[11.474008] (slam_gmapping) StdoutLine: {'line': b'-- Up-to-date symlink: /home/sunrise/Robot_Car/install/slam_gmapping/share/slam_gmapping/environment/ament_prefix_path.sh\n'}
[11.475329] (slam_gmapping) StdoutLine: {'line': b'-- Up-to-date symlink: /home/sunrise/Robot_Car/install/slam_gmapping/share/slam_gmapping/environment/ament_prefix_path.dsv\n'}
[11.476650] (slam_gmapping) StdoutLine: {'line': b'-- Up-to-date symlink: /home/sunrise/Robot_Car/install/slam_gmapping/share/slam_gmapping/environment/path.sh\n'}
[11.477932] (slam_gmapping) StdoutLine: {'line': b'-- Up-to-date symlink: /home/sunrise/Robot_Car/install/slam_gmapping/share/slam_gmapping/environment/path.dsv\n'}
[11.480379] (slam_gmapping) StdoutLine: {'line': b'-- Up-to-date symlink: /home/sunrise/Robot_Car/install/slam_gmapping/share/slam_gmapping/local_setup.bash\n'}
[11.481568] (slam_gmapping) StdoutLine: {'line': b'-- Up-to-date symlink: /home/sunrise/Robot_Car/install/slam_gmapping/share/slam_gmapping/local_setup.sh\n'}
[11.482923] (slam_gmapping) StdoutLine: {'line': b'-- Up-to-date symlink: /home/sunrise/Robot_Car/install/slam_gmapping/share/slam_gmapping/local_setup.zsh\n'}
[11.484132] (slam_gmapping) StdoutLine: {'line': b'-- Up-to-date symlink: /home/sunrise/Robot_Car/install/slam_gmapping/share/slam_gmapping/local_setup.dsv\n'}
[11.485086] (slam_gmapping) StdoutLine: {'line': b'-- Symlinking: /home/sunrise/Robot_Car/install/slam_gmapping/share/slam_gmapping/package.dsv\n'}
[11.524055] (slam_gmapping) StdoutLine: {'line': b'-- Up-to-date symlink: /home/sunrise/Robot_Car/install/slam_gmapping/share/ament_index/resource_index/packages/slam_gmapping\n'}
[11.525453] (slam_gmapping) StdoutLine: {'line': b'-- Up-to-date symlink: /home/sunrise/Robot_Car/install/slam_gmapping/share/slam_gmapping/cmake/slam_gmappingConfig.cmake\n'}
[11.535774] (slam_gmapping) StdoutLine: {'line': b'-- Up-to-date symlink: /home/sunrise/Robot_Car/install/slam_gmapping/share/slam_gmapping/cmake/slam_gmappingConfig-version.cmake\n'}
[11.537476] (slam_gmapping) StdoutLine: {'line': b'-- Up-to-date symlink: /home/sunrise/Robot_Car/install/slam_gmapping/share/slam_gmapping/package.xml\n'}
[11.541142] (slam_gmapping) CommandEnded: {'returncode': 0}
[11.569612] (-) TimerEvent: {}
[11.573973] (car_base_driver) StdoutLine: {'line': b'Installing serial_driver script to /home/sunrise/Robot_Car/install/car_base_driver/lib/car_base_driver\n'}
[11.578186] (car_base_driver) StdoutLine: {'line': b"writing list of installed files to '/home/sunrise/Robot_Car/build/car_base_driver/install.log'\n"}
[11.659272] (slam_gmapping) JobEnded: {'identifier': 'slam_gmapping', 'rc': 0}
[11.669830] (-) TimerEvent: {}
[11.770837] (-) TimerEvent: {}
[11.853063] (car_base_driver) CommandEnded: {'returncode': 0}
[11.871454] (-) TimerEvent: {}
[11.909007] (car_base_driver) JobEnded: {'identifier': 'car_base_driver', 'rc': 0}
[11.916449] (car_navigation) JobStarted: {'identifier': 'car_navigation'}
[11.968398] (car_navigation) JobProgress: {'identifier': 'car_navigation', 'progress': 'cmake'}
[11.971728] (-) TimerEvent: {}
[11.974324] (car_navigation) JobProgress: {'identifier': 'car_navigation', 'progress': 'build'}
[11.977021] (car_navigation) Command: {'cmd': ['/usr/bin/cmake', '--build', '/home/sunrise/Robot_Car/build/car_navigation', '--', '-j4', '-l4'], 'cwd': '/home/sunrise/Robot_Car/build/car_navigation', 'env': OrderedDict([('LANGUAGE', 'zh_CN'), ('USER', 'sunrise'), ('XDG_SEAT', 'seat0'), ('SSH_AGENT_PID', '4283'), ('XDG_SESSION_TYPE', 'x11'), ('SHLVL', '1'), ('LD_LIBRARY_PATH', '/opt/ros/humble/opt/rviz_ogre_vendor/lib:/opt/ros/humble/lib/aarch64-linux-gnu:/opt/ros/humble/lib'), ('HOME', '/home/sunrise'), ('OLDPWD', '/home/sunrise/Robot_Car'), ('DESKTOP_SESSION', 'xfce'), ('ROS_PYTHON_VERSION', '3'), ('XDG_SEAT_PATH', '/org/freedesktop/DisplayManager/Seat0'), ('DBUS_SESSION_BUS_ADDRESS', 'unix:path=/run/user/1000/bus'), ('COLORTERM', 'truecolor'), ('ROS_DISTRO', 'humble'), ('GTK_IM_MODULE', 'ibus'), ('LOGNAME', 'sunrise'), ('WINDOWID', '67119595'), ('_', '/usr/bin/colcon'), ('ROS_VERSION', '2'), ('XDG_SESSION_CLASS', 'user'), ('TERM', 'xterm-256color'), ('XDG_SESSION_ID', 'c2'), ('ROS_LOCALHOST_ONLY', '0'), ('PATH', '/opt/ros/humble/bin:/usr/local/sbin:/usr/local/bin:/usr/sbin:/usr/bin:/sbin:/bin:/usr/games:/usr/local/games:/snap/bin'), ('SESSION_MANAGER', 'local/ubuntu:@/tmp/.ICE-unix/3780,unix/ubuntu:/tmp/.ICE-unix/3780'), ('GDM_LANG', 'zh_CN'), ('XDG_SESSION_PATH', '/org/freedesktop/DisplayManager/Session0'), ('XDG_MENU_PREFIX', 'xfce-'), ('XDG_RUNTIME_DIR', '/run/user/1000'), ('DISPLAY', ':0.0'), ('LANG', 'zh_CN.UTF-8'), ('XDG_CURRENT_DESKTOP', 'XFCE'), ('XMODIFIERS', '@im=ibus'), ('XDG_SESSION_DESKTOP', 'xfce'), ('XAUTHORITY', '/home/sunrise/.Xauthority'), ('LS_COLORS', 'rs=0:di=01;34:ln=01;36:mh=00:pi=40;33:so=01;35:do=01;35:bd=40;33;01:cd=40;33;01:or=40;31;01:mi=00:su=37;41:sg=30;43:ca=30;41:tw=30;42:ow=34;42:st=37;44:ex=01;32:*.tar=01;31:*.tgz=01;31:*.arc=01;31:*.arj=01;31:*.taz=01;31:*.lha=01;31:*.lz4=01;31:*.lzh=01;31:*.lzma=01;31:*.tlz=01;31:*.txz=01;31:*.tzo=01;31:*.t7z=01;31:*.zip=01;31:*.z=01;31:*.dz=01;31:*.gz=01;31:*.lrz=01;31:*.lz=01;31:*.lzo=01;31:*.xz=01;31:*.zst=01;31:*.tzst=01;31:*.bz2=01;31:*.bz=01;31:*.tbz=01;31:*.tbz2=01;31:*.tz=01;31:*.deb=01;31:*.rpm=01;31:*.jar=01;31:*.war=01;31:*.ear=01;31:*.sar=01;31:*.rar=01;31:*.alz=01;31:*.ace=01;31:*.zoo=01;31:*.cpio=01;31:*.7z=01;31:*.rz=01;31:*.cab=01;31:*.wim=01;31:*.swm=01;31:*.dwm=01;31:*.esd=01;31:*.jpg=01;35:*.jpeg=01;35:*.mjpg=01;35:*.mjpeg=01;35:*.gif=01;35:*.bmp=01;35:*.pbm=01;35:*.pgm=01;35:*.ppm=01;35:*.tga=01;35:*.xbm=01;35:*.xpm=01;35:*.tif=01;35:*.tiff=01;35:*.png=01;35:*.svg=01;35:*.svgz=01;35:*.mng=01;35:*.pcx=01;35:*.mov=01;35:*.mpg=01;35:*.mpeg=01;35:*.m2v=01;35:*.mkv=01;35:*.webm=01;35:*.webp=01;35:*.ogm=01;35:*.mp4=01;35:*.m4v=01;35:*.mp4v=01;35:*.vob=01;35:*.qt=01;35:*.nuv=01;35:*.wmv=01;35:*.asf=01;35:*.rm=01;35:*.rmvb=01;35:*.flc=01;35:*.avi=01;35:*.fli=01;35:*.flv=01;35:*.gl=01;35:*.dl=01;35:*.xcf=01;35:*.xwd=01;35:*.yuv=01;35:*.cgm=01;35:*.emf=01;35:*.ogv=01;35:*.ogx=01;35:*.aac=00;36:*.au=00;36:*.flac=00;36:*.m4a=00;36:*.mid=00;36:*.midi=00;36:*.mka=00;36:*.mp3=00;36:*.mpc=00;36:*.ogg=00;36:*.ra=00;36:*.wav=00;36:*.oga=00;36:*.opus=00;36:*.spx=00;36:*.xspf=00;36:'), ('SSH_AUTH_SOCK', '/tmp/ssh-XXXXXX0nnUTh/agent.4275'), ('ROS_DOMAIN_ID', '0'), ('XDG_GREETER_DATA_DIR', '/var/lib/lightdm-data/sunrise'), ('AMENT_PREFIX_PATH', '/home/sunrise/Robot_Car/install/ydlidar_ros2_driver:/home/sunrise/Robot_Car/install/car_model_urdf:/home/sunrise/Robot_Car/install/car_base_driver:/opt/ros/humble'), ('SHELL', '/bin/bash'), ('GDMSESSION', 'xfce'), ('QT_IM_MODULE', 'ibus'), ('XDG_VTNR', '7'), ('PWD', '/home/sunrise/Robot_Car/build/car_navigation'), ('XDG_CONFIG_DIRS', '/etc/xdg/xdg-xfce:/etc/xdg:/etc/xdg'), ('CLUTTER_IM_MODULE', 'ibus'), ('XDG_DATA_DIRS', '/usr/share/xfce4:/usr/local/share/:/usr/share/:/usr/share'), ('PYTHONPATH', '/home/sunrise/Robot_Car/install/car_base_driver/lib/python3.10/site-packages:/opt/ros/humble/lib/python3.10/site-packages:/opt/ros/humble/local/lib/python3.10/dist-packages'), ('COLCON', '1'), ('VTE_VERSION', '6800'), ('CMAKE_PREFIX_PATH', '/home/sunrise/Robot_Car/install/ydlidar_ros2_driver:/home/sunrise/Robot_Car/install/car_model_urdf:/opt/ros/humble')]), 'shell': False}
[12.071965] (-) TimerEvent: {}
[12.170982] (car_navigation) CommandEnded: {'returncode': 0}
[12.173853] (-) TimerEvent: {}
[12.174819] (car_navigation) JobProgress: {'identifier': 'car_navigation', 'progress': 'install'}
[12.176611] (car_navigation) Command: {'cmd': ['/usr/bin/cmake', '--install', '/home/sunrise/Robot_Car/build/car_navigation'], 'cwd': '/home/sunrise/Robot_Car/build/car_navigation', 'env': OrderedDict([('LANGUAGE', 'zh_CN'), ('USER', 'sunrise'), ('XDG_SEAT', 'seat0'), ('SSH_AGENT_PID', '4283'), ('XDG_SESSION_TYPE', 'x11'), ('SHLVL', '1'), ('LD_LIBRARY_PATH', '/opt/ros/humble/opt/rviz_ogre_vendor/lib:/opt/ros/humble/lib/aarch64-linux-gnu:/opt/ros/humble/lib'), ('HOME', '/home/sunrise'), ('OLDPWD', '/home/sunrise/Robot_Car'), ('DESKTOP_SESSION', 'xfce'), ('ROS_PYTHON_VERSION', '3'), ('XDG_SEAT_PATH', '/org/freedesktop/DisplayManager/Seat0'), ('DBUS_SESSION_BUS_ADDRESS', 'unix:path=/run/user/1000/bus'), ('COLORTERM', 'truecolor'), ('ROS_DISTRO', 'humble'), ('GTK_IM_MODULE', 'ibus'), ('LOGNAME', 'sunrise'), ('WINDOWID', '67119595'), ('_', '/usr/bin/colcon'), ('ROS_VERSION', '2'), ('XDG_SESSION_CLASS', 'user'), ('TERM', 'xterm-256color'), ('XDG_SESSION_ID', 'c2'), ('ROS_LOCALHOST_ONLY', '0'), ('PATH', '/opt/ros/humble/bin:/usr/local/sbin:/usr/local/bin:/usr/sbin:/usr/bin:/sbin:/bin:/usr/games:/usr/local/games:/snap/bin'), ('SESSION_MANAGER', 'local/ubuntu:@/tmp/.ICE-unix/3780,unix/ubuntu:/tmp/.ICE-unix/3780'), ('GDM_LANG', 'zh_CN'), ('XDG_SESSION_PATH', '/org/freedesktop/DisplayManager/Session0'), ('XDG_MENU_PREFIX', 'xfce-'), ('XDG_RUNTIME_DIR', '/run/user/1000'), ('DISPLAY', ':0.0'), ('LANG', 'zh_CN.UTF-8'), ('XDG_CURRENT_DESKTOP', 'XFCE'), ('XMODIFIERS', '@im=ibus'), ('XDG_SESSION_DESKTOP', 'xfce'), ('XAUTHORITY', '/home/sunrise/.Xauthority'), ('LS_COLORS', 'rs=0:di=01;34:ln=01;36:mh=00:pi=40;33:so=01;35:do=01;35:bd=40;33;01:cd=40;33;01:or=40;31;01:mi=00:su=37;41:sg=30;43:ca=30;41:tw=30;42:ow=34;42:st=37;44:ex=01;32:*.tar=01;31:*.tgz=01;31:*.arc=01;31:*.arj=01;31:*.taz=01;31:*.lha=01;31:*.lz4=01;31:*.lzh=01;31:*.lzma=01;31:*.tlz=01;31:*.txz=01;31:*.tzo=01;31:*.t7z=01;31:*.zip=01;31:*.z=01;31:*.dz=01;31:*.gz=01;31:*.lrz=01;31:*.lz=01;31:*.lzo=01;31:*.xz=01;31:*.zst=01;31:*.tzst=01;31:*.bz2=01;31:*.bz=01;31:*.tbz=01;31:*.tbz2=01;31:*.tz=01;31:*.deb=01;31:*.rpm=01;31:*.jar=01;31:*.war=01;31:*.ear=01;31:*.sar=01;31:*.rar=01;31:*.alz=01;31:*.ace=01;31:*.zoo=01;31:*.cpio=01;31:*.7z=01;31:*.rz=01;31:*.cab=01;31:*.wim=01;31:*.swm=01;31:*.dwm=01;31:*.esd=01;31:*.jpg=01;35:*.jpeg=01;35:*.mjpg=01;35:*.mjpeg=01;35:*.gif=01;35:*.bmp=01;35:*.pbm=01;35:*.pgm=01;35:*.ppm=01;35:*.tga=01;35:*.xbm=01;35:*.xpm=01;35:*.tif=01;35:*.tiff=01;35:*.png=01;35:*.svg=01;35:*.svgz=01;35:*.mng=01;35:*.pcx=01;35:*.mov=01;35:*.mpg=01;35:*.mpeg=01;35:*.m2v=01;35:*.mkv=01;35:*.webm=01;35:*.webp=01;35:*.ogm=01;35:*.mp4=01;35:*.m4v=01;35:*.mp4v=01;35:*.vob=01;35:*.qt=01;35:*.nuv=01;35:*.wmv=01;35:*.asf=01;35:*.rm=01;35:*.rmvb=01;35:*.flc=01;35:*.avi=01;35:*.fli=01;35:*.flv=01;35:*.gl=01;35:*.dl=01;35:*.xcf=01;35:*.xwd=01;35:*.yuv=01;35:*.cgm=01;35:*.emf=01;35:*.ogv=01;35:*.ogx=01;35:*.aac=00;36:*.au=00;36:*.flac=00;36:*.m4a=00;36:*.mid=00;36:*.midi=00;36:*.mka=00;36:*.mp3=00;36:*.mpc=00;36:*.ogg=00;36:*.ra=00;36:*.wav=00;36:*.oga=00;36:*.opus=00;36:*.spx=00;36:*.xspf=00;36:'), ('SSH_AUTH_SOCK', '/tmp/ssh-XXXXXX0nnUTh/agent.4275'), ('ROS_DOMAIN_ID', '0'), ('XDG_GREETER_DATA_DIR', '/var/lib/lightdm-data/sunrise'), ('AMENT_PREFIX_PATH', '/home/sunrise/Robot_Car/install/ydlidar_ros2_driver:/home/sunrise/Robot_Car/install/car_model_urdf:/home/sunrise/Robot_Car/install/car_base_driver:/opt/ros/humble'), ('SHELL', '/bin/bash'), ('GDMSESSION', 'xfce'), ('QT_IM_MODULE', 'ibus'), ('XDG_VTNR', '7'), ('PWD', '/home/sunrise/Robot_Car/build/car_navigation'), ('XDG_CONFIG_DIRS', '/etc/xdg/xdg-xfce:/etc/xdg:/etc/xdg'), ('CLUTTER_IM_MODULE', 'ibus'), ('XDG_DATA_DIRS', '/usr/share/xfce4:/usr/local/share/:/usr/share/:/usr/share'), ('PYTHONPATH', '/home/sunrise/Robot_Car/install/car_base_driver/lib/python3.10/site-packages:/opt/ros/humble/lib/python3.10/site-packages:/opt/ros/humble/local/lib/python3.10/dist-packages'), ('COLCON', '1'), ('VTE_VERSION', '6800'), ('CMAKE_PREFIX_PATH', '/home/sunrise/Robot_Car/install/ydlidar_ros2_driver:/home/sunrise/Robot_Car/install/car_model_urdf:/opt/ros/humble')]), 'shell': False}
[12.211774] (car_navigation) StdoutLine: {'line': b'-- Install configuration: ""\n'}
[12.221307] (car_navigation) StdoutLine: {'line': b'-- Up-to-date: /home/sunrise/Robot_Car/install/car_navigation/share/car_navigation/config\n'}
[12.222919] (car_navigation) StdoutLine: {'line': b'-- Up-to-date: /home/sunrise/Robot_Car/install/car_navigation/share/car_navigation/config/cartographer_2d.lua\n'}
[12.223791] (car_navigation) StdoutLine: {'line': b'-- Up-to-date: /home/sunrise/Robot_Car/install/car_navigation/share/car_navigation/config/nav2_params.yaml\n'}
[12.224584] (car_navigation) StdoutLine: {'line': b'-- Up-to-date: /home/sunrise/Robot_Car/install/car_navigation/share/car_navigation/config/ekf.yaml\n'}
[12.225361] (car_navigation) StdoutLine: {'line': b'-- Up-to-date: /home/sunrise/Robot_Car/install/car_navigation/share/car_navigation/config/slam_toolbox.yaml\n'}
[12.226074] (car_navigation) StdoutLine: {'line': b'-- Up-to-date: /home/sunrise/Robot_Car/install/car_navigation/share/car_navigation/launch\n'}
[12.227444] (car_navigation) StdoutLine: {'line': b'-- Up-to-date: /home/sunrise/Robot_Car/install/car_navigation/share/car_navigation/launch/robot_bringup.launch.py\n'}
[12.231166] (car_navigation) StdoutLine: {'line': b'-- Up-to-date: /home/sunrise/Robot_Car/install/car_navigation/share/car_navigation/launch/mapping.launch.py\n'}
[12.233871] (car_navigation) StdoutLine: {'line': b'-- Up-to-date: /home/sunrise/Robot_Car/install/car_navigation/share/car_navigation/launch/navigation.launch.py\n'}
[12.240017] (car_navigation) StdoutLine: {'line': b'-- Up-to-date: /home/sunrise/Robot_Car/install/car_navigation/share/car_navigation/launch/cartographer_mapping.launch.py\n'}
[12.242242] (car_navigation) StdoutLine: {'line': b'-- Up-to-date: /home/sunrise/Robot_Car/install/car_navigation/share/ament_index/resource_index/package_run_dependencies/car_navigation\n'}
[12.243919] (car_navigation) StdoutLine: {'line': b'-- Up-to-date: /home/sunrise/Robot_Car/install/car_navigation/share/ament_index/resource_index/parent_prefix_path/car_navigation\n'}
[12.244959] (car_navigation) StdoutLine: {'line': b'-- Up-to-date: /home/sunrise/Robot_Car/install/car_navigation/share/car_navigation/environment/ament_prefix_path.sh\n'}
[12.245804] (car_navigation) StdoutLine: {'line': b'-- Up-to-date: /home/sunrise/Robot_Car/install/car_navigation/share/car_navigation/environment/ament_prefix_path.dsv\n'}
[12.246774] (car_navigation) StdoutLine: {'line': b'-- Up-to-date: /home/sunrise/Robot_Car/install/car_navigation/share/car_navigation/environment/path.sh\n'}
[12.247747] (car_navigation) StdoutLine: {'line': b'-- Up-to-date: /home/sunrise/Robot_Car/install/car_navigation/share/car_navigation/environment/path.dsv\n'}
[12.248638] (car_navigation) StdoutLine: {'line': b'-- Up-to-date: /home/sunrise/Robot_Car/install/car_navigation/share/car_navigation/local_setup.bash\n'}
[12.249541] (car_navigation) StdoutLine: {'line': b'-- Up-to-date: /home/sunrise/Robot_Car/install/car_navigation/share/car_navigation/local_setup.sh\n'}
[12.250387] (car_navigation) StdoutLine: {'line': b'-- Up-to-date: /home/sunrise/Robot_Car/install/car_navigation/share/car_navigation/local_setup.zsh\n'}
[12.251796] (car_navigation) StdoutLine: {'line': b'-- Up-to-date: /home/sunrise/Robot_Car/install/car_navigation/share/car_navigation/local_setup.dsv\n'}
[12.254849] (car_navigation) StdoutLine: {'line': b'-- Installing: /home/sunrise/Robot_Car/install/car_navigation/share/car_navigation/package.dsv\n'}
[12.255782] (car_navigation) StdoutLine: {'line': b'-- Up-to-date: /home/sunrise/Robot_Car/install/car_navigation/share/ament_index/resource_index/packages/car_navigation\n'}
[12.257106] (car_navigation) StdoutLine: {'line': b'-- Up-to-date: /home/sunrise/Robot_Car/install/car_navigation/share/car_navigation/cmake/car_navigationConfig.cmake\n'}
[12.257967] (car_navigation) StdoutLine: {'line': b'-- Up-to-date: /home/sunrise/Robot_Car/install/car_navigation/share/car_navigation/cmake/car_navigationConfig-version.cmake\n'}
[12.258891] (car_navigation) StdoutLine: {'line': b'-- Up-to-date: /home/sunrise/Robot_Car/install/car_navigation/share/car_navigation/package.xml\n'}
[12.259779] (car_navigation) CommandEnded: {'returncode': 0}
[12.274419] (-) TimerEvent: {}
[12.293563] (car_control_tools) StdoutLine: {'line': b'running egg_info\n'}
[12.364478] (car_navigation) JobEnded: {'identifier': 'car_navigation', 'rc': 0}
[12.374588] (-) TimerEvent: {}
[12.464179] (car_control_tools) StdoutLine: {'line': b'writing ../../build/car_control_tools/car_control_tools.egg-info/PKG-INFO\n'}
[12.466607] (car_control_tools) StdoutLine: {'line': b'writing dependency_links to ../../build/car_control_tools/car_control_tools.egg-info/dependency_links.txt\n'}
[12.468215] (car_control_tools) StdoutLine: {'line': b'writing entry points to ../../build/car_control_tools/car_control_tools.egg-info/entry_points.txt\n'}
[12.469698] (car_control_tools) StdoutLine: {'line': b'writing requirements to ../../build/car_control_tools/car_control_tools.egg-info/requires.txt\n'}
[12.471863] (car_control_tools) StdoutLine: {'line': b'writing top-level names to ../../build/car_control_tools/car_control_tools.egg-info/top_level.txt\n'}
[12.475020] (-) TimerEvent: {}
[12.576919] (-) TimerEvent: {}
[12.677691] (-) TimerEvent: {}
[12.747730] (car_control_tools) StdoutLine: {'line': b"reading manifest file '../../build/car_control_tools/car_control_tools.egg-info/SOURCES.txt'\n"}
[12.757443] (car_control_tools) StdoutLine: {'line': b"writing manifest file '../../build/car_control_tools/car_control_tools.egg-info/SOURCES.txt'\n"}
[12.758568] (car_control_tools) StdoutLine: {'line': b'running build\n'}
[12.759657] (car_control_tools) StdoutLine: {'line': b'running build_py\n'}
[12.760465] (car_control_tools) StdoutLine: {'line': b'copying car_control_tools/__init__.py -> /home/sunrise/Robot_Car/build/car_control_tools/build/lib/car_control_tools\n'}
[12.761541] (car_control_tools) StdoutLine: {'line': b'copying car_control_tools/goal_utils.py -> /home/sunrise/Robot_Car/build/car_control_tools/build/lib/car_control_tools\n'}
[12.762896] (car_control_tools) StdoutLine: {'line': b'copying car_control_tools/terminal_goal.py -> /home/sunrise/Robot_Car/build/car_control_tools/build/lib/car_control_tools\n'}
[12.765062] (car_control_tools) StdoutLine: {'line': b'running install\n'}
[12.777851] (-) TimerEvent: {}
[12.799868] (car_control_tools) StdoutLine: {'line': b'running install_lib\n'}
[12.878046] (-) TimerEvent: {}
[12.930469] (car_control_tools) StdoutLine: {'line': b'running install_data\n'}
[12.932278] (car_control_tools) StdoutLine: {'line': b'copying resource/car_control_tools -> /home/sunrise/Robot_Car/install/car_control_tools/share/ament_index/resource_index/packages\n'}
[12.933709] (car_control_tools) StdoutLine: {'line': b'copying package.xml -> /home/sunrise/Robot_Car/install/car_control_tools/share/car_control_tools\n'}
[12.934628] (car_control_tools) StdoutLine: {'line': b'running install_egg_info\n'}
[12.978240] (-) TimerEvent: {}
[13.068175] (car_control_tools) StdoutLine: {'line': b"removing '/home/sunrise/Robot_Car/install/car_control_tools/lib/python3.10/site-packages/car_control_tools-0.0.1-py3.10.egg-info' (and everything under it)\n"}
[13.069600] (car_control_tools) StdoutLine: {'line': b'Copying ../../build/car_control_tools/car_control_tools.egg-info to /home/sunrise/Robot_Car/install/car_control_tools/lib/python3.10/site-packages/car_control_tools-0.0.1-py3.10.egg-info\n'}
[13.075031] (car_control_tools) StdoutLine: {'line': b'running install_scripts\n'}
[13.078414] (-) TimerEvent: {}
[13.179264] (-) TimerEvent: {}
[13.280094] (-) TimerEvent: {}
[13.339606] (car_control_tools) StdoutLine: {'line': b'Installing terminal_goal script to /home/sunrise/Robot_Car/install/car_control_tools/lib/car_control_tools\n'}
[13.343834] (car_control_tools) StdoutLine: {'line': b"writing list of installed files to '/home/sunrise/Robot_Car/build/car_control_tools/install.log'\n"}
[13.380325] (-) TimerEvent: {}
[13.481243] (-) TimerEvent: {}
[13.555732] (car_control_tools) CommandEnded: {'returncode': 0}
[13.583628] (-) TimerEvent: {}
[13.598675] (car_control_tools) JobEnded: {'identifier': 'car_control_tools', 'rc': 0}
[13.603472] (-) EventReactorShutdown: {}
